id,environment_authority,environment_asset,cast_authority,registered_actor_assets,props_authority,rendered_fixture,staging_contract,coverage,exact_files,expected_visible_action,pose_action_judgment
A00:dream,bedroom,assets/rich_bedroom_environment_270x480.png,null,,"[{""src"": ""assets/rich_bedroom_sleeping.png"", ""x"": 78, ""y"": 346}]","{""env"": ""bedroom"", ""placeholder"": false, ""actors"": []}","Director dialogue world/UI split; native270x480 env; actor80x96 anchor40,88 unless frozen metadata overrides; inspect source state/shot for seated/child/boss",INSPECTED WITH FIXTURE,js/data/btf/adventures/w1_opening.js; js/scenes/adventure.js; js/data/art_registry.js; js/data/presentation_assets.js; js/data/btf/environments.js,"[[null, ""rich knocked out"", {}], null]; route={}; fight={}; minigame={}",Approved stillness/off-screen speaker accepted; important action gaps only those identified in ASSET_GAP_MATRIX. No missing image inferred from empty authored props.
A00:floor,ocean_floor,assets/goldfish_years/masters/ocean_floor_base_270x480.png,"{""mid"": ""rich"", ""farLeft"": {""id"": ""soul"", ""look"": {""top"": ""#1c2c44"", ""bottom"": ""#1c2c44"", ""hair"": ""#1c2c44"", ""skin"": ""#2a3a54""}}, ""farRight"": {""id"": ""soul"", ""look"": {""top"": ""#22344c"", ""bottom"": ""#22344c"", ""hair"": ""#22344c"", ""skin"": ""#2a3a54""}}}",mid:rich = assets/rich_standing_right.png; farLeft:soul = assets/before_the_fame/characters/ocean_soul/ocean_soul_climbing_80x96.png; farRight:soul = assets/before_the_fame/characters/ocean_soul/ocean_soul_climbing_80x96.png,[],"{""env"": ""ocean_floor"", ""placeholder"": false, ""actors"": [{""id"": ""rich"", ""slot"": ""mid"", ""src"": ""assets/rich_standing_right.png"", ""placeholder"": false, ""loaded"": true, ""rect"": {""x"": 81.25, ""y"": 125, ""width"": 292.03125, ""height"": 350.4375, ""top"": 125, ""right"": 373.28125, ""bottom"": 475.4375, ""left"": 81.25}, ""flip"": """"}, {""id"": ""soul"", ""slot"": ""farLeft"", ""src"": ""assets/before_the_fame/characters/ocean_soul/ocean_soul_climbing_80x96.png"", ""placeholder"": false, ""loaded"": true, ""rect"": {""x"": -63.8125, ""y"": 121, ""width"": 292.03125, ""height"": 350.4375, ""top"": 121, ""right"": 228.21875, ""bottom"": 471.4375, ""left"": -63.8125}, ""flip"": """"}, {""id"": ""soul"", ""slot"": ""farRight"", ""src"": ""assets/before_the_fame/characters/ocean_soul/ocean_soul_climbing_80x96.png"", ""placeholder"": false, ""loaded"": true, ""rect"": {""x"": 229.40625, ""y"": 121, ""width"": 292.03125, ""height"": 350.4375, ""top"": 121, ""right"": 521.4375, ""bottom"": 471.4375, ""left"": 229.40625}, ""flip"": """"}]}","Director dialogue world/UI split; native270x480 env; actor80x96 anchor40,88 unless frozen metadata overrides; inspect source state/shot for seated/child/boss",INSPECTED WITH FIXTURE,js/data/btf/adventures/w1_opening.js; js/scenes/adventure.js; js/data/art_registry.js; js/data/presentation_assets.js; js/data/btf/environments.js,"[[null, ""dead souls climbing toward daylight"", {}], [null, ""one ladder for all these broke souls"", {}]]; route={}; fight={}; minigame={}",Approved stillness/off-screen speaker accepted; important action gaps only those identified in ASSET_GAP_MATRIX. No missing image inferred from empty authored props.
A00:fall1,ocean_floor_collapsed,assets/goldfish_years/masters/ocean_floor_base_270x480.png,"""INHERITED from selected predecessor""",,[],"{""env"": ""ocean_floor_collapsed"", ""placeholder"": false, ""actors"": [{""id"": ""rich"", ""slot"": ""mid"", ""src"": ""assets/rich_standing_right.png"", ""placeholder"": false, ""loaded"": true, ""rect"": {""x"": 81.25, ""y"": 125, ""width"": 292.03125, ""height"": 350.4375, ""top"": 125, ""right"": 373.28125, ""bottom"": 475.4375, ""left"": 81.25}, ""flip"": """"}, {""id"": ""soul"", ""slot"": ""farLeft"", ""src"": ""assets/before_the_fame/characters/ocean_soul/ocean_soul_climbing_80x96.png"", ""placeholder"": false, ""loaded"": true, ""rect"": {""x"": -63.8125, ""y"": 121, ""width"": 292.03125, ""height"": 350.4375, ""top"": 121, ""right"": 228.21875, ""bottom"": 471.4375, ""left"": -63.8125}, ""flip"": """"}, {""id"": ""soul"", ""slot"": ""farRight"", ""src"": ""assets/before_the_fame/characters/ocean_soul/ocean_soul_climbing_80x96.png"", ""placeholder"": false, ""loaded"": true, ""rect"": {""x"": 229.40625, ""y"": 121, ""width"": 292.03125, ""height"": 350.4375, ""top"": 121, ""right"": 521.4375, ""bottom"": 471.4375, ""left"": 229.40625}, ""flip"": """"}]}","Director dialogue world/UI split; native270x480 env; actor80x96 anchor40,88 unless frozen metadata overrides; inspect source state/shot for seated/child/boss",INSPECTED WITH FIXTURE,js/data/btf/adventures/w1_opening.js; js/scenes/adventure.js; js/data/art_registry.js; js/data/presentation_assets.js; js/data/btf/environments.js,"[[null, ""ladder folds right before the top"", {}], [null, ""month 7 still down here"", {}]]; route={}; fight={}; minigame={}",Approved stillness/off-screen speaker accepted; important action gaps only those identified in ASSET_GAP_MATRIX. No missing image inferred from empty authored props.
A00:try2,ocean_floor,assets/goldfish_years/masters/ocean_floor_base_270x480.png,"{""mid"": ""rich"", ""farLeft"": {""id"": ""soul"", ""look"": {""top"": ""#1c2c44"", ""bottom"": ""#1c2c44"", ""hair"": ""#1c2c44"", ""skin"": ""#2a3a54""}}, ""farRight"": {""id"": ""soul"", ""look"": {""top"": ""#22344c"", ""bottom"": ""#22344c"", ""hair"": ""#22344c"", ""skin"": ""#2a3a54""}}}",mid:rich = assets/rich_standing_right.png; farLeft:soul = assets/before_the_fame/characters/ocean_soul/ocean_soul_climbing_80x96.png; farRight:soul = assets/before_the_fame/characters/ocean_soul/ocean_soul_climbing_80x96.png,[],"{""env"": ""ocean_floor"", ""placeholder"": false, ""actors"": [{""id"": ""rich"", ""slot"": ""mid"", ""src"": ""assets/rich_standing_right.png"", ""placeholder"": false, ""loaded"": true, ""rect"": {""x"": 81.25, ""y"": 125, ""width"": 292.03125, ""height"": 350.4375, ""top"": 125, ""right"": 373.28125, ""bottom"": 475.4375, ""left"": 81.25}, ""flip"": """"}, {""id"": ""soul"", ""slot"": ""farLeft"", ""src"": ""assets/before_the_fame/characters/ocean_soul/ocean_soul_climbing_80x96.png"", ""placeholder"": false, ""loaded"": true, ""rect"": {""x"": -63.8125, ""y"": 121, ""width"": 292.03125, ""height"": 350.4375, ""top"": 121, ""right"": 228.21875, ""bottom"": 471.4375, ""left"": -63.8125}, ""flip"": """"}, {""id"": ""soul"", ""slot"": ""farRight"", ""src"": ""assets/before_the_fame/characters/ocean_soul/ocean_soul_climbing_80x96.png"", ""placeholder"": false, ""loaded"": true, ""rect"": {""x"": 229.40625, ""y"": 121, ""width"": 292.03125, ""height"": 350.4375, ""top"": 121, ""right"": 521.4375, ""bottom"": 471.4375, ""left"": 229.40625}, ""flip"": """"}]}","Director dialogue world/UI split; native270x480 env; actor80x96 anchor40,88 unless frozen metadata overrides; inspect source state/shot for seated/child/boss",CUT,js/data/btf/adventures/w1_opening.js; js/scenes/adventure.js; js/data/art_registry.js; js/data/presentation_assets.js; js/data/btf/environments.js,"[[null, ""the ladder is back. like nothing happened."", {}]]; route={}; fight={}; minigame={}",Approved stillness/off-screen speaker accepted; important action gaps only those identified in ASSET_GAP_MATRIX. No missing image inferred from empty authored props.
A00:fall2,ocean_floor_collapsed,assets/goldfish_years/masters/ocean_floor_base_270x480.png,"""INHERITED from selected predecessor""",,[],"{""env"": ""ocean_floor_collapsed"", ""placeholder"": false, ""actors"": [{""id"": ""rich"", ""slot"": ""mid"", ""src"": ""assets/rich_standing_right.png"", ""placeholder"": false, ""loaded"": true, ""rect"": {""x"": 81.25, ""y"": 125, ""width"": 292.03125, ""height"": 350.4375, ""top"": 125, ""right"": 373.28125, ""bottom"": 475.4375, ""left"": 81.25}, ""flip"": """"}, {""id"": ""soul"", ""slot"": ""farLeft"", ""src"": ""assets/before_the_fame/characters/ocean_soul/ocean_soul_climbing_80x96.png"", ""placeholder"": false, ""loaded"": true, ""rect"": {""x"": -63.8125, ""y"": 121, ""width"": 292.03125, ""height"": 350.4375, ""top"": 121, ""right"": 228.21875, ""bottom"": 471.4375, ""left"": -63.8125}, ""flip"": """"}, {""id"": ""soul"", ""slot"": ""farRight"", ""src"": ""assets/before_the_fame/characters/ocean_soul/ocean_soul_climbing_80x96.png"", ""placeholder"": false, ""loaded"": true, ""rect"": {""x"": 229.40625, ""y"": 121, ""width"": 292.03125, ""height"": 350.4375, ""top"": 121, ""right"": 521.4375, ""bottom"": 471.4375, ""left"": 229.40625}, ""flip"": """"}]}","Director dialogue world/UI split; native270x480 env; actor80x96 anchor40,88 unless frozen metadata overrides; inspect source state/shot for seated/child/boss",CUT,js/data/btf/adventures/w1_opening.js; js/scenes/adventure.js; js/data/art_registry.js; js/data/presentation_assets.js; js/data/btf/environments.js,"[[null, ""ladder folds again damn"", {}], [null, ""month 19 somebody call maintenance"", {}]]; route={}; fight={}; minigame={}",Approved stillness/off-screen speaker accepted; important action gaps only those identified in ASSET_GAP_MATRIX. No missing image inferred from empty authored props.
A00:try3,ocean_floor,assets/goldfish_years/masters/ocean_floor_base_270x480.png,"{""mid"": ""rich"", ""farLeft"": {""id"": ""soul"", ""look"": {""top"": ""#1c2c44"", ""bottom"": ""#1c2c44"", ""hair"": ""#1c2c44"", ""skin"": ""#2a3a54""}}, ""farRight"": {""id"": ""soul"", ""look"": {""top"": ""#22344c"", ""bottom"": ""#22344c"", ""hair"": ""#22344c"", ""skin"": ""#2a3a54""}}}",mid:rich = assets/rich_standing_right.png; farLeft:soul = assets/before_the_fame/characters/ocean_soul/ocean_soul_climbing_80x96.png; farRight:soul = assets/before_the_fame/characters/ocean_soul/ocean_soul_climbing_80x96.png,[],"{""env"": ""ocean_floor"", ""placeholder"": false, ""actors"": [{""id"": ""rich"", ""slot"": ""mid"", ""src"": ""assets/rich_standing_right.png"", ""placeholder"": false, ""loaded"": true, ""rect"": {""x"": 81.25, ""y"": 125, ""width"": 292.03125, ""height"": 350.4375, ""top"": 125, ""right"": 373.28125, ""bottom"": 475.4375, ""left"": 81.25}, ""flip"": """"}, {""id"": ""soul"", ""slot"": ""farLeft"", ""src"": ""assets/before_the_fame/characters/ocean_soul/ocean_soul_climbing_80x96.png"", ""placeholder"": false, ""loaded"": true, ""rect"": {""x"": -63.8125, ""y"": 121, ""width"": 292.03125, ""height"": 350.4375, ""top"": 121, ""right"": 228.21875, ""bottom"": 471.4375, ""left"": -63.8125}, ""flip"": """"}, {""id"": ""soul"", ""slot"": ""farRight"", ""src"": ""assets/before_the_fame/characters/ocean_soul/ocean_soul_climbing_80x96.png"", ""placeholder"": false, ""loaded"": true, ""rect"": {""x"": 229.40625, ""y"": 121, ""width"": 292.03125, ""height"": 350.4375, ""top"": 121, ""right"": 521.4375, ""bottom"": 471.4375, ""left"": 229.40625}, ""flip"": """"}]}","Director dialogue world/UI split; native270x480 env; actor80x96 anchor40,88 unless frozen metadata overrides; inspect source state/shot for seated/child/boss",CUT,js/data/btf/adventures/w1_opening.js; js/scenes/adventure.js; js/data/art_registry.js; js/data/presentation_assets.js; js/data/btf/environments.js,"[[null, ""again."", {}]]; route={}; fight={}; minigame={}",Approved stillness/off-screen speaker accepted; important action gaps only those identified in ASSET_GAP_MATRIX. No missing image inferred from empty authored props.
A00:fall3,ocean_floor_collapsed,assets/goldfish_years/masters/ocean_floor_base_270x480.png,"""INHERITED from selected predecessor""",,[],"{""env"": ""ocean_floor_collapsed"", ""placeholder"": false, ""actors"": [{""id"": ""rich"", ""slot"": ""mid"", ""src"": ""assets/rich_standing_right.png"", ""placeholder"": false, ""loaded"": true, ""rect"": {""x"": 81.25, ""y"": 125, ""width"": 292.03125, ""height"": 350.4375, ""top"": 125, ""right"": 373.28125, ""bottom"": 475.4375, ""left"": 81.25}, ""flip"": """"}, {""id"": ""soul"", ""slot"": ""farLeft"", ""src"": ""assets/before_the_fame/characters/ocean_soul/ocean_soul_climbing_80x96.png"", ""placeholder"": false, ""loaded"": true, ""rect"": {""x"": -63.8125, ""y"": 121, ""width"": 292.03125, ""height"": 350.4375, ""top"": 121, ""right"": 228.21875, ""bottom"": 471.4375, ""left"": -63.8125}, ""flip"": """"}, {""id"": ""soul"", ""slot"": ""farRight"", ""src"": ""assets/before_the_fame/characters/ocean_soul/ocean_soul_climbing_80x96.png"", ""placeholder"": false, ""loaded"": true, ""rect"": {""x"": 229.40625, ""y"": 121, ""width"": 292.03125, ""height"": 350.4375, ""top"": 121, ""right"": 521.4375, ""bottom"": 471.4375, ""left"": 229.40625}, ""flip"": """"}]}","Director dialogue world/UI split; native270x480 env; actor80x96 anchor40,88 unless frozen metadata overrides; inspect source state/shot for seated/child/boss",CUT,js/data/btf/adventures/w1_opening.js; js/scenes/adventure.js; js/data/art_registry.js; js/data/presentation_assets.js; js/data/btf/environments.js,"[[null, ""two years for this shit"", {}], [""rich"", ""still better than linkedin"", {""vp"": true}]]; route={}; fight={}; minigame={}",Approved stillness/off-screen speaker accepted; important action gaps only those identified in ASSET_GAP_MATRIX. No missing image inferred from empty authored props.
A00:sensei,ocean_floor,assets/goldfish_years/masters/ocean_floor_base_270x480.png,"{""left"": ""rich"", ""right"": ""octopus_sensei""}",left:rich = assets/rich_standing_right.png; right:octopus_sensei = assets/goldfish_years/characters/octopus_sensei/octopus_sensei_neutral_96x96.png,[],"{""env"": ""ocean_floor"", ""placeholder"": false, ""actors"": [{""id"": ""rich"", ""slot"": ""left"", ""src"": ""assets/rich_standing_right.png"", ""placeholder"": false, ""loaded"": true, ""rect"": {""x"": -16.90625, ""y"": 125, ""width"": 292.03125, ""height"": 350.4375, ""top"": 125, ""right"": 275.125, ""bottom"": 475.4375, ""left"": -16.90625}, ""flip"": """"}, {""id"": ""octopus_sensei"", ""slot"": ""right"", ""src"": ""assets/goldfish_years/characters/octopus_sensei/octopus_sensei_neutral_96x96.png"", ""placeholder"": false, ""loaded"": true, ""rect"": {""x"": 168.578125, ""y"": 139, ""width"": 350.4375, ""height"": 350.4375, ""top"": 139, ""right"": 519.015625, ""bottom"": 489.4375, ""left"": 168.578125}, ""flip"": """"}]}","Director dialogue world/UI split; native270x480 env; actor80x96 anchor40,88 unless frozen metadata overrides; inspect source state/shot for seated/child/boss",CUT,js/data/btf/adventures/w1_opening.js; js/scenes/adventure.js; js/data/art_registry.js; js/data/presentation_assets.js; js/data/btf/environments.js,"[null, [null, ""old octopus pulls up like he knows the landlord"", {}]]; route={}; fight={}; minigame={}",Approved stillness/off-screen speaker accepted; important action gaps only those identified in ASSET_GAP_MATRIX. No missing image inferred from empty authored props.
A00:sensei_point,INHERITED from selected predecessor,assets/goldfish_years/masters/ocean_floor_base_270x480.png,"{""left"": ""rich"", ""right"": {""id"": ""octopus_sensei"", ""state"": ""point""}}",left:rich = assets/rich_standing_right.png; right:octopus_sensei@point = assets/goldfish_years/characters/octopus_sensei/octopus_sensei_point_96x96.png,[],"{""env"": ""ocean_floor"", ""placeholder"": false, ""actors"": [{""id"": ""rich"", ""slot"": ""left"", ""src"": ""assets/rich_standing_right.png"", ""placeholder"": false, ""loaded"": true, ""rect"": {""x"": -16.90625, ""y"": 125, ""width"": 292.03125, ""height"": 350.4375, ""top"": 125, ""right"": 275.125, ""bottom"": 475.4375, ""left"": -16.90625}, ""flip"": """"}, {""id"": ""octopus_sensei"", ""slot"": ""right"", ""src"": ""assets/goldfish_years/characters/octopus_sensei/octopus_sensei_point_96x96.png"", ""placeholder"": false, ""loaded"": true, ""rect"": {""x"": 167.921875, ""y"": 139, ""width"": 350.4375, ""height"": 350.4375, ""top"": 139, ""right"": 518.359375, ""bottom"": 489.4375, ""left"": 167.921875}, ""flip"": """"}]}","Director dialogue world/UI split; native270x480 env; actor80x96 anchor40,88 unless frozen metadata overrides; inspect source state/shot for seated/child/boss",INSPECTED WITH FIXTURE,js/data/btf/adventures/w1_opening.js; js/scenes/adventure.js; js/data/art_registry.js; js/data/presentation_assets.js; js/data/btf/environments.js,"[[""octopus_sensei"", ""use your head bro"", {}]]; route={}; fight={}; minigame={}",Approved stillness/off-screen speaker accepted; important action gaps only those identified in ASSET_GAP_MATRIX. No missing image inferred from empty authored props.
A00:sensei_listen,INHERITED from selected predecessor,assets/goldfish_years/masters/ocean_floor_base_270x480.png,"{""left"": ""rich"", ""right"": ""octopus_sensei""}",left:rich = assets/rich_standing_right.png; right:octopus_sensei = assets/goldfish_years/characters/octopus_sensei/octopus_sensei_neutral_96x96.png,[],"{""env"": ""ocean_floor"", ""placeholder"": false, ""actors"": [{""id"": ""rich"", ""slot"": ""left"", ""src"": ""assets/rich_standing_right.png"", ""placeholder"": false, ""loaded"": true, ""rect"": {""x"": -16.90625, ""y"": 125, ""width"": 292.03125, ""height"": 350.4375, ""top"": 125, ""right"": 275.125, ""bottom"": 475.4375, ""left"": -16.90625}, ""flip"": """"}, {""id"": ""octopus_sensei"", ""slot"": ""right"", ""src"": ""assets/goldfish_years/characters/octopus_sensei/octopus_sensei_neutral_96x96.png"", ""placeholder"": false, ""loaded"": true, ""rect"": {""x"": 168.578125, ""y"": 139, ""width"": 350.4375, ""height"": 350.4375, ""top"": 139, ""right"": 519.015625, ""bottom"": 489.4375, ""left"": 168.578125}, ""flip"": """"}]}","Director dialogue world/UI split; native270x480 env; actor80x96 anchor40,88 unless frozen metadata overrides; inspect source state/shot for seated/child/boss",CUT,js/data/btf/adventures/w1_opening.js; js/scenes/adventure.js; js/data/art_registry.js; js/data/presentation_assets.js; js/data/btf/environments.js,"[[""rich"", ""my head got us here"", {""vp"": true}]]; route={}; fight={}; minigame={}",Approved stillness/off-screen speaker accepted; important action gaps only those identified in ASSET_GAP_MATRIX. No missing image inferred from empty authored props.
A00:brain,INHERITED from selected predecessor,assets/goldfish_years/masters/ocean_floor_base_270x480.png,"{""left"": ""rich"", ""right"": {""id"": ""octopus_sensei"", ""state"": ""point""}}",left:rich = assets/rich_standing_right.png; right:octopus_sensei@point = assets/goldfish_years/characters/octopus_sensei/octopus_sensei_point_96x96.png,[],"{""env"": ""ocean_floor"", ""placeholder"": false, ""actors"": [{""id"": ""rich"", ""slot"": ""left"", ""src"": ""assets/rich_standing_right.png"", ""placeholder"": false, ""loaded"": true, ""rect"": {""x"": -16.90625, ""y"": 125, ""width"": 292.03125, ""height"": 350.4375, ""top"": 125, ""right"": 275.125, ""bottom"": 475.4375, ""left"": -16.90625}, ""flip"": """"}, {""id"": ""octopus_sensei"", ""slot"": ""right"", ""src"": ""assets/goldfish_years/characters/octopus_sensei/octopus_sensei_point_96x96.png"", ""placeholder"": false, ""loaded"": true, ""rect"": {""x"": 167.921875, ""y"": 139, ""width"": 350.4375, ""height"": 350.4375, ""top"": 139, ""right"": 518.359375, ""bottom"": 489.4375, ""left"": 167.921875}, ""flip"": """"}]}","Director dialogue world/UI split; native270x480 env; actor80x96 anchor40,88 unless frozen metadata overrides; inspect source state/shot for seated/child/boss",CUT,js/data/btf/adventures/w1_opening.js; js/scenes/adventure.js; js/data/art_registry.js; js/data/presentation_assets.js; js/data/btf/environments.js,"[[""octopus_sensei"", ""take it"", {}], [""rich"", ""take what big bro"", {""vp"": true}], [null, ""octopus points at his own head"", {}]]; route={}; fight={}; minigame={}",Approved stillness/off-screen speaker accepted; important action gaps only those identified in ASSET_GAP_MATRIX. No missing image inferred from empty authored props.
A00:brain_offer,INHERITED from selected predecessor,assets/goldfish_years/masters/ocean_floor_base_270x480.png,"{""left"": ""rich"", ""right"": ""octopus_sensei""}",left:rich = assets/rich_standing_right.png; right:octopus_sensei = assets/goldfish_years/characters/octopus_sensei/octopus_sensei_neutral_96x96.png,[],"{""env"": ""ocean_floor"", ""placeholder"": false, ""actors"": [{""id"": ""rich"", ""slot"": ""left"", ""src"": ""assets/rich_standing_right.png"", ""placeholder"": false, ""loaded"": true, ""rect"": {""x"": -16.90625, ""y"": 125, ""width"": 292.03125, ""height"": 350.4375, ""top"": 125, ""right"": 275.125, ""bottom"": 475.4375, ""left"": -16.90625}, ""flip"": """"}, {""id"": ""octopus_sensei"", ""slot"": ""right"", ""src"": ""assets/goldfish_years/characters/octopus_sensei/octopus_sensei_neutral_96x96.png"", ""placeholder"": false, ""loaded"": true, ""rect"": {""x"": 168.578125, ""y"": 139, ""width"": 350.4375, ""height"": 350.4375, ""top"": 139, ""right"": 519.015625, ""bottom"": 489.4375, ""left"": 168.578125}, ""flip"": """"}]}","Director dialogue world/UI split; native270x480 env; actor80x96 anchor40,88 unless frozen metadata overrides; inspect source state/shot for seated/child/boss",INSPECTED WITH FIXTURE,js/data/btf/adventures/w1_opening.js; js/scenes/adventure.js; js/data/art_registry.js; js/data/presentation_assets.js; js/data/btf/environments.js,"[[""octopus_sensei"", ""my brain eight parts one per arm"", {}], [""octopus_sensei"", ""seventh part just snacks dont judge"", {}]]; route={}; fight={}; minigame={}",Approved stillness/off-screen speaker accepted; important action gaps only those identified in ASSET_GAP_MATRIX. No missing image inferred from empty authored props.
A00:brain_all,INHERITED from selected predecessor,inherit/dynamic — see source and predecessors,"""INHERITED from selected predecessor""",,[],"{""method"": ""SOURCE-ONLY""}","Director dialogue world/UI split; native270x480 env; actor80x96 anchor40,88 unless frozen metadata overrides; inspect source state/shot for seated/child/boss",SOURCE-ONLY,js/data/btf/adventures/w1_opening.js; js/scenes/adventure.js; js/data/art_registry.js; js/data/presentation_assets.js; js/data/btf/environments.js,"[[null, ""wet pop rich got two brains and no plan"", {}], [""rich"", ""damn its warm"", {""vp"": true}]]; route={}; fight={}; minigame={}",Approved stillness/off-screen speaker accepted; important action gaps only those identified in ASSET_GAP_MATRIX. No missing image inferred from empty authored props.
A00:brain_one,INHERITED from selected predecessor,inherit/dynamic — see source and predecessors,"""INHERITED from selected predecessor""",,[],"{""method"": ""SOURCE-ONLY""}","Director dialogue world/UI split; native270x480 env; actor80x96 anchor40,88 unless frozen metadata overrides; inspect source state/shot for seated/child/boss",SOURCE-ONLY,js/data/btf/adventures/w1_opening.js; js/scenes/adventure.js; js/data/art_registry.js; js/data/presentation_assets.js; js/data/btf/environments.js,"[[null, ""octopus serves brain like birthday cake"", {}], [""octopus_sensei"", ""manners? damn thats rare"", {}]]; route={}; fight={}; minigame={}",Approved stillness/off-screen speaker accepted; important action gaps only those identified in ASSET_GAP_MATRIX. No missing image inferred from empty authored props.
A00:brain_ask,INHERITED from selected predecessor,inherit/dynamic — see source and predecessors,"""INHERITED from selected predecessor""",,[],"{""method"": ""SOURCE-ONLY""}","Director dialogue world/UI split; native270x480 env; actor80x96 anchor40,88 unless frozen metadata overrides; inspect source state/shot for seated/child/boss",SOURCE-ONLY,js/data/btf/adventures/w1_opening.js; js/scenes/adventure.js; js/data/art_registry.js; js/data/presentation_assets.js; js/data/btf/environments.js,"[[""octopus_sensei"", ""hurts like hell"", {}], [null, ""still hands it over"", {}]]; route={}; fight={}; minigame={}",Approved stillness/off-screen speaker accepted; important action gaps only those identified in ASSET_GAP_MATRIX. No missing image inferred from empty authored props.
A00:brain_done,INHERITED from selected predecessor,inherit/dynamic — see source and predecessors,"""INHERITED from selected predecessor""",,[],"{""method"": ""SOURCE-ONLY""}","Director dialogue world/UI split; native270x480 env; actor80x96 anchor40,88 unless frozen metadata overrides; inspect source state/shot for seated/child/boss",SOURCE-ONLY,js/data/btf/adventures/w1_opening.js; js/scenes/adventure.js; js/data/art_registry.js; js/data/presentation_assets.js; js/data/btf/environments.js,"[[null, ""eight thoughts all about food"", {}], [""octopus_sensei"", ""use it or eat it your business"", {}]]; route={}; fight={}; minigame={}",Approved stillness/off-screen speaker accepted; important action gaps only those identified in ASSET_GAP_MATRIX. No missing image inferred from empty authored props.
A00:merge,INHERITED from selected predecessor,inherit/dynamic — see source and predecessors,"""INHERITED from selected predecessor""",,[],"{""method"": ""SOURCE-ONLY""}","Director dialogue world/UI split; native270x480 env; actor80x96 anchor40,88 unless frozen metadata overrides; inspect source state/shot for seated/child/boss",CUT,js/data/btf/adventures/w1_opening.js; js/scenes/adventure.js; js/data/art_registry.js; js/data/presentation_assets.js; js/data/btf/environments.js,"[null, [null, ""rich grows eight tentacles real subtle"", {}], [""rich"", ""oh i could just leave"", {""vp"": true}]]; route={}; fight={}; minigame={}",Approved stillness/off-screen speaker accepted; important action gaps only those identified in ASSET_GAP_MATRIX. No missing image inferred from empty authored props.
A00:fork,INHERITED from selected predecessor,inherit/dynamic — see source and predecessors,"""INHERITED from selected predecessor""",,[],"{""method"": ""SOURCE-ONLY""}","Director dialogue world/UI split; native270x480 env; actor80x96 anchor40,88 unless frozen metadata overrides; inspect source state/shot for seated/child/boss",SOURCE-ONLY,js/data/btf/adventures/w1_opening.js; js/scenes/adventure.js; js/data/art_registry.js; js/data/presentation_assets.js; js/data/btf/environments.js,[]; route={}; fight={}; minigame={},Approved stillness/off-screen speaker accepted; important action gaps only those identified in ASSET_GAP_MATRIX. No missing image inferred from empty authored props.
A00:out_climb,INHERITED from selected predecessor,inherit/dynamic — see source and predecessors,"""INHERITED from selected predecessor""",,[],"{""method"": ""SOURCE-ONLY""}","Director dialogue world/UI split; native270x480 env; actor80x96 anchor40,88 unless frozen metadata overrides; inspect source state/shot for seated/child/boss",SOURCE-ONLY,js/data/btf/adventures/w1_opening.js; js/scenes/adventure.js; js/data/art_registry.js; js/data/presentation_assets.js; js/data/btf/environments.js,"[[null, ""tentacles carry him up ladder unemployed"", {}]]; route={}; fight={}; minigame={}",Approved stillness/off-screen speaker accepted; important action gaps only those identified in ASSET_GAP_MATRIX. No missing image inferred from empty authored props.
A00:out_swim,INHERITED from selected predecessor,inherit/dynamic — see source and predecessors,"""INHERITED from selected predecessor""",,[],"{""method"": ""SOURCE-ONLY""}","Director dialogue world/UI split; native270x480 env; actor80x96 anchor40,88 unless frozen metadata overrides; inspect source state/shot for seated/child/boss",SOURCE-ONLY,js/data/btf/adventures/w1_opening.js; js/scenes/adventure.js; js/data/art_registry.js; js/data/presentation_assets.js; js/data/btf/environments.js,"[[null, ""rich swims up nobody thought of that shit"", {}]]; route={}; fight={}; minigame={}",Approved stillness/off-screen speaker accepted; important action gaps only those identified in ASSET_GAP_MATRIX. No missing image inferred from empty authored props.
A00:out_ask,INHERITED from selected predecessor,inherit/dynamic — see source and predecessors,"""INHERITED from selected predecessor""",,[],"{""method"": ""SOURCE-ONLY""}","Director dialogue world/UI split; native270x480 env; actor80x96 anchor40,88 unless frozen metadata overrides; inspect source state/shot for seated/child/boss",SOURCE-ONLY,js/data/btf/adventures/w1_opening.js; js/scenes/adventure.js; js/data/art_registry.js; js/data/presentation_assets.js; js/data/btf/environments.js,"[[""octopus_sensei"", ""up bro"", {}], null]; route={}; fight={}; minigame={}",Approved stillness/off-screen speaker accepted; important action gaps only those identified in ASSET_GAP_MATRIX. No missing image inferred from empty authored props.
A00:out,INHERITED from selected predecessor,inherit/dynamic — see source and predecessors,"""INHERITED from selected predecessor""",,[],"{""method"": ""SOURCE-ONLY""}","Director dialogue world/UI split; native270x480 env; actor80x96 anchor40,88 unless frozen metadata overrides; inspect source state/shot for seated/child/boss",SOURCE-ONLY,js/data/btf/adventures/w1_opening.js; js/scenes/adventure.js; js/data/art_registry.js; js/data/presentation_assets.js; js/data/btf/environments.js,"[[null, ""finally out"", {}]]; route={}; fight={}; minigame={}",Approved stillness/off-screen speaker accepted; important action gaps only those identified in ASSET_GAP_MATRIX. No missing image inferred from empty authored props.
NEW_OGA_M1:pitch,bedroom,assets/rich_bedroom_environment_270x480.png,"{""left"": ""rich""}",left:rich = assets/rich_standing_right.png,[],"{""env"": ""bedroom"", ""placeholder"": false, ""actors"": [{""id"": ""rich"", ""slot"": ""left"", ""src"": ""assets/rich_standing_right.png"", ""placeholder"": false, ""loaded"": true, ""rect"": {""x"": -3.734375, ""y"": 94, ""width"": 320, ""height"": 384, ""top"": 94, ""right"": 316.265625, ""bottom"": 478, ""left"": -3.734375}, ""flip"": """"}]}","Director dialogue world/UI split; native270x480 env; actor80x96 anchor40,88 unless frozen metadata overrides; inspect source state/shot for seated/child/boss",INSPECTED WITH FIXTURE,js/data/btf/adventures/new_oga_m1_m3.js; js/scenes/adventure.js; js/data/art_registry.js; js/data/presentation_assets.js; js/data/btf/environments.js,"[[null, ""oga. you're cooking noodles for tips."", {}], [null, ""i have an idea. you won't like it."", {}], [""rich"", ""what."", {""canon"": true}], [null, ""jug the plug."", {}], [""rich"", ""…brother. why would I jug the plug."", {""canon"": true}], [null, ""it's just an idea. you're tired of the ramen. the ramen is tired of you."", {}]]; route={}; fight={}; minigame={}",Approved stillness/off-screen speaker accepted; important action gaps only those identified in ASSET_GAP_MATRIX. No missing image inferred from empty authored props.
NEW_OGA_M1:brief,INHERITED from selected predecessor,inherit/dynamic — see source and predecessors,"""INHERITED from selected predecessor""",,[],"{""method"": ""SOURCE-ONLY""}","Director dialogue world/UI split; native270x480 env; actor80x96 anchor40,88 unless frozen metadata overrides; inspect source state/shot for seated/child/boss",SOURCE-ONLY,js/data/btf/adventures/new_oga_m1_m3.js; js/scenes/adventure.js; js/data/art_registry.js; js/data/presentation_assets.js; js/data/btf/environments.js,"[[null, ""Smallie sells Blood X out of a boba shop. back table. always eating."", {}], [null, ""cousin in the parking lot."", {}]]; route={}; fight={}; minigame={}",Approved stillness/off-screen speaker accepted; important action gaps only those identified in ASSET_GAP_MATRIX. No missing image inferred from empty authored props.
NEW_OGA_M1:nah,INHERITED from selected predecessor,inherit/dynamic — see source and predecessors,"""INHERITED from selected predecessor""",,[],"{""method"": ""SOURCE-ONLY""}","Director dialogue world/UI split; native270x480 env; actor80x96 anchor40,88 unless frozen metadata overrides; inspect source state/shot for seated/child/boss",CUT,js/data/btf/adventures/new_oga_m1_m3.js; js/scenes/adventure.js; js/data/art_registry.js; js/data/presentation_assets.js; js/data/btf/environments.js,[]; route={}; fight={}; minigame={},Approved stillness/off-screen speaker accepted; important action gaps only those identified in ASSET_GAP_MATRIX. No missing image inferred from empty authored props.
NEW_OGA_M1:table,boba_shop,assets/before_the_fame/environments/boba_shop/boba_shop_night_270x480.png,"{""left"": ""rich"", ""right"": ""smallie""}",left:rich = assets/rich_standing_right.png; right:smallie = assets/build4/p_d/p_d_smallie_80x96.png,[],"{""env"": ""boba_shop"", ""placeholder"": false, ""actors"": [{""id"": ""rich"", ""slot"": ""left"", ""src"": ""assets/rich_standing_right.png"", ""placeholder"": false, ""loaded"": true, ""rect"": {""x"": -18.0625, ""y"": 94, ""width"": 320, ""height"": 384, ""top"": 94, ""right"": 301.9375, ""bottom"": 478, ""left"": -18.0625}, ""flip"": """"}, {""id"": ""smallie"", ""slot"": ""right"", ""src"": ""inline PNG generated by registered frozen-asset loader; see asset census"", ""placeholder"": false, ""loaded"": true, ""rect"": {""x"": 177.921875, ""y"": 90, ""width"": 320, ""height"": 384, ""top"": 90, ""right"": 497.921875, ""bottom"": 474, ""left"": 177.921875}, ""flip"": """"}]}","Director dialogue world/UI split; native270x480 env; actor80x96 anchor40,88 unless frozen metadata overrides; inspect source state/shot for seated/child/boss",INSPECTED WITH FIXTURE,js/data/btf/adventures/new_oga_m1_m3.js; js/scenes/adventure.js; js/data/art_registry.js; js/data/presentation_assets.js; js/data/btf/environments.js,"[[""smallie"", ""Smallie is at the back table. the Blood X is beside him."", {""entrance"": ""smallie""}], [""rich"", ""say big bro, gonna need to leave that here"", {""canon"": true}], [""smallie"", ""please man you cant do this i need this for my student loans"", {}]]; route={}; fight={}; minigame={}",Approved stillness/off-screen speaker accepted; important action gaps only those identified in ASSET_GAP_MATRIX. No missing image inferred from empty authored props.
NEW_OGA_M1:fight_smallie,INHERITED from selected predecessor,inherit/dynamic — see source and predecessors,"""INHERITED from selected predecessor""",,[],"{""method"": ""SOURCE-ONLY""}","Director dialogue world/UI split; native270x480 env; actor80x96 anchor40,88 unless frozen metadata overrides; inspect source state/shot for seated/child/boss",SOURCE-ONLY,js/data/btf/adventures/new_oga_m1_m3.js; js/scenes/adventure.js; js/data/art_registry.js; js/data/presentation_assets.js; js/data/btf/environments.js,"[]; route={}; fight={""enemy"": ""smallie"", ""params"": {""env"": ""boba_shop"", ""intro"": ""SMALLIE \u00b7 50 HP""}, ""win"": ""fight_cousin"", ""lose"": ""table"", ""run"": ""table""}; minigame={}",Approved stillness/off-screen speaker accepted; important action gaps only those identified in ASSET_GAP_MATRIX. No missing image inferred from empty authored props.
NEW_OGA_M1:fight_cousin,INHERITED from selected predecessor,inherit/dynamic — see source and predecessors,"""INHERITED from selected predecessor""",,[],"{""method"": ""SOURCE-ONLY""}","Director dialogue world/UI split; native270x480 env; actor80x96 anchor40,88 unless frozen metadata overrides; inspect source state/shot for seated/child/boss",SOURCE-ONLY,js/data/btf/adventures/new_oga_m1_m3.js; js/scenes/adventure.js; js/data/art_registry.js; js/data/presentation_assets.js; js/data/btf/environments.js,"[]; route={}; fight={""enemy"": ""smallie_cousin"", ""params"": {""env"": ""boba_shop"", ""intro"": ""SMALLIE'S COUSIN \u00b7 40 HP""}, ""win"": ""stick_done"", ""lose"": ""table"", ""run"": ""table""}; minigame={}",Approved stillness/off-screen speaker accepted; important action gaps only those identified in ASSET_GAP_MATRIX. No missing image inferred from empty authored props.
NEW_OGA_M1:stick_done,INHERITED from selected predecessor,inherit/dynamic — see source and predecessors,"""INHERITED from selected predecessor""",,[],"{""method"": ""SOURCE-ONLY""}","Director dialogue world/UI split; native270x480 env; actor80x96 anchor40,88 unless frozen metadata overrides; inspect source state/shot for seated/child/boss",SOURCE-ONLY,js/data/btf/adventures/new_oga_m1_m3.js; js/scenes/adventure.js; js/data/art_registry.js; js/data/presentation_assets.js; js/data/btf/environments.js,"[[null, ""the route is loud. the Blood X cases, cash, and chain leave with Rich."", {}]]; route={}; fight={}; minigame={}",Approved stillness/off-screen speaker accepted; important action gaps only those identified in ASSET_GAP_MATRIX. No missing image inferred from empty authored props.
NEW_OGA_M1:switch,INHERITED from selected predecessor,inherit/dynamic — see source and predecessors,"""INHERITED from selected predecessor""",,[],"{""method"": ""SOURCE-ONLY""}","Director dialogue world/UI split; native270x480 env; actor80x96 anchor40,88 unless frozen metadata overrides; inspect source state/shot for seated/child/boss",BLOCKED,js/data/btf/adventures/new_oga_m1_m3.js; js/scenes/adventure.js; js/data/art_registry.js; js/data/presentation_assets.js; js/data/btf/environments.js,"[[null, ""Kiki keeps Smallie talking while Rich switches the bag. quiet and clean."", {}]]; route={}; fight={}; minigame={}",Approved stillness/off-screen speaker accepted; important action gaps only those identified in ASSET_GAP_MATRIX. No missing image inferred from empty authored props.
NEW_OGA_M1:touge,INHERITED from selected predecessor,inherit/dynamic — see source and predecessors,"""INHERITED from selected predecessor""",,[],"{""method"": ""SOURCE-ONLY""}","Director dialogue world/UI split; native270x480 env; actor80x96 anchor40,88 unless frozen metadata overrides; inspect source state/shot for seated/child/boss",BLOCKED,js/data/btf/adventures/new_oga_m1_m3.js; js/scenes/adventure.js; js/data/art_registry.js; js/data/presentation_assets.js; js/data/btf/environments.js,"[[null, ""the bag is in the car. Smallie and his cousin are behind him."", {}]]; route={}; fight={}; minigame={""id"": ""touge"", ""params"": {""function"": ""()=>({course:'angeles_crest',car:RACars.toTouge(RALife.ownedCars()[0]),tandem:{rival:'SMALLIE',role:'chase',threshold:T().touge.SUCCESS_THRESHOLD},durationSeconds:T().touge.AUTHORED_DURATION_SECONDS})""}, ""next"": {""function"": ""(A,r)=>r.outcome==='win'?'touge_done':'table'""}}",Approved stillness/off-screen speaker accepted; important action gaps only those identified in ASSET_GAP_MATRIX. No missing image inferred from empty authored props.
NEW_OGA_M1:touge_done,INHERITED from selected predecessor,inherit/dynamic — see source and predecessors,"""INHERITED from selected predecessor""",,[],"{""method"": ""SOURCE-ONLY""}","Director dialogue world/UI split; native270x480 env; actor80x96 anchor40,88 unless frozen metadata overrides; inspect source state/shot for seated/child/boss",BLOCKED,js/data/btf/adventures/new_oga_m1_m3.js; js/scenes/adventure.js; js/data/art_registry.js; js/data/presentation_assets.js; js/data/btf/environments.js,"{""function"": ""()=>[N(`${T().touge.AUTHORED_DURATION_SECONDS} seconds and bro still cant catch me`)]""}; route={}; fight={}; minigame={}",Approved stillness/off-screen speaker accepted; important action gaps only those identified in ASSET_GAP_MATRIX. No missing image inferred from empty authored props.
NEW_OGA_M1:leave,INHERITED from selected predecessor,inherit/dynamic — see source and predecessors,"""INHERITED from selected predecessor""",,[],"{""method"": ""SOURCE-ONLY""}","Director dialogue world/UI split; native270x480 env; actor80x96 anchor40,88 unless frozen metadata overrides; inspect source state/shot for seated/child/boss",CUT,js/data/btf/adventures/new_oga_m1_m3.js; js/scenes/adventure.js; js/data/art_registry.js; js/data/presentation_assets.js; js/data/btf/environments.js,"[[null, ""Rich buys a boba and leaves. the arc closes here."", {}]]; route={}; fight={}; minigame={}",Approved stillness/off-screen speaker accepted; important action gaps only those identified in ASSET_GAP_MATRIX. No missing image inferred from empty authored props.
NEW_OGA_M2:voice,bedroom,assets/rich_bedroom_environment_270x480.png,"{""left"": ""rich""}",left:rich = assets/rich_standing_right.png,[],"{""env"": ""bedroom"", ""placeholder"": false, ""actors"": [{""id"": ""rich"", ""slot"": ""left"", ""src"": ""assets/rich_standing_right.png"", ""placeholder"": false, ""loaded"": true, ""rect"": {""x"": -3.734375, ""y"": 94, ""width"": 320, ""height"": 384, ""top"": 94, ""right"": 316.265625, ""bottom"": 478, ""left"": -3.734375}, ""flip"": """"}]}","Director dialogue world/UI split; native270x480 env; actor80x96 anchor40,88 unless frozen metadata overrides; inspect source state/shot for seated/child/boss",INSPECTED WITH FIXTURE,js/data/btf/adventures/new_oga_m1_m3.js; js/scenes/adventure.js; js/data/art_registry.js; js/data/presentation_assets.js; js/data/btf/environments.js,"[[""gbenga"", ""O ma ṣe o"", {}], [null, ""Hello. Hello. Rich."", {}], [null, ""Hello. Can you hear me. Hello."", {}]]; route={}; fight={}; minigame={}",Approved stillness/off-screen speaker accepted; important action gaps only those identified in ASSET_GAP_MATRIX. No missing image inferred from empty authored props.
NEW_OGA_M2:arrive,gbenga_rentals,assets/build4/p_d/gbenga_rentals_workday_270x480.png,"{""left"": ""rich"", ""right"": ""gbenga""}",left:rich = assets/rich_standing_right.png; right:gbenga = assets/before_the_fame/characters/gbenga/runtime_80x96/gbenga_adjusting_sleeves_80x96_v2.png,[],"{""env"": ""gbenga_rentals"", ""placeholder"": false, ""actors"": [{""id"": ""rich"", ""slot"": ""left"", ""src"": ""assets/rich_standing_right.png"", ""placeholder"": false, ""loaded"": true, ""rect"": {""x"": -16.90625, ""y"": 125, ""width"": 292.03125, ""height"": 350.4375, ""top"": 125, ""right"": 275.125, ""bottom"": 475.4375, ""left"": -16.90625}, ""flip"": """"}, {""id"": ""gbenga"", ""slot"": ""right"", ""src"": ""inline PNG generated by registered frozen-asset loader; see asset census"", ""placeholder"": false, ""loaded"": true, ""rect"": {""x"": 173.921875, ""y"": 114, ""width"": 292.03125, ""height"": 350.4375, ""top"": 114, ""right"": 465.953125, ""bottom"": 464.4375, ""left"": 173.921875}, ""flip"": """"}]}","Director dialogue world/UI split; native270x480 env; actor80x96 anchor40,88 unless frozen metadata overrides; inspect source state/shot for seated/child/boss",INSPECTED WITH FIXTURE,js/data/btf/adventures/new_oga_m1_m3.js; js/scenes/adventure.js; js/data/art_registry.js; js/data/presentation_assets.js; js/data/btf/environments.js,"[[""gbenga"", ""plastic chairs, coolers, canopies. Gbenga waits inside the warehouse."", {""entrance"": ""gbenga""}]]; route={}; fight={}; minigame={}",Approved stillness/off-screen speaker accepted; important action gaps only those identified in ASSET_GAP_MATRIX. No missing image inferred from empty authored props.
NEW_OGA_M2:questions,INHERITED from selected predecessor,inherit/dynamic — see source and predecessors,"""INHERITED from selected predecessor""",,[],"{""method"": ""SOURCE-ONLY""}","Director dialogue world/UI split; native270x480 env; actor80x96 anchor40,88 unless frozen metadata overrides; inspect source state/shot for seated/child/boss",INSPECTED WITH FIXTURE,js/data/btf/adventures/new_oga_m1_m3.js; js/scenes/adventure.js; js/data/art_registry.js; js/data/presentation_assets.js; js/data/btf/environments.js,"[[""gbenga"", ""Where do you see yourself in five years?"", {}], [""gbenga"", ""What is your greatest weakness?"", {}], [""gbenga"", ""Why did you rob my boy?"", {}]]; route={}; fight={}; minigame={}",Approved stillness/off-screen speaker accepted; important action gaps only those identified in ASSET_GAP_MATRIX. No missing image inferred from empty authored props.
NEW_OGA_M2:flex_voice,INHERITED from selected predecessor,inherit/dynamic — see source and predecessors,"""INHERITED from selected predecessor""",,[],"{""method"": ""SOURCE-ONLY""}","Director dialogue world/UI split; native270x480 env; actor80x96 anchor40,88 unless frozen metadata overrides; inspect source state/shot for seated/child/boss",SOURCE-ONLY,js/data/btf/adventures/new_oga_m1_m3.js; js/scenes/adventure.js; js/data/art_registry.js; js/data/presentation_assets.js; js/data/btf/environments.js,"[[""rich"", ""i own land uncle castle even"", {""canon"": true}], [""gbenga"", ""the only reason i dont open the blinds to show you the sun is because my rags are in the wash"", {}]]; route={}; fight={}; minigame={}",Approved stillness/off-screen speaker accepted; important action gaps only those identified in ASSET_GAP_MATRIX. No missing image inferred from empty authored props.
NEW_OGA_M2:debt,INHERITED from selected predecessor,inherit/dynamic — see source and predecessors,"""INHERITED from selected predecessor""",,[],"{""method"": ""SOURCE-ONLY""}","Director dialogue world/UI split; native270x480 env; actor80x96 anchor40,88 unless frozen metadata overrides; inspect source state/shot for seated/child/boss",INSPECTED WITH FIXTURE,js/data/btf/adventures/new_oga_m1_m3.js; js/scenes/adventure.js; js/data/art_registry.js; js/data/presentation_assets.js; js/data/btf/environments.js,"[[null, ""Gbenga puts the choice on the desk: repay twenty thousand dollars, or work off the debt."", {}]]; route={}; fight={}; minigame={}",Approved stillness/off-screen speaker accepted; important action gaps only those identified in ASSET_GAP_MATRIX. No missing image inferred from empty authored props.
NEW_OGA_M2:pay,INHERITED from selected predecessor,inherit/dynamic — see source and predecessors,"""INHERITED from selected predecessor""",,[],"{""method"": ""SOURCE-ONLY""}","Director dialogue world/UI split; native270x480 env; actor80x96 anchor40,88 unless frozen metadata overrides; inspect source state/shot for seated/child/boss",CUT,js/data/btf/adventures/new_oga_m1_m3.js; js/scenes/adventure.js; js/data/art_registry.js; js/data/presentation_assets.js; js/data/btf/environments.js,[]; route={}; fight={}; minigame={},Approved stillness/off-screen speaker accepted; important action gaps only those identified in ASSET_GAP_MATRIX. No missing image inferred from empty authored props.
NEW_OGA_M2:work,INHERITED from selected predecessor,inherit/dynamic — see source and predecessors,"""INHERITED from selected predecessor""",,[],"{""method"": ""SOURCE-ONLY""}","Director dialogue world/UI split; native270x480 env; actor80x96 anchor40,88 unless frozen metadata overrides; inspect source state/shot for seated/child/boss",INSPECTED WITH FIXTURE,js/data/btf/adventures/new_oga_m1_m3.js; js/scenes/adventure.js; js/data/art_registry.js; js/data/presentation_assets.js; js/data/btf/environments.js,"[[null, ""Rank 1: INTERN. Gbenga hands Rich a business card. jobs arrive by voice note."", {}]]; route={}; fight={}; minigame={}",Approved stillness/off-screen speaker accepted; important action gaps only those identified in ASSET_GAP_MATRIX. No missing image inferred from empty authored props.
NEW_OGA_M3:voice,gbenga_rentals,assets/build4/p_d/gbenga_rentals_workday_270x480.png,"{""left"": ""rich"", ""right"": ""gbenga""}",left:rich = assets/rich_standing_right.png; right:gbenga = assets/before_the_fame/characters/gbenga/runtime_80x96/gbenga_adjusting_sleeves_80x96_v2.png,[],"{""env"": ""gbenga_rentals"", ""placeholder"": false, ""actors"": [{""id"": ""rich"", ""slot"": ""left"", ""src"": ""assets/rich_standing_right.png"", ""placeholder"": false, ""loaded"": true, ""rect"": {""x"": -2.0625, ""y"": 191, ""width"": 213.765625, ""height"": 256.53125, ""top"": 191, ""right"": 211.703125, ""bottom"": 447.53125, ""left"": -2.0625}, ""flip"": """"}, {""id"": ""gbenga"", ""slot"": ""right"", ""src"": ""inline PNG generated by registered frozen-asset loader; see asset census"", ""placeholder"": false, ""loaded"": true, ""rect"": {""x"": 178.25, ""y"": 191, ""width"": 213.765625, ""height"": 256.53125, ""top"": 191, ""right"": 392.015625, ""bottom"": 447.53125, ""left"": 178.25}, ""flip"": """"}]}","Director dialogue world/UI split; native270x480 env; actor80x96 anchor40,88 unless frozen metadata overrides; inspect source state/shot for seated/child/boss",INSPECTED WITH FIXTURE,js/data/btf/adventures/new_oga_m1_m3.js; js/scenes/adventure.js; js/data/art_registry.js; js/data/presentation_assets.js; js/data/btf/environments.js,"[[null, ""sixty chairs, one canopy, and six Blood X coolers are assigned to a Carson owambe."", {}]]; route={}; fight={}; minigame={}",Approved stillness/off-screen speaker accepted; important action gaps only those identified in ASSET_GAP_MATRIX. No missing image inferred from empty authored props.
NEW_OGA_M3:chairs,INHERITED from selected predecessor,inherit/dynamic — see source and predecessors,"""INHERITED from selected predecessor""",,[],"{""method"": ""SOURCE-ONLY""}","Director dialogue world/UI split; native270x480 env; actor80x96 anchor40,88 unless frozen metadata overrides; inspect source state/shot for seated/child/boss",SOURCE-ONLY,js/data/btf/adventures/new_oga_m1_m3.js; js/scenes/adventure.js; js/data/art_registry.js; js/data/presentation_assets.js; js/data/btf/environments.js,"[]; route={}; fight={}; minigame={""id"": ""slurp"", ""params"": {""function"": ""()=>({canopyDuty:true,totalChairs:T().chairs.AUTHORED_TOTAL,durationMs:T().chairs.DURATION_MS,bundleSize:T().chairs.BUNDLE_SIZE})""}, ""next"": {""function"": ""(A,r)=>{A.set('chairs',r.data||{});return 'critique';}""}}",Approved stillness/off-screen speaker accepted; important action gaps only those identified in ASSET_GAP_MATRIX. No missing image inferred from empty authored props.
NEW_OGA_M3:critique,carson_owambe,assets/build4/p_d/p_d_carson_owambe.png,"{""left"": ""rich"", ""right"": ""auntie""}",left:rich = assets/rich_standing_right.png; right:auntie = assets/before_the_fame/characters/auntie/auntie_register_neutral_80x96.png,[],"{""env"": ""carson_owambe"", ""placeholder"": false, ""actors"": [{""id"": ""rich"", ""slot"": ""left"", ""src"": ""assets/rich_standing_right.png"", ""placeholder"": false, ""loaded"": true, ""rect"": {""x"": -18.734375, ""y"": 94, ""width"": 320, ""height"": 384, ""top"": 94, ""right"": 301.265625, ""bottom"": 478, ""left"": -18.734375}, ""flip"": """"}, {""id"": ""auntie"", ""slot"": ""right"", ""src"": ""assets/before_the_fame/characters/auntie/auntie_register_neutral_80x96.png"", ""placeholder"": false, ""loaded"": true, ""rect"": {""x"": 176.578125, ""y"": 90, ""width"": 320, ""height"": 384, ""top"": 90, ""right"": 496.578125, ""bottom"": 474, ""left"": 176.578125}, ""flip"": """"}]}","Director dialogue world/UI split; native270x480 env; actor80x96 anchor40,88 unless frozen metadata overrides; inspect source state/shot for seated/child/boss",INSPECTED WITH FIXTURE,js/data/btf/adventures/new_oga_m1_m3.js; js/scenes/adventure.js; js/data/art_registry.js; js/data/presentation_assets.js; js/data/btf/environments.js,"{""function"": ""A=>A.vars.chairs?.success?[N('all sixty chairs are stacked and carried in.')]:[N('the aunties critique the chair stacks. the rank is not blocked.')]""}; route={}; fight={}; minigame={}",Approved stillness/off-screen speaker accepted; important action gaps only those identified in ASSET_GAP_MATRIX. No missing image inferred from empty authored props.
NEW_OGA_M3:delivery,INHERITED from selected predecessor,inherit/dynamic — see source and predecessors,"""INHERITED from selected predecessor""",,[],"{""method"": ""SOURCE-ONLY""}","Director dialogue world/UI split; native270x480 env; actor80x96 anchor40,88 unless frozen metadata overrides; inspect source state/shot for seated/child/boss",SOURCE-ONLY,js/data/btf/adventures/new_oga_m1_m3.js; js/scenes/adventure.js; js/data/art_registry.js; js/data/presentation_assets.js; js/data/btf/environments.js,"[[null, ""the chairs are inside. the six Blood X coolers are still in the car."", {}]]; route={}; fight={}; minigame={}",Approved stillness/off-screen speaker accepted; important action gaps only those identified in ASSET_GAP_MATRIX. No missing image inferred from empty authored props.
NEW_OGA_M3:complete,INHERITED from selected predecessor,inherit/dynamic — see source and predecessors,"""INHERITED from selected predecessor""",,[],"{""method"": ""SOURCE-ONLY""}","Director dialogue world/UI split; native270x480 env; actor80x96 anchor40,88 unless frozen metadata overrides; inspect source state/shot for seated/child/boss",SOURCE-ONLY,js/data/btf/adventures/new_oga_m1_m3.js; js/scenes/adventure.js; js/data/art_registry.js; js/data/presentation_assets.js; js/data/btf/environments.js,"[[null, ""the full delivery is complete. Gbenga pays three thousand dollars. an auntie forces a plate of jollof into Rich’s hands."", {}]]; route={}; fight={}; minigame={}",Approved stillness/off-screen speaker accepted; important action gaps only those identified in ASSET_GAP_MATRIX. No missing image inferred from empty authored props.
NEW_OGA_M3:backout,INHERITED from selected predecessor,inherit/dynamic — see source and predecessors,"""INHERITED from selected predecessor""",,[],"{""method"": ""SOURCE-ONLY""}","Director dialogue world/UI split; native270x480 env; actor80x96 anchor40,88 unless frozen metadata overrides; inspect source state/shot for seated/child/boss",SOURCE-ONLY,js/data/btf/adventures/new_oga_m1_m3.js; js/scenes/adventure.js; js/data/art_registry.js; js/data/presentation_assets.js; js/data/btf/environments.js,"[[null, ""the coolers stay in the car. only the chairs are delivered."", {}]]; route={}; fight={}; minigame={}",Approved stillness/off-screen speaker accepted; important action gaps only those identified in ASSET_GAP_MATRIX. No missing image inferred from empty authored props.
NEW_OGA_M4:voice,bedroom,assets/rich_bedroom_environment_270x480.png,"{""left"": ""rich""}",left:rich = assets/rich_standing_right.png,[],"{""env"": ""bedroom"", ""placeholder"": false, ""actors"": [{""id"": ""rich"", ""slot"": ""left"", ""src"": ""assets/rich_standing_right.png"", ""placeholder"": false, ""loaded"": true, ""rect"": {""x"": -3.734375, ""y"": 94, ""width"": 320, ""height"": 384, ""top"": 94, ""right"": 316.265625, ""bottom"": 478, ""left"": -3.734375}, ""flip"": """"}]}","Director dialogue world/UI split; native270x480 env; actor80x96 anchor40,88 unless frozen metadata overrides; inspect source state/shot for seated/child/boss",INSPECTED WITH FIXTURE,js/data/btf/adventures/new_oga_m4.js; js/scenes/adventure.js; js/data/art_registry.js; js/data/presentation_assets.js; js/data/btf/environments.js,"[[""gbenga"", ""Your friend Carlos. From the Instagram. Bring him to this address."", {}], [""gbenga"", ""Tell him it is a party. It is not a party."", {}]]; route={}; fight={}; minigame={}",Approved stillness/off-screen speaker accepted; important action gaps only those identified in ASSET_GAP_MATRIX. No missing image inferred from empty authored props.
NEW_OGA_M4:beat1,bedroom,assets/rich_bedroom_environment_270x480.png,"{""left"": ""rich"", ""right"": ""carlos""}",left:rich = assets/rich_standing_right.png; right:carlos = assets/before_the_fame/characters/carlos/runtime_80x96/carlos_neutral_happy_anchor_80x96_review_v1.png,[],"{""env"": ""bedroom"", ""placeholder"": false, ""actors"": [{""id"": ""rich"", ""slot"": ""left"", ""src"": ""assets/rich_standing_right.png"", ""placeholder"": false, ""loaded"": true, ""rect"": {""x"": -17.0625, ""y"": 120, ""width"": 295.90625, ""height"": 355.09375, ""top"": 120, ""right"": 278.84375, ""bottom"": 475.09375, ""left"": -17.0625}, ""flip"": """"}, {""id"": ""carlos"", ""slot"": ""right"", ""src"": ""inline PNG generated by registered frozen-asset loader; see asset census"", ""placeholder"": false, ""loaded"": true, ""rect"": {""x"": 176.578125, ""y"": 113, ""width"": 295.90625, ""height"": 355.09375, ""top"": 113, ""right"": 472.484375, ""bottom"": 468.09375, ""left"": 176.578125}, ""flip"": """"}]}","Director dialogue world/UI split; native270x480 env; actor80x96 anchor40,88 unless frozen metadata overrides; inspect source state/shot for seated/child/boss",INSPECTED WITH FIXTURE,js/data/btf/adventures/new_oga_m4.js; js/scenes/adventure.js; js/data/art_registry.js; js/data/presentation_assets.js; js/data/btf/environments.js,"[[null, ""Carlos answers the VampGram message. He thinks the warehouse is a party."", {}]]; route={}; fight={}; minigame={}",Approved stillness/off-screen speaker accepted; important action gaps only those identified in ASSET_GAP_MATRIX. No missing image inferred from empty authored props.
NEW_OGA_M4:beat1_out,INHERITED from selected predecessor,inherit/dynamic — see source and predecessors,"""INHERITED from selected predecessor""",,[],"{""method"": ""SOURCE-ONLY""}","Director dialogue world/UI split; native270x480 env; actor80x96 anchor40,88 unless frozen metadata overrides; inspect source state/shot for seated/child/boss",SOURCE-ONLY,js/data/btf/adventures/new_oga_m4.js; js/scenes/adventure.js; js/data/art_registry.js; js/data/presentation_assets.js; js/data/btf/environments.js,"[[null, ""Rich asks for a replacement job instead."", {}]]; route={}; fight={}; minigame={}",Approved stillness/off-screen speaker accepted; important action gaps only those identified in ASSET_GAP_MATRIX. No missing image inferred from empty authored props.
NEW_OGA_M4:beat2,street_night,assets/before_the_fame/environments/street_night/street_night_270x480.png,"{""left"": ""rich"", ""right"": ""carlos""}",left:rich = assets/rich_standing_right.png; right:carlos = assets/before_the_fame/characters/carlos/runtime_80x96/carlos_neutral_happy_anchor_80x96_review_v1.png,[],"{""env"": ""street_night"", ""placeholder"": false, ""actors"": [{""id"": ""rich"", ""slot"": ""left"", ""src"": ""assets/rich_standing_right.png"", ""placeholder"": false, ""loaded"": true, ""rect"": {""x"": -2.90625, ""y"": 191, ""width"": 213.765625, ""height"": 256.53125, ""top"": 191, ""right"": 210.859375, ""bottom"": 447.53125, ""left"": -2.90625}, ""flip"": """"}, {""id"": ""carlos"", ""slot"": ""right"", ""src"": ""inline PNG generated by registered frozen-asset loader; see asset census"", ""placeholder"": false, ""loaded"": true, ""rect"": {""x"": 179.078125, ""y"": 191, ""width"": 213.765625, ""height"": 256.53125, ""top"": 191, ""right"": 392.84375, ""bottom"": 447.53125, ""left"": 179.078125}, ""flip"": """"}]}","Director dialogue world/UI split; native270x480 env; actor80x96 anchor40,88 unless frozen metadata overrides; inspect source state/shot for seated/child/boss",INSPECTED WITH FIXTURE,js/data/btf/adventures/new_oga_m4.js; js/scenes/adventure.js; js/data/art_registry.js; js/data/presentation_assets.js; js/data/btf/environments.js,"[[""carlos"", ""Carlos gets in expecting a party."", {""entrance"": ""carlos""}]]; route={}; fight={}; minigame={}",Approved stillness/off-screen speaker accepted; important action gaps only those identified in ASSET_GAP_MATRIX. No missing image inferred from empty authored props.
NEW_OGA_M4:beat2_out,INHERITED from selected predecessor,inherit/dynamic — see source and predecessors,"""INHERITED from selected predecessor""",,[],"{""method"": ""SOURCE-ONLY""}","Director dialogue world/UI split; native270x480 env; actor80x96 anchor40,88 unless frozen metadata overrides; inspect source state/shot for seated/child/boss",SOURCE-ONLY,js/data/btf/adventures/new_oga_m4.js; js/scenes/adventure.js; js/data/art_registry.js; js/data/presentation_assets.js; js/data/btf/environments.js,"[[null, ""Carlos never shows at the warehouse."", {}]]; route={}; fight={}; minigame={}",Approved stillness/off-screen speaker accepted; important action gaps only those identified in ASSET_GAP_MATRIX. No missing image inferred from empty authored props.
NEW_OGA_M4:beat3,street_night,assets/before_the_fame/environments/street_night/street_night_270x480.png,"{""left"": ""rich"", ""right"": ""carlos""}",left:rich = assets/rich_standing_right.png; right:carlos = assets/before_the_fame/characters/carlos/runtime_80x96/carlos_neutral_happy_anchor_80x96_review_v1.png,[],"{""env"": ""street_night"", ""placeholder"": false, ""actors"": [{""id"": ""rich"", ""slot"": ""left"", ""src"": ""assets/rich_standing_right.png"", ""placeholder"": false, ""loaded"": true, ""rect"": {""x"": -2.90625, ""y"": 191, ""width"": 213.765625, ""height"": 256.53125, ""top"": 191, ""right"": 210.859375, ""bottom"": 447.53125, ""left"": -2.90625}, ""flip"": """"}, {""id"": ""carlos"", ""slot"": ""right"", ""src"": ""inline PNG generated by registered frozen-asset loader; see asset census"", ""placeholder"": false, ""loaded"": true, ""rect"": {""x"": 179.078125, ""y"": 191, ""width"": 213.765625, ""height"": 256.53125, ""top"": 191, ""right"": 392.84375, ""bottom"": 447.53125, ""left"": 179.078125}, ""flip"": """"}]}","Director dialogue world/UI split; native270x480 env; actor80x96 anchor40,88 unless frozen metadata overrides; inspect source state/shot for seated/child/boss",INSPECTED WITH FIXTURE,js/data/btf/adventures/new_oga_m4.js; js/scenes/adventure.js; js/data/art_registry.js; js/data/presentation_assets.js; js/data/btf/environments.js,"[[null, ""uncles rental van headed to koreatown free ride finally"", {}]]; route={}; fight={}; minigame={}",Approved stillness/off-screen speaker accepted; important action gaps only those identified in ASSET_GAP_MATRIX. No missing image inferred from empty authored props.
NEW_OGA_M4:beat3_out,INHERITED from selected predecessor,inherit/dynamic — see source and predecessors,"""INHERITED from selected predecessor""",,[],"{""method"": ""SOURCE-ONLY""}","Director dialogue world/UI split; native270x480 env; actor80x96 anchor40,88 unless frozen metadata overrides; inspect source state/shot for seated/child/boss",SOURCE-ONLY,js/data/btf/adventures/new_oga_m4.js; js/scenes/adventure.js; js/data/art_registry.js; js/data/presentation_assets.js; js/data/btf/environments.js,"[[null, ""The car-trouble act works. Carlos walks home thinking the car is haunted."", {}]]; route={}; fight={}; minigame={}",Approved stillness/off-screen speaker accepted; important action gaps only those identified in ASSET_GAP_MATRIX. No missing image inferred from empty authored props.
NEW_OGA_M4:beat4,gbenga_rentals,assets/build4/p_d/gbenga_rentals_workday_270x480.png,"{""left"": ""rich"", ""right"": ""carlos""}",left:rich = assets/rich_standing_right.png; right:carlos = assets/before_the_fame/characters/carlos/runtime_80x96/carlos_neutral_happy_anchor_80x96_review_v1.png,[],"{""env"": ""gbenga_rentals"", ""placeholder"": false, ""actors"": [{""id"": ""rich"", ""slot"": ""left"", ""src"": ""assets/rich_standing_right.png"", ""placeholder"": false, ""loaded"": true, ""rect"": {""x"": -2.90625, ""y"": 191, ""width"": 213.765625, ""height"": 256.53125, ""top"": 191, ""right"": 210.859375, ""bottom"": 447.53125, ""left"": -2.90625}, ""flip"": """"}, {""id"": ""carlos"", ""slot"": ""right"", ""src"": ""inline PNG generated by registered frozen-asset loader; see asset census"", ""placeholder"": false, ""loaded"": true, ""rect"": {""x"": 179.078125, ""y"": 191, ""width"": 213.765625, ""height"": 256.53125, ""top"": 191, ""right"": 392.84375, ""bottom"": 447.53125, ""left"": 179.078125}, ""flip"": """"}]}","Director dialogue world/UI split; native270x480 env; actor80x96 anchor40,88 unless frozen metadata overrides; inspect source state/shot for seated/child/boss",INSPECTED WITH FIXTURE,js/data/btf/adventures/new_oga_m4.js; js/scenes/adventure.js; js/data/art_registry.js; js/data/presentation_assets.js; js/data/btf/environments.js,"[[null, ""At the warehouse door, Carlos realizes there is no party."", {}]]; route={}; fight={}; minigame={}",Approved stillness/off-screen speaker accepted; important action gaps only those identified in ASSET_GAP_MATRIX. No missing image inferred from empty authored props.
NEW_OGA_M4:walk_in,INHERITED from selected predecessor,assets/build4/p_d/gbenga_rentals_workday_270x480.png,"{""left"": ""carlos"", ""right"": ""gbenga""}",left:carlos = assets/before_the_fame/characters/carlos/runtime_80x96/carlos_neutral_happy_anchor_80x96_review_v1.png; right:gbenga = assets/before_the_fame/characters/gbenga/runtime_80x96/gbenga_adjusting_sleeves_80x96_v2.png,[],"{""env"": ""gbenga_rentals"", ""placeholder"": false, ""actors"": [{""id"": ""carlos"", ""slot"": ""left"", ""src"": ""inline PNG generated by registered frozen-asset loader; see asset census"", ""placeholder"": false, ""loaded"": true, ""rect"": {""x"": -1.40625, ""y"": 191, ""width"": 213.765625, ""height"": 256.53125, ""top"": 191, ""right"": 212.359375, ""bottom"": 447.53125, ""left"": -1.40625}, ""flip"": """"}, {""id"": ""gbenga"", ""slot"": ""right"", ""src"": ""inline PNG generated by registered frozen-asset loader; see asset census"", ""placeholder"": false, ""loaded"": true, ""rect"": {""x"": 177.578125, ""y"": 191, ""width"": 213.765625, ""height"": 256.53125, ""top"": 191, ""right"": 391.34375, ""bottom"": 447.53125, ""left"": 177.578125}, ""flip"": """"}]}","Director dialogue world/UI split; native270x480 env; actor80x96 anchor40,88 unless frozen metadata overrides; inspect source state/shot for seated/child/boss",INSPECTED WITH FIXTURE,js/data/btf/adventures/new_oga_m4.js; js/scenes/adventure.js; js/data/art_registry.js; js/data/presentation_assets.js; js/data/btf/environments.js,"[[null, ""Carlos is not hurt. He works the debt off setting canopies and unfollows Rich."", {}]]; route={}; fight={}; minigame={}",Approved stillness/off-screen speaker accepted; important action gaps only those identified in ASSET_GAP_MATRIX. No missing image inferred from empty authored props.
NEW_OGA_M4:run,street_night,assets/before_the_fame/environments/street_night/street_night_270x480.png,"{""left"": ""rich"", ""right"": ""carlos""}",left:rich = assets/rich_standing_right.png; right:carlos = assets/before_the_fame/characters/carlos/runtime_80x96/carlos_neutral_happy_anchor_80x96_review_v1.png,[],"{""env"": ""street_night"", ""placeholder"": false, ""actors"": [{""id"": ""rich"", ""slot"": ""left"", ""src"": ""assets/rich_standing_right.png"", ""placeholder"": false, ""loaded"": true, ""rect"": {""x"": -2.90625, ""y"": 191, ""width"": 213.765625, ""height"": 256.53125, ""top"": 191, ""right"": 210.859375, ""bottom"": 447.53125, ""left"": -2.90625}, ""flip"": """"}, {""id"": ""carlos"", ""slot"": ""right"", ""src"": ""inline PNG generated by registered frozen-asset loader; see asset census"", ""placeholder"": false, ""loaded"": true, ""rect"": {""x"": 179.078125, ""y"": 191, ""width"": 213.765625, ""height"": 256.53125, ""top"": 191, ""right"": 392.84375, ""bottom"": 447.53125, ""left"": 179.078125}, ""flip"": """"}]}","Director dialogue world/UI split; native270x480 env; actor80x96 anchor40,88 unless frozen metadata overrides; inspect source state/shot for seated/child/boss",INSPECTED WITH FIXTURE,js/data/btf/adventures/new_oga_m4.js; js/scenes/adventure.js; js/data/art_registry.js; js/data/presentation_assets.js; js/data/btf/environments.js,"[[null, ""carlos running rich in uncles van making it look close"", {}]]; route={}; fight={}; minigame={""id"": ""touge"", ""params"": {""function"": ""()=>({course:'warehouse_alleys',car:RACars.toTouge(RALife.ownedCars()[0]),durationSeconds:T().m4.ESCAPE_DURATION_SECONDS,escapeRunner:'Carlos'})""}, ""next"": {""function"": ""(A,result)=>{const band=escapeBand(result);A.set('m4TougeBand',band);return band==='LOW'?'run_low':'run_high';}""}}",Approved stillness/off-screen speaker accepted; important action gaps only those identified in ASSET_GAP_MATRIX. No missing image inferred from empty authored props.
NEW_OGA_M4:run_low,INHERITED from selected predecessor,inherit/dynamic — see source and predecessors,"""INHERITED from selected predecessor""",,[],"{""method"": ""SOURCE-ONLY""}","Director dialogue world/UI split; native270x480 env; actor80x96 anchor40,88 unless frozen metadata overrides; inspect source state/shot for seated/child/boss",SOURCE-ONLY,js/data/btf/adventures/new_oga_m4.js; js/scenes/adventure.js; js/data/art_registry.js; js/data/presentation_assets.js; js/data/btf/environments.js,"[[null, ""The excuse lands. Carlos is gone."", {}]]; route={}; fight={}; minigame={}",Approved stillness/off-screen speaker accepted; important action gaps only those identified in ASSET_GAP_MATRIX. No missing image inferred from empty authored props.
NEW_OGA_M4:run_high,INHERITED from selected predecessor,inherit/dynamic — see source and predecessors,"""INHERITED from selected predecessor""",,[],"{""method"": ""SOURCE-ONLY""}","Director dialogue world/UI split; native270x480 env; actor80x96 anchor40,88 unless frozen metadata overrides; inspect source state/shot for seated/child/boss",SOURCE-ONLY,js/data/btf/adventures/new_oga_m4.js; js/scenes/adventure.js; js/data/art_registry.js; js/data/presentation_assets.js; js/data/btf/environments.js,"[[""gbenga"", ""You nearly had him?!"", {}], [null, ""Carlos is still gone."", {}]]; route={}; fight={}; minigame={}",Approved stillness/off-screen speaker accepted; important action gaps only those identified in ASSET_GAP_MATRIX. No missing image inferred from empty authored props.
NEW_OGA_ALTERNATIVE:voice,gbenga_rentals,assets/build4/p_d/gbenga_rentals_workday_270x480.png,"{""left"": ""rich"", ""right"": ""gbenga""}",left:rich = assets/rich_standing_right.png; right:gbenga = assets/before_the_fame/characters/gbenga/runtime_80x96/gbenga_adjusting_sleeves_80x96_v2.png,[],"{""env"": ""gbenga_rentals"", ""placeholder"": false, ""actors"": [{""id"": ""rich"", ""slot"": ""left"", ""src"": ""assets/rich_standing_right.png"", ""placeholder"": false, ""loaded"": true, ""rect"": {""x"": -2.0625, ""y"": 191, ""width"": 213.765625, ""height"": 256.53125, ""top"": 191, ""right"": 211.703125, ""bottom"": 447.53125, ""left"": -2.0625}, ""flip"": """"}, {""id"": ""gbenga"", ""slot"": ""right"", ""src"": ""inline PNG generated by registered frozen-asset loader; see asset census"", ""placeholder"": false, ""loaded"": true, ""rect"": {""x"": 178.25, ""y"": 191, ""width"": 213.765625, ""height"": 256.53125, ""top"": 191, ""right"": 392.015625, ""bottom"": 447.53125, ""left"": 178.25}, ""flip"": """"}]}","Director dialogue world/UI split; native270x480 env; actor80x96 anchor40,88 unless frozen metadata overrides; inspect source state/shot for seated/child/boss",INSPECTED WITH FIXTURE,js/data/btf/adventures/new_oga_m4.js; js/scenes/adventure.js; js/data/art_registry.js; js/data/presentation_assets.js; js/data/btf/environments.js,"[[null, ""Another GBENGA'S EVENT RENTALS delivery is waiting."", {}]]; route={}; fight={}; minigame={}",Approved stillness/off-screen speaker accepted; important action gaps only those identified in ASSET_GAP_MATRIX. No missing image inferred from empty authored props.
NEW_OGA_ALTERNATIVE:delivery,INHERITED from selected predecessor,inherit/dynamic — see source and predecessors,"""INHERITED from selected predecessor""",,[],"{""method"": ""SOURCE-ONLY""}","Director dialogue world/UI split; native270x480 env; actor80x96 anchor40,88 unless frozen metadata overrides; inspect source state/shot for seated/child/boss",CUT,js/data/btf/adventures/new_oga_m4.js; js/scenes/adventure.js; js/data/art_registry.js; js/data/presentation_assets.js; js/data/btf/environments.js,"[[null, ""The rental delivery is completed as a scene."", {}]]; route={}; fight={}; minigame={}",Approved stillness/off-screen speaker accepted; important action gaps only those identified in ASSET_GAP_MATRIX. No missing image inferred from empty authored props.
NEW_OGA_ALTERNATIVE:chairs,INHERITED from selected predecessor,inherit/dynamic — see source and predecessors,"""INHERITED from selected predecessor""",,[],"{""method"": ""SOURCE-ONLY""}","Director dialogue world/UI split; native270x480 env; actor80x96 anchor40,88 unless frozen metadata overrides; inspect source state/shot for seated/child/boss",SOURCE-ONLY,js/data/btf/adventures/new_oga_m4.js; js/scenes/adventure.js; js/data/art_registry.js; js/data/presentation_assets.js; js/data/btf/environments.js,"[]; route={}; fight={}; minigame={""id"": ""slurp"", ""params"": {""function"": ""()=>({canopyDuty:true,totalChairs:T().chairs.AUTHORED_TOTAL,durationMs:T().chairs.DURATION_MS,bundleSize:T().chairs.BUNDLE_SIZE})""}, ""next"": {""function"": ""(A,r)=>{A.set('chairs',r?.data||{});return 'critique';}""}}",Approved stillness/off-screen speaker accepted; important action gaps only those identified in ASSET_GAP_MATRIX. No missing image inferred from empty authored props.
NEW_OGA_ALTERNATIVE:critique,carson_owambe,assets/build4/p_d/p_d_carson_owambe.png,"{""left"": ""rich"", ""right"": ""auntie""}",left:rich = assets/rich_standing_right.png; right:auntie = assets/before_the_fame/characters/auntie/auntie_register_neutral_80x96.png,[],"{""env"": ""carson_owambe"", ""placeholder"": false, ""actors"": [{""id"": ""rich"", ""slot"": ""left"", ""src"": ""assets/rich_standing_right.png"", ""placeholder"": false, ""loaded"": true, ""rect"": {""x"": -18.734375, ""y"": 94, ""width"": 320, ""height"": 384, ""top"": 94, ""right"": 301.265625, ""bottom"": 478, ""left"": -18.734375}, ""flip"": """"}, {""id"": ""auntie"", ""slot"": ""right"", ""src"": ""assets/before_the_fame/characters/auntie/auntie_register_neutral_80x96.png"", ""placeholder"": false, ""loaded"": true, ""rect"": {""x"": 176.578125, ""y"": 90, ""width"": 320, ""height"": 384, ""top"": 90, ""right"": 496.578125, ""bottom"": 474, ""left"": 176.578125}, ""flip"": """"}]}","Director dialogue world/UI split; native270x480 env; actor80x96 anchor40,88 unless frozen metadata overrides; inspect source state/shot for seated/child/boss",INSPECTED WITH FIXTURE,js/data/btf/adventures/new_oga_m4.js; js/scenes/adventure.js; js/data/art_registry.js; js/data/presentation_assets.js; js/data/btf/environments.js,"{""function"": ""A=>A.vars.chairs?.success?[N('all sixty chairs are stacked and carried in.')]:[N('the aunties critique the chair stacks. the rank is not blocked.')]""}; route={}; fight={}; minigame={}",Approved stillness/off-screen speaker accepted; important action gaps only those identified in ASSET_GAP_MATRIX. No missing image inferred from empty authored props.
NEW_OGA_ALTERNATIVE:complete,INHERITED from selected predecessor,inherit/dynamic — see source and predecessors,"""INHERITED from selected predecessor""",,[],"{""method"": ""SOURCE-ONLY""}","Director dialogue world/UI split; native270x480 env; actor80x96 anchor40,88 unless frozen metadata overrides; inspect source state/shot for seated/child/boss",SOURCE-ONLY,js/data/btf/adventures/new_oga_m4.js; js/scenes/adventure.js; js/data/art_registry.js; js/data/presentation_assets.js; js/data/btf/environments.js,"[[null, ""The rental delivery is completed."", {}]]; route={}; fight={}; minigame={}",Approved stillness/off-screen speaker accepted; important action gaps only those identified in ASSET_GAP_MATRIX. No missing image inferred from empty authored props.
NEW_OGA_M5:voice,bedroom,assets/rich_bedroom_environment_270x480.png,"{""left"": ""rich""}",left:rich = assets/rich_standing_right.png,[],"{""env"": ""bedroom"", ""placeholder"": false, ""actors"": [{""id"": ""rich"", ""slot"": ""left"", ""src"": ""assets/rich_standing_right.png"", ""placeholder"": false, ""loaded"": true, ""rect"": {""x"": -3.734375, ""y"": 94, ""width"": 320, ""height"": 384, ""top"": 94, ""right"": 316.265625, ""bottom"": 478, ""left"": -3.734375}, ""flip"": """"}]}","Director dialogue world/UI split; native270x480 env; actor80x96 anchor40,88 unless frozen metadata overrides; inspect source state/shot for seated/child/boss",INSPECTED WITH FIXTURE,js/data/btf/adventures/new_oga_m5_m6.js; js/scenes/adventure.js; js/data/art_registry.js; js/data/presentation_assets.js; js/data/btf/environments.js,"[[null, ""Gbenga assigns a thirty-thousand-dollar collection at Uncle Bamidele’s 60th-birthday owambe."", {}]]; route={}; fight={}; minigame={}",Approved stillness/off-screen speaker accepted; important action gaps only those identified in ASSET_GAP_MATRIX. No missing image inferred from empty authored props.
NEW_OGA_M5:arrival,carson_owambe,assets/build4/p_d/p_d_carson_owambe.png,"{""left"": ""rich"", ""right"": ""uncle_bamidele""}",left:rich = assets/rich_standing_right.png; right:uncle_bamidele = assets/build4/p_d/p_d_uncle_bamidele_80x96.png,[],"{""env"": ""carson_owambe"", ""placeholder"": false, ""actors"": [{""id"": ""rich"", ""slot"": ""left"", ""src"": ""assets/rich_standing_right.png"", ""placeholder"": false, ""loaded"": true, ""rect"": {""x"": -17.0625, ""y"": 120, ""width"": 295.90625, ""height"": 355.09375, ""top"": 120, ""right"": 278.84375, ""bottom"": 475.09375, ""left"": -17.0625}, ""flip"": """"}, {""id"": ""uncle_bamidele"", ""slot"": ""right"", ""src"": ""inline PNG generated by registered frozen-asset loader; see asset census"", ""placeholder"": false, ""loaded"": true, ""rect"": {""x"": 176.578125, ""y"": 117, ""width"": 295.90625, ""height"": 355.09375, ""top"": 117, ""right"": 472.484375, ""bottom"": 472.09375, ""left"": 176.578125}, ""flip"": """"}]}","Director dialogue world/UI split; native270x480 env; actor80x96 anchor40,88 unless frozen metadata overrides; inspect source state/shot for seated/child/boss",INSPECTED WITH FIXTURE,js/data/btf/adventures/new_oga_m5_m6.js; js/scenes/adventure.js; js/data/art_registry.js; js/data/presentation_assets.js; js/data/btf/environments.js,"[[""uncle_bamidele"", ""Cash fills the air around Uncle Bamidele while the aunties watch the dance floor."", {""entrance"": ""uncle_bamidele""}]]; route={}; fight={}; minigame={}",Approved stillness/off-screen speaker accepted; important action gaps only those identified in ASSET_GAP_MATRIX. No missing image inferred from empty authored props.
NEW_OGA_M5:collect,INHERITED from selected predecessor,inherit/dynamic — see source and predecessors,"""INHERITED from selected predecessor""",,[],"{""method"": ""SOURCE-ONLY""}","Director dialogue world/UI split; native270x480 env; actor80x96 anchor40,88 unless frozen metadata overrides; inspect source state/shot for seated/child/boss",SOURCE-ONLY,js/data/btf/adventures/new_oga_m5_m6.js; js/scenes/adventure.js; js/data/art_registry.js; js/data/presentation_assets.js; js/data/btf/environments.js,"[]; route={}; fight={}; minigame={""id"": ""owambe_collection"", ""params"": {""function"": ""()=>({seed:`m5-${RALife.today().day}`})""}, ""next"": {""function"": ""(A,result)=>{if(result?.quit)return 'collect';const data=result?.data||{};A.set('m5AmountCaught',data.amountCaught||0);A.set('m5Attention',data.attention||0);const synthetic={WIN:'SUCCESS',LOSE:'GREEDY',DONE:'SHORT'},raw=String(data.result||result?.outcome||'').toUpperCase(),outcome=synthetic[raw]||raw;return {SUCCESS:'success',SHORT:'short',GREEDY:'greedy',BACK_OUT:'backout'}[outcome]||'collect';}""}}",Approved stillness/off-screen speaker accepted; important action gaps only those identified in ASSET_GAP_MATRIX. No missing image inferred from empty authored props.
NEW_OGA_M5:success,INHERITED from selected predecessor,inherit/dynamic — see source and predecessors,"""INHERITED from selected predecessor""",,[],"{""method"": ""SOURCE-ONLY""}","Director dialogue world/UI split; native270x480 env; actor80x96 anchor40,88 unless frozen metadata overrides; inspect source state/shot for seated/child/boss",SOURCE-ONLY,js/data/btf/adventures/new_oga_m5_m6.js; js/scenes/adventure.js; js/data/art_registry.js; js/data/presentation_assets.js; js/data/btf/environments.js,"[[null, ""The full collection is secured without turning the party."", {}]]; route={}; fight={}; minigame={}",Approved stillness/off-screen speaker accepted; important action gaps only those identified in ASSET_GAP_MATRIX. No missing image inferred from empty authored props.
NEW_OGA_M5:short,INHERITED from selected predecessor,inherit/dynamic — see source and predecessors,"""INHERITED from selected predecessor""",,[],"{""method"": ""SOURCE-ONLY""}","Director dialogue world/UI split; native270x480 env; actor80x96 anchor40,88 unless frozen metadata overrides; inspect source state/shot for seated/child/boss",SOURCE-ONLY,js/data/btf/adventures/new_oga_m5_m6.js; js/scenes/adventure.js; js/data/art_registry.js; js/data/presentation_assets.js; js/data/btf/environments.js,"[[null, ""The song ends before the full collection is secured."", {}]]; route={}; fight={}; minigame={}",Approved stillness/off-screen speaker accepted; important action gaps only those identified in ASSET_GAP_MATRIX. No missing image inferred from empty authored props.
NEW_OGA_M5:greedy,INHERITED from selected predecessor,assets/build4/p_d/p_d_carson_owambe.png,"{""left"": ""rich"", ""right"": ""auntie""}",left:rich = assets/rich_standing_right.png; right:auntie = assets/before_the_fame/characters/auntie/auntie_register_neutral_80x96.png,[],"{""env"": ""carson_owambe"", ""placeholder"": false, ""actors"": [{""id"": ""rich"", ""slot"": ""left"", ""src"": ""assets/rich_standing_right.png"", ""placeholder"": false, ""loaded"": true, ""rect"": {""x"": -18.734375, ""y"": 94, ""width"": 320, ""height"": 384, ""top"": 94, ""right"": 301.265625, ""bottom"": 478, ""left"": -18.734375}, ""flip"": """"}, {""id"": ""auntie"", ""slot"": ""right"", ""src"": ""assets/before_the_fame/characters/auntie/auntie_register_neutral_80x96.png"", ""placeholder"": false, ""loaded"": true, ""rect"": {""x"": 176.578125, ""y"": 90, ""width"": 320, ""height"": 384, ""top"": 90, ""right"": 496.578125, ""bottom"": 474, ""left"": 176.578125}, ""flip"": """"}]}","Director dialogue world/UI split; native270x480 env; actor80x96 anchor40,88 unless frozen metadata overrides; inspect source state/shot for seated/child/boss",INSPECTED WITH FIXTURE,js/data/btf/adventures/new_oga_m5_m6.js; js/scenes/adventure.js; js/data/art_registry.js; js/data/presentation_assets.js; js/data/btf/environments.js,"[[null, ""The aunties turn, reclaim every bill, and end the collection."", {}]]; route={}; fight={}; minigame={}",Approved stillness/off-screen speaker accepted; important action gaps only those identified in ASSET_GAP_MATRIX. No missing image inferred from empty authored props.
NEW_OGA_M5:backout,INHERITED from selected predecessor,assets/build4/p_d/p_d_carson_owambe.png,"{""left"": ""rich"", ""right"": ""uncle_bamidele""}",left:rich = assets/rich_standing_right.png; right:uncle_bamidele = assets/build4/p_d/p_d_uncle_bamidele_80x96.png,[],"{""env"": ""carson_owambe"", ""placeholder"": false, ""actors"": [{""id"": ""rich"", ""slot"": ""left"", ""src"": ""assets/rich_standing_right.png"", ""placeholder"": false, ""loaded"": true, ""rect"": {""x"": -2.90625, ""y"": 191, ""width"": 213.765625, ""height"": 256.53125, ""top"": 191, ""right"": 210.859375, ""bottom"": 447.53125, ""left"": -2.90625}, ""flip"": """"}, {""id"": ""uncle_bamidele"", ""slot"": ""right"", ""src"": ""inline PNG generated by registered frozen-asset loader; see asset census"", ""placeholder"": false, ""loaded"": true, ""rect"": {""x"": 179.078125, ""y"": 191, ""width"": 213.765625, ""height"": 256.53125, ""top"": 191, ""right"": 392.84375, ""bottom"": 447.53125, ""left"": 179.078125}, ""flip"": """"}]}","Director dialogue world/UI split; native270x480 env; actor80x96 anchor40,88 unless frozen metadata overrides; inspect source state/shot for seated/child/boss",INSPECTED WITH FIXTURE,js/data/btf/adventures/new_oga_m5_m6.js; js/scenes/adventure.js; js/data/art_registry.js; js/data/presentation_assets.js; js/data/btf/environments.js,"[[null, ""Rich dances with Uncle Bamidele and collects nothing."", {}], [""gbenga"", ""…was the jollof good?"", {}]]; route={}; fight={}; minigame={}",Approved stillness/off-screen speaker accepted; important action gaps only those identified in ASSET_GAP_MATRIX. No missing image inferred from empty authored props.
NEW_OGA_M6:voice,bedroom,assets/rich_bedroom_environment_270x480.png,"{""left"": ""rich"", ""right"": ""senator""}",left:rich = assets/rich_standing_right.png; right:senator = assets/build4/p_d/p_d_senator_sitting_160x160.png,[],"{""env"": ""bedroom"", ""placeholder"": false, ""actors"": [{""id"": ""rich"", ""slot"": ""left"", ""src"": ""assets/rich_standing_right.png"", ""placeholder"": false, ""loaded"": true, ""rect"": {""x"": -17.234375, ""y"": 94, ""width"": 320, ""height"": 384, ""top"": 94, ""right"": 302.765625, ""bottom"": 478, ""left"": -17.234375}, ""flip"": """"}, {""id"": ""senator"", ""slot"": ""right"", ""src"": ""inline PNG generated by registered frozen-asset loader; see asset census"", ""placeholder"": false, ""loaded"": true, ""rect"": {""x"": 184.75, ""y"": 274, ""width"": 156, ""height"": 187.1875, ""top"": 274, ""right"": 340.75, ""bottom"": 461.1875, ""left"": 184.75}, ""flip"": """"}]}","Director dialogue world/UI split; native270x480 env; actor80x96 anchor40,88 unless frozen metadata overrides; inspect source state/shot for seated/child/boss",INSPECTED WITH FIXTURE,js/data/btf/adventures/new_oga_m5_m6.js; js/scenes/adventure.js; js/data/art_registry.js; js/data/presentation_assets.js; js/data/btf/environments.js,"[[null, ""Gbenga leaves town for one night. Senator stays at Rich’s castle."", {}]]; route={}; fight={}; minigame={}",Approved stillness/off-screen speaker accepted; important action gaps only those identified in ASSET_GAP_MATRIX. No missing image inferred from empty authored props.
NEW_OGA_M6:egusi,INHERITED from selected predecessor,assets/rich_bedroom_environment_270x480.png,"{""left"": ""cat"", ""right"": ""senator""}",left:cat = assets/before_the_fame/creatures/cat/sphynx_cat_sitting_48x32.png; right:senator = assets/build4/p_d/p_d_senator_sitting_160x160.png,[],"{""env"": ""bedroom"", ""placeholder"": false, ""actors"": [{""id"": ""cat"", ""slot"": ""left"", ""src"": ""assets/before_the_fame/creatures/cat/sphynx_cat_sitting_48x32.png"", ""placeholder"": false, ""loaded"": true, ""rect"": {""x"": -9.734375, ""y"": 322, ""width"": 192, ""height"": 128, ""top"": 322, ""right"": 182.265625, ""bottom"": 450, ""left"": -9.734375}, ""flip"": """"}, {""id"": ""senator"", ""slot"": ""right"", ""src"": ""inline PNG generated by registered frozen-asset loader; see asset census"", ""placeholder"": false, ""loaded"": true, ""rect"": {""x"": 184.75, ""y"": 274, ""width"": 156, ""height"": 187.1875, ""top"": 274, ""right"": 340.75, ""bottom"": 461.1875, ""left"": 184.75}, ""flip"": """"}]}","Director dialogue world/UI split; native270x480 env; actor80x96 anchor40,88 unless frozen metadata overrides; inspect source state/shot for seated/child/boss",INSPECTED WITH FIXTURE,js/data/btf/adventures/new_oga_m5_m6.js; js/scenes/adventure.js; js/data/art_registry.js; js/data/presentation_assets.js; js/data/btf/environments.js,"[[null, ""Senator challenges Egusi. Senator loses."", {}]]; route={}; fight={}; minigame={}",Approved stillness/off-screen speaker accepted; important action gaps only those identified in ASSET_GAP_MATRIX. No missing image inferred from empty authored props.
NEW_OGA_M6:mazda,INHERITED from selected predecessor,assets/rich_bedroom_environment_270x480.png,"{""left"": ""mazda_human"", ""right"": ""senator""}",left:mazda_human = assets/before_the_fame/characters/mazda_human/blueberry_mazda_human_neutral_80x96.png; right:senator = assets/build4/p_d/p_d_senator_sitting_160x160.png,[],"{""env"": ""bedroom"", ""placeholder"": false, ""actors"": [{""id"": ""mazda_human"", ""slot"": ""left"", ""src"": ""assets/before_the_fame/characters/mazda_human/blueberry_mazda_human_neutral_80x96.png"", ""placeholder"": false, ""loaded"": true, ""rect"": {""x"": -15.90625, ""y"": 94, ""width"": 320, ""height"": 384, ""top"": 94, ""right"": 304.09375, ""bottom"": 478, ""left"": -15.90625}, ""flip"": """"}, {""id"": ""senator"", ""slot"": ""right"", ""src"": ""inline PNG generated by registered frozen-asset loader; see asset census"", ""placeholder"": false, ""loaded"": true, ""rect"": {""x"": 184.75, ""y"": 274, ""width"": 156, ""height"": 187.1875, ""top"": 274, ""right"": 340.75, ""bottom"": 461.1875, ""left"": 184.75}, ""flip"": """"}]}","Director dialogue world/UI split; native270x480 env; actor80x96 anchor40,88 unless frozen metadata overrides; inspect source state/shot for seated/child/boss",INSPECTED WITH FIXTURE,js/data/btf/adventures/new_oga_m5_m6.js; js/scenes/adventure.js; js/data/art_registry.js; js/data/presentation_assets.js; js/data/btf/environments.js,"[[null, ""Senator and Mazda hold a perfect standoff."", {}]]; route={}; fight={}; minigame={}",Approved stillness/off-screen speaker accepted; important action gaps only those identified in ASSET_GAP_MATRIX. No missing image inferred from empty authored props.
NEW_OGA_M6:bread,INHERITED from selected predecessor,assets/rich_bedroom_environment_270x480.png,"{""left"": ""rich"", ""right"": ""senator""}",left:rich = assets/rich_standing_right.png; right:senator = assets/build4/p_d/p_d_senator_sitting_160x160.png,[],"{""env"": ""bedroom"", ""placeholder"": false, ""actors"": [{""id"": ""rich"", ""slot"": ""left"", ""src"": ""assets/rich_standing_right.png"", ""placeholder"": false, ""loaded"": true, ""rect"": {""x"": -17.234375, ""y"": 94, ""width"": 320, ""height"": 384, ""top"": 94, ""right"": 302.765625, ""bottom"": 478, ""left"": -17.234375}, ""flip"": """"}, {""id"": ""senator"", ""slot"": ""right"", ""src"": ""inline PNG generated by registered frozen-asset loader; see asset census"", ""placeholder"": false, ""loaded"": true, ""rect"": {""x"": 184.75, ""y"": 274, ""width"": 156, ""height"": 187.1875, ""top"": 274, ""right"": 340.75, ""bottom"": 461.1875, ""left"": 184.75}, ""flip"": """"}]}","Director dialogue world/UI split; native270x480 env; actor80x96 anchor40,88 unless frozen metadata overrides; inspect source state/shot for seated/child/boss",INSPECTED WITH FIXTURE,js/data/btf/adventures/new_oga_m5_m6.js; js/scenes/adventure.js; js/data/art_registry.js; js/data/presentation_assets.js; js/data/btf/environments.js,"[[null, ""Senator eats the Agege bread. No inventory changes hands."", {}]]; route={}; fight={}; minigame={}",Approved stillness/off-screen speaker accepted; important action gaps only those identified in ASSET_GAP_MATRIX. No missing image inferred from empty authored props.
NEW_OGA_M6:care,INHERITED from selected predecessor,inherit/dynamic — see source and predecessors,"""INHERITED from selected predecessor""",,[],"{""method"": ""SOURCE-ONLY""}","Director dialogue world/UI split; native270x480 env; actor80x96 anchor40,88 unless frozen metadata overrides; inspect source state/shot for seated/child/boss",SOURCE-ONLY,js/data/btf/adventures/new_oga_m5_m6.js; js/scenes/adventure.js; js/data/art_registry.js; js/data/presentation_assets.js; js/data/btf/environments.js,"[]; route={}; fight={}; minigame={""id"": ""hatch"", ""params"": {""function"": ""()=>({mode:'senator'})""}, ""next"": {""function"": ""(A,result)=>{if(result?.quit)return 'care';const data=result?.data||{},care=data.care||{};A.set('m6Care',care);return data.walked===true?'walked':'lost';}""}}",Approved stillness/off-screen speaker accepted; important action gaps only those identified in ASSET_GAP_MATRIX. No missing image inferred from empty authored props.
NEW_OGA_M6:walked,INHERITED from selected predecessor,assets/rich_bedroom_environment_270x480.png,"{""left"": ""rich"", ""right"": ""senator""}",left:rich = assets/rich_standing_right.png; right:senator = assets/build4/p_d/p_d_senator_sitting_160x160.png,[],"{""env"": ""bedroom"", ""placeholder"": false, ""actors"": [{""id"": ""rich"", ""slot"": ""left"", ""src"": ""assets/rich_standing_right.png"", ""placeholder"": false, ""loaded"": true, ""rect"": {""x"": -17.234375, ""y"": 94, ""width"": 320, ""height"": 384, ""top"": 94, ""right"": 302.765625, ""bottom"": 478, ""left"": -17.234375}, ""flip"": """"}, {""id"": ""senator"", ""slot"": ""right"", ""src"": ""inline PNG generated by registered frozen-asset loader; see asset census"", ""placeholder"": false, ""loaded"": true, ""rect"": {""x"": 184.75, ""y"": 274, ""width"": 156, ""height"": 187.1875, ""top"": 274, ""right"": 340.75, ""bottom"": 461.1875, ""left"": 184.75}, ""flip"": """"}]}","Director dialogue world/UI split; native270x480 env; actor80x96 anchor40,88 unless frozen metadata overrides; inspect source state/shot for seated/child/boss",INSPECTED WITH FIXTURE,js/data/btf/adventures/new_oga_m5_m6.js; js/scenes/adventure.js; js/data/art_registry.js; js/data/presentation_assets.js; js/data/btf/environments.js,"[[null, ""Senator settles on the throne for the rest of the night."", {}]]; route={}; fight={}; minigame={}",Approved stillness/off-screen speaker accepted; important action gaps only those identified in ASSET_GAP_MATRIX. No missing image inferred from empty authored props.
NEW_OGA_M6:lost,INHERITED from selected predecessor,assets/rich_bedroom_environment_270x480.png,"{""left"": ""rich""}",left:rich = assets/rich_standing_right.png,[],"{""env"": ""bedroom"", ""placeholder"": false, ""actors"": [{""id"": ""rich"", ""slot"": ""left"", ""src"": ""assets/rich_standing_right.png"", ""placeholder"": false, ""loaded"": true, ""rect"": {""x"": -3.734375, ""y"": 94, ""width"": 320, ""height"": 384, ""top"": 94, ""right"": 316.265625, ""bottom"": 478, ""left"": -3.734375}, ""flip"": """"}]}","Director dialogue world/UI split; native270x480 env; actor80x96 anchor40,88 unless frozen metadata overrides; inspect source state/shot for seated/child/boss",INSPECTED WITH FIXTURE,js/data/btf/adventures/new_oga_m5_m6.js; js/scenes/adventure.js; js/data/art_registry.js; js/data/presentation_assets.js; js/data/btf/environments.js,"[[null, ""Senator follows a squirrel into the night. Gbenga handles the recovery off-screen."", {}]]; route={}; fight={}; minigame={}",Approved stillness/off-screen speaker accepted; important action gaps only those identified in ASSET_GAP_MATRIX. No missing image inferred from empty authored props.
NEW_OGA_M7:arrival,gbenga_house_dining,assets/build4/p_d/p_d_gbenga_house_dining.png,"{""left"": ""rich"", ""mid"": ""mama_gbenga"", ""right"": ""gbenga""}",left:rich = assets/rich_standing_right.png; mid:mama_gbenga = assets/build4/p_d/p_d_mama_gbenga_80x96.png; right:gbenga = assets/before_the_fame/characters/gbenga/runtime_80x96/gbenga_adjusting_sleeves_80x96_v2.png,[],"{""env"": ""gbenga_house_dining"", ""placeholder"": false, ""actors"": [{""id"": ""rich"", ""slot"": ""left"", ""src"": ""assets/rich_standing_right.png"", ""placeholder"": false, ""loaded"": true, ""rect"": {""x"": -12.90625, ""y"": 171, ""width"": 249.75, ""height"": 299.703125, ""top"": 171, ""right"": 236.84375, ""bottom"": 470.703125, ""left"": -12.90625}, ""flip"": """"}, {""id"": ""mama_gbenga"", ""slot"": ""mid"", ""src"": ""inline PNG generated by registered frozen-asset loader; see asset census"", ""placeholder"": false, ""loaded"": true, ""rect"": {""x"": 78.578125, ""y"": 171, ""width"": 249.75, ""height"": 299.703125, ""top"": 171, ""right"": 328.328125, ""bottom"": 470.703125, ""left"": 78.578125}, ""flip"": """"}, {""id"": ""gbenga"", ""slot"": ""right"", ""src"": ""inline PNG generated by registered frozen-asset loader; see asset census"", ""placeholder"": false, ""loaded"": true, ""rect"": {""x"": 172.25, ""y"": 171, ""width"": 249.75, ""height"": 299.703125, ""top"": 171, ""right"": 422, ""bottom"": 470.703125, ""left"": 172.25}, ""flip"": """"}]}","Director dialogue world/UI split; native270x480 env; actor80x96 anchor40,88 unless frozen metadata overrides; inspect source state/shot for seated/child/boss",INSPECTED WITH FIXTURE,js/data/btf/adventures/new_oga_m7.js; js/scenes/adventure.js; js/data/art_registry.js; js/data/presentation_assets.js; js/data/btf/environments.js,"[[null, ""Gbenga's home is big, warm, and full of family detail: his university diploma, his grandchildren's drawings on the fridge, and Nollywood on the television."", {}]]; route={}; fight={}; minigame={}",Approved stillness/off-screen speaker accepted; important action gaps only those identified in ASSET_GAP_MATRIX. No missing image inferred from empty authored props.
NEW_OGA_M7:dinner,gbenga_house_dining,assets/build4/p_d/p_d_gbenga_house_dining.png,"{""left"": ""rich"", ""mid"": ""mama_gbenga"", ""right"": ""gbenga""}",left:rich = assets/rich_standing_right.png; mid:mama_gbenga = assets/build4/p_d/p_d_mama_gbenga_80x96.png; right:gbenga = assets/before_the_fame/characters/gbenga/runtime_80x96/gbenga_adjusting_sleeves_80x96_v2.png,[],"{""env"": ""gbenga_house_dining"", ""placeholder"": false, ""actors"": [{""id"": ""rich"", ""slot"": ""left"", ""src"": ""assets/rich_standing_right.png"", ""placeholder"": false, ""loaded"": true, ""rect"": {""x"": -12.90625, ""y"": 171, ""width"": 249.75, ""height"": 299.703125, ""top"": 171, ""right"": 236.84375, ""bottom"": 470.703125, ""left"": -12.90625}, ""flip"": """"}, {""id"": ""mama_gbenga"", ""slot"": ""mid"", ""src"": ""inline PNG generated by registered frozen-asset loader; see asset census"", ""placeholder"": false, ""loaded"": true, ""rect"": {""x"": 78.578125, ""y"": 171, ""width"": 249.75, ""height"": 299.703125, ""top"": 171, ""right"": 328.328125, ""bottom"": 470.703125, ""left"": 78.578125}, ""flip"": """"}, {""id"": ""gbenga"", ""slot"": ""right"", ""src"": ""inline PNG generated by registered frozen-asset loader; see asset census"", ""placeholder"": false, ""loaded"": true, ""rect"": {""x"": 172.25, ""y"": 171, ""width"": 249.75, ""height"": 299.703125, ""top"": 171, ""right"": 422, ""bottom"": 470.703125, ""left"": 172.25}, ""flip"": """"}]}","Director dialogue world/UI split; native270x480 env; actor80x96 anchor40,88 unless frozen metadata overrides; inspect source state/shot for seated/child/boss",INSPECTED WITH FIXTURE,js/data/btf/adventures/new_oga_m7.js; js/scenes/adventure.js; js/data/art_registry.js; js/data/presentation_assets.js; js/data/btf/environments.js,"[[null, ""Mama Gbenga, kind and sharp, runs the house and secretly keeps the business's books. She serves Rich until he cannot move."", {}]]; route={}; fight={}; minigame={}",Approved stillness/off-screen speaker accepted; important action gaps only those identified in ASSET_GAP_MATRIX. No missing image inferred from empty authored props.
NEW_OGA_M7:patio,gbenga_house_patio,assets/build4/p_d/p_d_gbenga_house_patio.png,"{""left"": ""rich"", ""right"": ""gbenga""}",left:rich = assets/rich_standing_right.png; right:gbenga = assets/before_the_fame/characters/gbenga/runtime_80x96/gbenga_adjusting_sleeves_80x96_v2.png,[],"{""env"": ""gbenga_house_patio"", ""placeholder"": false, ""actors"": [{""id"": ""rich"", ""slot"": ""left"", ""src"": ""assets/rich_standing_right.png"", ""placeholder"": false, ""loaded"": true, ""rect"": {""x"": -2.0625, ""y"": 191, ""width"": 213.765625, ""height"": 256.53125, ""top"": 191, ""right"": 211.703125, ""bottom"": 447.53125, ""left"": -2.0625}, ""flip"": """"}, {""id"": ""gbenga"", ""slot"": ""right"", ""src"": ""inline PNG generated by registered frozen-asset loader; see asset census"", ""placeholder"": false, ""loaded"": true, ""rect"": {""x"": 178.25, ""y"": 191, ""width"": 213.765625, ""height"": 256.53125, ""top"": 191, ""right"": 392.015625, ""bottom"": 447.53125, ""left"": 178.25}, ""flip"": """"}]}","Director dialogue world/UI split; native270x480 env; actor80x96 anchor40,88 unless frozen metadata overrides; inspect source state/shot for seated/child/boss",INSPECTED WITH FIXTURE,js/data/btf/adventures/new_oga_m7.js; js/scenes/adventure.js; js/data/art_registry.js; js/data/presentation_assets.js; js/data/btf/environments.js,"[[null, ""After dinner, Gbenga tells Rich about coming to Los Angeles with nothing and about Mister December, the man above him he fears."", {}], [null, ""Rich learns where the vault is, how the business actually works, and where Mister December stands above Gbenga."", {}]]; route={}; fight={}; minigame={}",Approved stillness/off-screen speaker accepted; important action gaps only those identified in ASSET_GAP_MATRIX. No missing image inferred from empty authored props.
NEW_OGA_M7:door,gbenga_house_dining,assets/build4/p_d/p_d_gbenga_house_dining.png,"{""left"": ""rich"", ""right"": ""mama_gbenga""}",left:rich = assets/rich_standing_right.png; right:mama_gbenga = assets/build4/p_d/p_d_mama_gbenga_80x96.png,[],"{""env"": ""gbenga_house_dining"", ""placeholder"": false, ""actors"": [{""id"": ""rich"", ""slot"": ""left"", ""src"": ""assets/rich_standing_right.png"", ""placeholder"": false, ""loaded"": true, ""rect"": {""x"": -2.90625, ""y"": 191, ""width"": 213.765625, ""height"": 256.53125, ""top"": 191, ""right"": 210.859375, ""bottom"": 447.53125, ""left"": -2.90625}, ""flip"": """"}, {""id"": ""mama_gbenga"", ""slot"": ""right"", ""src"": ""inline PNG generated by registered frozen-asset loader; see asset census"", ""placeholder"": false, ""loaded"": true, ""rect"": {""x"": 179.078125, ""y"": 191, ""width"": 213.765625, ""height"": 256.53125, ""top"": 191, ""right"": 392.84375, ""bottom"": 447.53125, ""left"": 179.078125}, ""flip"": """"}]}","Director dialogue world/UI split; native270x480 env; actor80x96 anchor40,88 unless frozen metadata overrides; inspect source state/shot for seated/child/boss",INSPECTED WITH FIXTURE,js/data/btf/adventures/new_oga_m7.js; js/scenes/adventure.js; js/data/art_registry.js; js/data/presentation_assets.js; js/data/btf/environments.js,"[[null, ""Mama Gbenga holds out a container of leftovers."", {}], [""mama_gbenga"", ""Come back Sunday."", {}]]; route={}; fight={}; minigame={}",Approved stillness/off-screen speaker accepted; important action gaps only those identified in ASSET_GAP_MATRIX. No missing image inferred from empty authored props.
NEW_OGA_M7:take,INHERITED from selected predecessor,inherit/dynamic — see source and predecessors,"""INHERITED from selected predecessor""",,[],"{""method"": ""SOURCE-ONLY""}","Director dialogue world/UI split; native270x480 env; actor80x96 anchor40,88 unless frozen metadata overrides; inspect source state/shot for seated/child/boss",INSPECTED WITH FIXTURE,js/data/btf/adventures/new_oga_m7.js; js/scenes/adventure.js; js/data/art_registry.js; js/data/presentation_assets.js; js/data/btf/environments.js,"[[null, ""Rich takes the leftovers."", {}]]; route={}; fight={}; minigame={}",Approved stillness/off-screen speaker accepted; important action gaps only those identified in ASSET_GAP_MATRIX. No missing image inferred from empty authored props.
NEW_OGA_M7:refuse,INHERITED from selected predecessor,inherit/dynamic — see source and predecessors,"""INHERITED from selected predecessor""",,[],"{""method"": ""SOURCE-ONLY""}","Director dialogue world/UI split; native270x480 env; actor80x96 anchor40,88 unless frozen metadata overrides; inspect source state/shot for seated/child/boss",INSPECTED WITH FIXTURE,js/data/btf/adventures/new_oga_m7.js; js/scenes/adventure.js; js/data/art_registry.js; js/data/presentation_assets.js; js/data/btf/environments.js,"[[null, ""Rich refuses the leftovers. Mama Gbenga remembers."", {}]]; route={}; fight={}; minigame={}",Approved stillness/off-screen speaker accepted; important action gaps only those identified in ASSET_GAP_MATRIX. No missing image inferred from empty authored props.
NEW_OGA_M8:job,bedroom,assets/rich_bedroom_environment_270x480.png,"{""left"": ""rich""}",left:rich = assets/rich_standing_right.png,[],"{""env"": ""bedroom"", ""placeholder"": false, ""actors"": [{""id"": ""rich"", ""slot"": ""left"", ""src"": ""assets/rich_standing_right.png"", ""placeholder"": false, ""loaded"": true, ""rect"": {""x"": -3.734375, ""y"": 94, ""width"": 320, ""height"": 384, ""top"": 94, ""right"": 316.265625, ""bottom"": 478, ""left"": -3.734375}, ""flip"": """"}]}","Director dialogue world/UI split; native270x480 env; actor80x96 anchor40,88 unless frozen metadata overrides; inspect source state/shot for seated/child/boss",INSPECTED WITH FIXTURE,js/frag/F07/m8_and_finale.js; js/scenes/adventure.js; js/data/art_registry.js; js/data/presentation_assets.js; js/data/btf/environments.js,"{""function"": ""()=>[N(\""take koreatown from open mouth gang bro still chewing\""),\n     N(\""gbengas boys and your ogas ride with you\""),\n     ...(smackThere()?[N(\""lil smack chewing through the briefing\"")]:[]),\n     N(`job pays $${T().m8.AUTHORED_PAY.toLocaleString('en-US')} thats real funds`)]""}; route={}; fight={}; minigame={}",Approved stillness/off-screen speaker accepted; important action gaps only those identified in ASSET_GAP_MATRIX. No missing image inferred from empty authored props.
NEW_OGA_M8:choice,INHERITED from selected predecessor,inherit/dynamic — see source and predecessors,"""INHERITED from selected predecessor""",,[],"{""method"": ""SOURCE-ONLY""}","Director dialogue world/UI split; native270x480 env; actor80x96 anchor40,88 unless frozen metadata overrides; inspect source state/shot for seated/child/boss",SOURCE-ONLY,js/frag/F07/m8_and_finale.js; js/scenes/adventure.js; js/data/art_registry.js; js/data/presentation_assets.js; js/data/btf/environments.js,"[[null, ""whole block on the line dont fold"", {}]]; route={}; fight={}; minigame={}",Approved stillness/off-screen speaker accepted; important action gaps only those identified in ASSET_GAP_MATRIX. No missing image inferred from empty authored props.
NEW_OGA_M8:play,INHERITED from selected predecessor,inherit/dynamic — see source and predecessors,"""INHERITED from selected predecessor""",,[],"{""method"": ""SOURCE-ONLY""}","Director dialogue world/UI split; native270x480 env; actor80x96 anchor40,88 unless frozen metadata overrides; inspect source state/shot for seated/child/boss",SOURCE-ONLY,js/frag/F07/m8_and_finale.js; js/scenes/adventure.js; js/data/art_registry.js; js/data/presentation_assets.js; js/data/btf/environments.js,"[[null, ""alright lets get paid"", {}]]; route={}; fight={}; minigame={""id"": ""f07_play"", ""params"": {""kind"": ""m8""}, ""next"": {""function"": ""(A,res)=>{\n  const r=res||{},d=r.data||{};\n  if(r.quit||r.outcome==='refused'||d.refused){A.set('refusal',d.code||'QUIT');A.set('refusalReason',d.reason||'');return 'refused';}\n  return r.outcome==='win'?'won':'lost';\n }""}}",Approved stillness/off-screen speaker accepted; important action gaps only those identified in ASSET_GAP_MATRIX. No missing image inferred from empty authored props.
NEW_OGA_M8:won,INHERITED from selected predecessor,inherit/dynamic — see source and predecessors,"""INHERITED from selected predecessor""",,[],"{""method"": ""SOURCE-ONLY""}","Director dialogue world/UI split; native270x480 env; actor80x96 anchor40,88 unless frozen metadata overrides; inspect source state/shot for seated/child/boss",SOURCE-ONLY,js/frag/F07/m8_and_finale.js; js/scenes/adventure.js; js/data/art_registry.js; js/data/presentation_assets.js; js/data/btf/environments.js,"[[null, ""open mouth gang lost the block still talking though"", {}]]; route={}; fight={}; minigame={}",Approved stillness/off-screen speaker accepted; important action gaps only those identified in ASSET_GAP_MATRIX. No missing image inferred from empty authored props.
NEW_OGA_M8:lost,INHERITED from selected predecessor,inherit/dynamic — see source and predecessors,"""INHERITED from selected predecessor""",,[],"{""method"": ""SOURCE-ONLY""}","Director dialogue world/UI split; native270x480 env; actor80x96 anchor40,88 unless frozen metadata overrides; inspect source state/shot for seated/child/boss",SOURCE-ONLY,js/frag/F07/m8_and_finale.js; js/scenes/adventure.js; js/data/art_registry.js; js/data/presentation_assets.js; js/data/btf/environments.js,"[[null, ""they kept the block damn run it back"", {}]]; route={}; fight={}; minigame={}",Approved stillness/off-screen speaker accepted; important action gaps only those identified in ASSET_GAP_MATRIX. No missing image inferred from empty authored props.
NEW_OGA_M8:refused,INHERITED from selected predecessor,inherit/dynamic — see source and predecessors,"""INHERITED from selected predecessor""",,[],"{""method"": ""SOURCE-ONLY""}","Director dialogue world/UI split; native270x480 env; actor80x96 anchor40,88 unless frozen metadata overrides; inspect source state/shot for seated/child/boss",SOURCE-ONLY,js/frag/F07/m8_and_finale.js; js/scenes/adventure.js; js/data/art_registry.js; js/data/presentation_assets.js; js/data/btf/environments.js,"{""function"": ""A=>[N(refusalLine(A))]""}; route={}; fight={}; minigame={}",Approved stillness/off-screen speaker accepted; important action gaps only those identified in ASSET_GAP_MATRIX. No missing image inferred from empty authored props.
NEW_OGA_M8:postponed,INHERITED from selected predecessor,inherit/dynamic — see source and predecessors,"""INHERITED from selected predecessor""",,[],"{""method"": ""SOURCE-ONLY""}","Director dialogue world/UI split; native270x480 env; actor80x96 anchor40,88 unless frozen metadata overrides; inspect source state/shot for seated/child/boss",SOURCE-ONLY,js/frag/F07/m8_and_finale.js; js/scenes/adventure.js; js/data/art_registry.js; js/data/presentation_assets.js; js/data/btf/environments.js,"[[null, ""job can wait uncle cant"", {}]]; route={}; fight={}; minigame={}",Approved stillness/off-screen speaker accepted; important action gaps only those identified in ASSET_GAP_MATRIX. No missing image inferred from empty authored props.
NEW_OGA_M8:send_boys,INHERITED from selected predecessor,inherit/dynamic — see source and predecessors,"""INHERITED from selected predecessor""",,[],"{""method"": ""SOURCE-ONLY""}","Director dialogue world/UI split; native270x480 env; actor80x96 anchor40,88 unless frozen metadata overrides; inspect source state/shot for seated/child/boss",SOURCE-ONLY,js/frag/F07/m8_and_finale.js; js/scenes/adventure.js; js/data/art_registry.js; js/data/presentation_assets.js; js/data/btf/environments.js,"[[null, ""boys going rich staying call it management"", {}]]; route={}; fight={}; minigame={}",Approved stillness/off-screen speaker accepted; important action gaps only those identified in ASSET_GAP_MATRIX. No missing image inferred from empty authored props.
NEW_OGA_M9:voice,gbenga_rentals,assets/build4/p_d/gbenga_rentals_workday_270x480.png,"{""left"": ""rich"", ""right"": ""gbenga""}",left:rich = assets/rich_standing_right.png; right:gbenga = assets/before_the_fame/characters/gbenga/runtime_80x96/gbenga_adjusting_sleeves_80x96_v2.png,[],"{""env"": ""gbenga_rentals"", ""placeholder"": false, ""actors"": [{""id"": ""rich"", ""slot"": ""left"", ""src"": ""assets/rich_standing_right.png"", ""placeholder"": false, ""loaded"": true, ""rect"": {""x"": -2.0625, ""y"": 191, ""width"": 213.765625, ""height"": 256.53125, ""top"": 191, ""right"": 211.703125, ""bottom"": 447.53125, ""left"": -2.0625}, ""flip"": """"}, {""id"": ""gbenga"", ""slot"": ""right"", ""src"": ""inline PNG generated by registered frozen-asset loader; see asset census"", ""placeholder"": false, ""loaded"": true, ""rect"": {""x"": 178.25, ""y"": 191, ""width"": 213.765625, ""height"": 256.53125, ""top"": 191, ""right"": 392.015625, ""bottom"": 447.53125, ""left"": 178.25}, ""flip"": """"}]}","Director dialogue world/UI split; native270x480 env; actor80x96 anchor40,88 unless frozen metadata overrides; inspect source state/shot for seated/child/boss",INSPECTED WITH FIXTURE,js/frag/F03/new_oga_ladder_close.js; js/scenes/adventure.js; js/data/art_registry.js; js/data/presentation_assets.js; js/data/btf/environments.js,"{""function"": ""()=>{const c=favoriteCar();return [N(c?`uncle wants your ${carName(c)} under his canopy commitment expensive as fuck`:\""uncle wants your favorite car not a handshake\"")];}""}; route={}; fight={}; minigame={}",Approved stillness/off-screen speaker accepted; important action gaps only those identified in ASSET_GAP_MATRIX. No missing image inferred from empty authored props.
NEW_OGA_M9:choice,INHERITED from selected predecessor,inherit/dynamic — see source and predecessors,"""INHERITED from selected predecessor""",,[],"{""method"": ""SOURCE-ONLY""}","Director dialogue world/UI split; native270x480 env; actor80x96 anchor40,88 unless frozen metadata overrides; inspect source state/shot for seated/child/boss",INSPECTED WITH FIXTURE,js/frag/F03/new_oga_ladder_close.js; js/scenes/adventure.js; js/data/art_registry.js; js/data/presentation_assets.js; js/data/btf/environments.js,"[[null, ""car or promotion pick your pain"", {}]]; route={}; fight={}; minigame={}",Approved stillness/off-screen speaker accepted; important action gaps only those identified in ASSET_GAP_MATRIX. No missing image inferred from empty authored props.
NEW_OGA_M9:give,INHERITED from selected predecessor,inherit/dynamic — see source and predecessors,"""INHERITED from selected predecessor""",,[],"{""method"": ""SOURCE-ONLY""}","Director dialogue world/UI split; native270x480 env; actor80x96 anchor40,88 unless frozen metadata overrides; inspect source state/shot for seated/child/boss",SOURCE-ONLY,js/frag/F03/new_oga_ladder_close.js; js/scenes/adventure.js; js/data/art_registry.js; js/data/presentation_assets.js; js/data/btf/environments.js,"{""function"": ""()=>{const c=favoriteCar();return [N(c?`${carName(c)} under uncles canopy gbenga crying like its graduation`:\""car gone uncle emotional damn\"")];}""}; route={}; fight={}; minigame={}",Approved stillness/off-screen speaker accepted; important action gaps only those identified in ASSET_GAP_MATRIX. No missing image inferred from empty authored props.
NEW_OGA_M9:other,INHERITED from selected predecessor,inherit/dynamic — see source and predecessors,"""INHERITED from selected predecessor""",,[],"{""method"": ""SOURCE-ONLY""}","Director dialogue world/UI split; native270x480 env; actor80x96 anchor40,88 unless frozen metadata overrides; inspect source state/shot for seated/child/boss",SOURCE-ONLY,js/frag/F03/new_oga_ladder_close.js; js/scenes/adventure.js; js/data/art_registry.js; js/data/presentation_assets.js; js/data/btf/environments.js,"[[null, ""exotic car accepted uncle likes expensive apologies"", {}]]; route={}; fight={}; minigame={}",Approved stillness/off-screen speaker accepted; important action gaps only those identified in ASSET_GAP_MATRIX. No missing image inferred from empty authored props.
NEW_OGA_M9:nah,INHERITED from selected predecessor,inherit/dynamic — see source and predecessors,"""INHERITED from selected predecessor""",,[],"{""method"": ""SOURCE-ONLY""}","Director dialogue world/UI split; native270x480 env; actor80x96 anchor40,88 unless frozen metadata overrides; inspect source state/shot for seated/child/boss",INSPECTED WITH FIXTURE,js/frag/F03/new_oga_ladder_close.js; js/scenes/adventure.js; js/data/art_registry.js; js/data/presentation_assets.js; js/data/btf/environments.js,"[[null, ""car stays rank stays four uncle petty too"", {}]]; route={}; fight={}; minigame={}",Approved stillness/off-screen speaker accepted; important action gaps only those identified in ASSET_GAP_MATRIX. No missing image inferred from empty authored props.
NEW_OGA_M10:voice,gbenga_rentals,assets/build4/p_d/gbenga_rentals_workday_270x480.png,"{""left"": ""rich"", ""right"": ""gbenga""}",left:rich = assets/rich_standing_right.png; right:gbenga = assets/before_the_fame/characters/gbenga/runtime_80x96/gbenga_adjusting_sleeves_80x96_v2.png,[],"{""env"": ""gbenga_rentals"", ""placeholder"": false, ""actors"": [{""id"": ""rich"", ""slot"": ""left"", ""src"": ""assets/rich_standing_right.png"", ""placeholder"": false, ""loaded"": true, ""rect"": {""x"": -2.0625, ""y"": 191, ""width"": 213.765625, ""height"": 256.53125, ""top"": 191, ""right"": 211.703125, ""bottom"": 447.53125, ""left"": -2.0625}, ""flip"": """"}, {""id"": ""gbenga"", ""slot"": ""right"", ""src"": ""inline PNG generated by registered frozen-asset loader; see asset census"", ""placeholder"": false, ""loaded"": true, ""rect"": {""x"": 178.25, ""y"": 191, ""width"": 213.765625, ""height"": 256.53125, ""top"": 191, ""right"": 392.015625, ""bottom"": 447.53125, ""left"": 178.25}, ""flip"": """"}]}","Director dialogue world/UI split; native270x480 env; actor80x96 anchor40,88 unless frozen metadata overrides; inspect source state/shot for seated/child/boss",INSPECTED WITH FIXTURE,js/frag/F03/new_oga_ladder_close.js; js/scenes/adventure.js; js/data/art_registry.js; js/data/presentation_assets.js; js/data/btf/environments.js,"[[null, ""vice president now koreatown block $15000 a week two boys warehouse office damn"", {}]]; route={}; fight={}; minigame={}",Approved stillness/off-screen speaker accepted; important action gaps only those identified in ASSET_GAP_MATRIX. No missing image inferred from empty authored props.
NEW_OGA_M10:grant,INHERITED from selected predecessor,inherit/dynamic — see source and predecessors,"""INHERITED from selected predecessor""",,[],"{""method"": ""SOURCE-ONLY""}","Director dialogue world/UI split; native270x480 env; actor80x96 anchor40,88 unless frozen metadata overrides; inspect source state/shot for seated/child/boss",INSPECTED WITH FIXTURE,js/frag/F03/new_oga_ladder_close.js; js/scenes/adventure.js; js/data/art_registry.js; js/data/presentation_assets.js; js/data/btf/environments.js,"[[null, ""gold nameplate vice president rent finally scared of you"", {}]]; route={}; fight={}; minigame={}",Approved stillness/off-screen speaker accepted; important action gaps only those identified in ASSET_GAP_MATRIX. No missing image inferred from empty authored props.
NEW_OGA_VAMPGPT:vampgpt,bedroom,assets/rich_bedroom_environment_270x480.png,"{""left"": ""rich""}",left:rich = assets/rich_standing_right.png,[],"{""env"": ""bedroom"", ""placeholder"": false, ""actors"": [{""id"": ""rich"", ""slot"": ""left"", ""src"": ""assets/rich_standing_right.png"", ""placeholder"": false, ""loaded"": true, ""rect"": {""x"": -3.734375, ""y"": 94, ""width"": 320, ""height"": 384, ""top"": 94, ""right"": 316.265625, ""bottom"": 478, ""left"": -3.734375}, ""flip"": """"}]}","Director dialogue world/UI split; native270x480 env; actor80x96 anchor40,88 unless frozen metadata overrides; inspect source state/shot for seated/child/boss",INSPECTED WITH FIXTURE,js/frag/F03/new_oga_ladder_close.js; js/scenes/adventure.js; js/data/art_registry.js; js/data/presentation_assets.js; js/data/btf/environments.js,"[[""vampgpt"", ""oga you listening"", {}], [""rich"", ""yeah bro whats up"", {""canon"": true}], [""vampgpt"", ""you know oga means boss right"", {}], [""vampgpt"", ""boss bro act like it"", {}], [""vampgpt"", ""climbing his ladder for what own the damn building"", {}]]; route={}; fight={}; minigame={}",Approved stillness/off-screen speaker accepted; important action gaps only those identified in ASSET_GAP_MATRIX. No missing image inferred from empty authored props.
NEW_OGA_VAMPGPT:say_less,INHERITED from selected predecessor,inherit/dynamic — see source and predecessors,"""INHERITED from selected predecessor""",,[],"{""method"": ""SOURCE-ONLY""}","Director dialogue world/UI split; native270x480 env; actor80x96 anchor40,88 unless frozen metadata overrides; inspect source state/shot for seated/child/boss",INSPECTED WITH FIXTURE,js/frag/F03/new_oga_ladder_close.js; js/scenes/adventure.js; js/data/art_registry.js; js/data/presentation_assets.js; js/data/btf/environments.js,"[[null, ""vampgpt shuts up finally time to take the chair"", {}]]; route={}; fight={}; minigame={}",Approved stillness/off-screen speaker accepted; important action gaps only those identified in ASSET_GAP_MATRIX. No missing image inferred from empty authored props.
NEW_OGA_VAMPGPT:nah_stay,INHERITED from selected predecessor,inherit/dynamic — see source and predecessors,"""INHERITED from selected predecessor""",,[],"{""method"": ""SOURCE-ONLY""}","Director dialogue world/UI split; native270x480 env; actor80x96 anchor40,88 unless frozen metadata overrides; inspect source state/shot for seated/child/boss",SOURCE-ONLY,js/frag/F03/new_oga_ladder_close.js; js/scenes/adventure.js; js/data/art_registry.js; js/data/presentation_assets.js; js/data/btf/environments.js,"[[null, ""vice president for now vampgpt back in seven nights like a subscription"", {}]]; route={}; fight={}; minigame={}",Approved stillness/off-screen speaker accepted; important action gaps only those identified in ASSET_GAP_MATRIX. No missing image inferred from empty authored props.
NEW_OGA_FINALE:plan,castle_exterior,assets/before_the_fame/environments/castle_exterior/castle_exterior_night_270x480.png,"{""left"": ""rich""}",left:rich = assets/rich_standing_right.png,[],"{""env"": ""castle_exterior"", ""placeholder"": false, ""actors"": [{""id"": ""rich"", ""slot"": ""left"", ""src"": ""assets/rich_standing_right.png"", ""placeholder"": false, ""loaded"": true, ""rect"": {""x"": -3.734375, ""y"": 94, ""width"": 320, ""height"": 384, ""top"": 94, ""right"": 316.265625, ""bottom"": 478, ""left"": -3.734375}, ""flip"": """"}]}","Director dialogue world/UI split; native270x480 env; actor80x96 anchor40,88 unless frozen metadata overrides; inspect source state/shot for seated/child/boss",INSPECTED WITH FIXTURE,js/frag/F07/m8_and_finale.js; js/scenes/adventure.js; js/data/art_registry.js; js/data/presentation_assets.js; js/data/btf/environments.js,"[[null, ""castle meeting bring people you actually trust"", {}], [null, ""ogas locked in pick two more"", {}]]; route={}; fight={}; minigame={}",Approved stillness/off-screen speaker accepted; important action gaps only those identified in ASSET_GAP_MATRIX. No missing image inferred from empty authored props.
NEW_OGA_FINALE:pick2,castle_exterior,assets/before_the_fame/environments/castle_exterior/castle_exterior_night_270x480.png,"{""left"": ""rich""}",left:rich = assets/rich_standing_right.png,[],"{""env"": ""castle_exterior"", ""placeholder"": false, ""actors"": [{""id"": ""rich"", ""slot"": ""left"", ""src"": ""assets/rich_standing_right.png"", ""placeholder"": false, ""loaded"": true, ""rect"": {""x"": -3.734375, ""y"": 94, ""width"": 320, ""height"": 384, ""top"": 94, ""right"": 316.265625, ""bottom"": 478, ""left"": -3.734375}, ""flip"": """"}]}","Director dialogue world/UI split; native270x480 env; actor80x96 anchor40,88 unless frozen metadata overrides; inspect source state/shot for seated/child/boss",INSPECTED WITH FIXTURE,js/frag/F07/m8_and_finale.js; js/scenes/adventure.js; js/data/art_registry.js; js/data/presentation_assets.js; js/data/btf/environments.js,"[[null, ""one more dont invite everybody"", {}]]; route={}; fight={}; minigame={}",Approved stillness/off-screen speaker accepted; important action gaps only those identified in ASSET_GAP_MATRIX. No missing image inferred from empty authored props.
NEW_OGA_FINALE:pick3,INHERITED from selected predecessor,inherit/dynamic — see source and predecessors,"""INHERITED from selected predecessor""",,[],"{""method"": ""SOURCE-ONLY""}","Director dialogue world/UI split; native270x480 env; actor80x96 anchor40,88 unless frozen metadata overrides; inspect source state/shot for seated/child/boss",SOURCE-ONLY,js/frag/F07/m8_and_finale.js; js/scenes/adventure.js; js/data/art_registry.js; js/data/presentation_assets.js; js/data/btf/environments.js,"[[null, ""replan ogas stay dont get cute"", {}]]; route={}; fight={}; minigame={}",Approved stillness/off-screen speaker accepted; important action gaps only those identified in ASSET_GAP_MATRIX. No missing image inferred from empty authored props.
NEW_OGA_FINALE:replan,INHERITED from selected predecessor,inherit/dynamic — see source and predecessors,"""INHERITED from selected predecessor""",,[],"{""method"": ""SOURCE-ONLY""}","Director dialogue world/UI split; native270x480 env; actor80x96 anchor40,88 unless frozen metadata overrides; inspect source state/shot for seated/child/boss",SOURCE-ONLY,js/frag/F07/m8_and_finale.js; js/scenes/adventure.js; js/data/art_registry.js; js/data/presentation_assets.js; js/data/btf/environments.js,"[[null, ""replan ogas stay dont get cute"", {}]]; route={}; fight={}; minigame={}",Approved stillness/off-screen speaker accepted; important action gaps only those identified in ASSET_GAP_MATRIX. No missing image inferred from empty authored props.
NEW_OGA_FINALE:crew,castle_exterior,assets/before_the_fame/environments/castle_exterior/castle_exterior_night_270x480.png,"{""function"": ""A=>{\n  const people=(A.get('lanes')||[]).map(laneById).filter(l=>l?.person).map(l=>l.person),slots=['mid','right','farRight','farLeft'];\n  return {left:'rich',...Object.fromEntries(people.slice(0,4).map((p,i)=>[slots[i],p]))};\n }""}",,[],"{""env"": ""castle_exterior"", ""placeholder"": false, ""actors"": [{""id"": ""rich"", ""slot"": ""left"", ""src"": ""assets/rich_standing_right.png"", ""placeholder"": false, ""loaded"": true, ""rect"": {""x"": -3.734375, ""y"": 94, ""width"": 320, ""height"": 384, ""top"": 94, ""right"": 316.265625, ""bottom"": 478, ""left"": -3.734375}, ""flip"": """"}]}","Director dialogue world/UI split; native270x480 env; actor80x96 anchor40,88 unless frozen metadata overrides; inspect source state/shot for seated/child/boss",INSPECTED WITH FIXTURE,js/frag/F07/m8_and_finale.js; js/scenes/adventure.js; js/data/art_registry.js; js/data/presentation_assets.js; js/data/btf/environments.js,"{""function"": ""A=>[...(A.get('lanes')||[]).filter(id=>laneLine[id]).map(id=>N(laneLine[id])),\n     N(\""uncles 55th birthday warehouse owambe perfect timing terrible manners\""),N(\""all your canopies up all the aunties present no witnesses missing\"")]""}; route={}; fight={}; minigame={}",Approved stillness/off-screen speaker accepted; important action gaps only those identified in ASSET_GAP_MATRIX. No missing image inferred from empty authored props.
NEW_OGA_FINALE:party,f07_warehouse_party,assets/f07/backgrounds/warehouse_owambe_party_270x480.png,"{""left"": ""rich""}",left:rich = assets/rich_standing_right.png,[],"{""env"": ""f07_warehouse_party"", ""placeholder"": false, ""actors"": [{""id"": ""rich"", ""slot"": ""left"", ""src"": ""assets/rich_standing_right.png"", ""placeholder"": false, ""loaded"": true, ""rect"": {""x"": -3.734375, ""y"": 94, ""width"": 320, ""height"": 384, ""top"": 94, ""right"": 316.265625, ""bottom"": 478, ""left"": -3.734375}, ""flip"": """"}]}","Director dialogue world/UI split; native270x480 env; actor80x96 anchor40,88 unless frozen metadata overrides; inspect source state/shot for seated/child/boss",INSPECTED WITH FIXTURE,js/frag/F07/m8_and_finale.js; js/scenes/adventure.js; js/data/art_registry.js; js/data/presentation_assets.js; js/data/btf/environments.js,"[[null, ""crew clears gbengas boys between the chairs party keeps going"", {}], [null, ""canopy poles fall on whoever underneath aunties wont fight but they block shots and roast the crew"", {}]]; route={}; fight={}; minigame={}",Approved stillness/off-screen speaker accepted; important action gaps only those identified in ASSET_GAP_MATRIX. No missing image inferred from empty authored props.
NEW_OGA_FINALE:p1,INHERITED from selected predecessor,inherit/dynamic — see source and predecessors,"""INHERITED from selected predecessor""",,[],"{""method"": ""SOURCE-ONLY""}","Director dialogue world/UI split; native270x480 env; actor80x96 anchor40,88 unless frozen metadata overrides; inspect source state/shot for seated/child/boss",SOURCE-ONLY,js/frag/F07/m8_and_finale.js; js/scenes/adventure.js; js/data/art_registry.js; js/data/presentation_assets.js; js/data/btf/environments.js,"[]; route={}; fight={}; minigame={""id"": ""f07_play"", ""params"": {""function"": ""A=>({kind:'finale_p1',lanes:A.get('lanes')||[]})""}, ""next"": {""function"": ""(A,res)=>{const n=playNext(A,res);return n==='won'?'office':n==='lost'?'p1_lost':'p1_refused';}""}}",Approved stillness/off-screen speaker accepted; important action gaps only those identified in ASSET_GAP_MATRIX. No missing image inferred from empty authored props.
NEW_OGA_FINALE:p1_lost,INHERITED from selected predecessor,inherit/dynamic — see source and predecessors,"""INHERITED from selected predecessor""",,[],"{""method"": ""SOURCE-ONLY""}","Director dialogue world/UI split; native270x480 env; actor80x96 anchor40,88 unless frozen metadata overrides; inspect source state/shot for seated/child/boss",SOURCE-ONLY,js/frag/F07/m8_and_finale.js; js/scenes/adventure.js; js/data/art_registry.js; js/data/presentation_assets.js; js/data/btf/environments.js,"[[null, ""boys kept the warehouse uncle still boss"", {}]]; route={}; fight={}; minigame={}",Approved stillness/off-screen speaker accepted; important action gaps only those identified in ASSET_GAP_MATRIX. No missing image inferred from empty authored props.
NEW_OGA_FINALE:p1_refused,INHERITED from selected predecessor,inherit/dynamic — see source and predecessors,"""INHERITED from selected predecessor""",,[],"{""method"": ""SOURCE-ONLY""}","Director dialogue world/UI split; native270x480 env; actor80x96 anchor40,88 unless frozen metadata overrides; inspect source state/shot for seated/child/boss",SOURCE-ONLY,js/frag/F07/m8_and_finale.js; js/scenes/adventure.js; js/data/art_registry.js; js/data/presentation_assets.js; js/data/btf/environments.js,"{""function"": ""A=>[N(refusalLine(A))]""}; route={}; fight={}; minigame={}",Approved stillness/off-screen speaker accepted; important action gaps only those identified in ASSET_GAP_MATRIX. No missing image inferred from empty authored props.
NEW_OGA_FINALE:postponed,INHERITED from selected predecessor,inherit/dynamic — see source and predecessors,"""INHERITED from selected predecessor""",,[],"{""method"": ""SOURCE-ONLY""}","Director dialogue world/UI split; native270x480 env; actor80x96 anchor40,88 unless frozen metadata overrides; inspect source state/shot for seated/child/boss",SOURCE-ONLY,js/frag/F07/m8_and_finale.js; js/scenes/adventure.js; js/data/art_registry.js; js/data/presentation_assets.js; js/data/btf/environments.js,"[[null, ""birthday takeover postponed rude either way"", {}]]; route={}; fight={}; minigame={}",Approved stillness/off-screen speaker accepted; important action gaps only those identified in ASSET_GAP_MATRIX. No missing image inferred from empty authored props.
NEW_OGA_FINALE:office,f07_warehouse_party,assets/f07/backgrounds/warehouse_owambe_party_270x480.png,"{""left"": ""rich"", ""right"": ""gbenga""}",left:rich = assets/rich_standing_right.png; right:gbenga = assets/before_the_fame/characters/gbenga/runtime_80x96/gbenga_adjusting_sleeves_80x96_v2.png,[],"{""env"": ""f07_warehouse_party"", ""placeholder"": false, ""actors"": [{""id"": ""rich"", ""slot"": ""left"", ""src"": ""assets/rich_standing_right.png"", ""placeholder"": false, ""loaded"": true, ""rect"": {""x"": -2.0625, ""y"": 191, ""width"": 213.765625, ""height"": 256.53125, ""top"": 191, ""right"": 211.703125, ""bottom"": 447.53125, ""left"": -2.0625}, ""flip"": """"}, {""id"": ""gbenga"", ""slot"": ""right"", ""src"": ""inline PNG generated by registered frozen-asset loader; see asset census"", ""placeholder"": false, ""loaded"": true, ""rect"": {""x"": 178.25, ""y"": 191, ""width"": 213.765625, ""height"": 256.53125, ""top"": 191, ""right"": 392.015625, ""bottom"": 447.53125, ""left"": 178.25}, ""flip"": """"}]}","Director dialogue world/UI split; native270x480 env; actor80x96 anchor40,88 unless frozen metadata overrides; inspect source state/shot for seated/child/boss",INSPECTED WITH FIXTURE,js/frag/F07/m8_and_finale.js; js/scenes/adventure.js; js/data/art_registry.js; js/data/presentation_assets.js; js/data/btf/environments.js,"[[null, ""glass office uncle shaking his own hand in the photo networking different"", {}]]; route={}; fight={}; minigame={}",Approved stillness/off-screen speaker accepted; important action gaps only those identified in ASSET_GAP_MATRIX. No missing image inferred from empty authored props.
NEW_OGA_FINALE:duel,INHERITED from selected predecessor,inherit/dynamic — see source and predecessors,"""INHERITED from selected predecessor""",,[],"{""method"": ""SOURCE-ONLY""}","Director dialogue world/UI split; native270x480 env; actor80x96 anchor40,88 unless frozen metadata overrides; inspect source state/shot for seated/child/boss",SOURCE-ONLY,js/frag/F07/m8_and_finale.js; js/scenes/adventure.js; js/data/art_registry.js; js/data/presentation_assets.js; js/data/btf/environments.js,"[]; route={}; fight={""enemy"": ""gbenga"", ""params"": {""function"": ""()=>({hp:window.RAGbengaFight.hpFor(state().trust),env:PARTY_ENV,intro:'GBENGA \u00b7 OGA OF THE BLOCK'})""}, ""win"": ""takeover"", ""lose"": ""office_lost"", ""run"": ""office_lost"", ""spared"": {""function"": ""(A,r)=>r?.octopus==='recruit'?'consigliere':'blessing'""}}; minigame={}",Approved stillness/off-screen speaker accepted; important action gaps only those identified in ASSET_GAP_MATRIX. No missing image inferred from empty authored props.
NEW_OGA_FINALE:office_lost,INHERITED from selected predecessor,inherit/dynamic — see source and predecessors,"""INHERITED from selected predecessor""",,[],"{""method"": ""SOURCE-ONLY""}","Director dialogue world/UI split; native270x480 env; actor80x96 anchor40,88 unless frozen metadata overrides; inspect source state/shot for seated/child/boss",SOURCE-ONLY,js/frag/F07/m8_and_finale.js; js/scenes/adventure.js; js/data/art_registry.js; js/data/presentation_assets.js; js/data/btf/environments.js,"[[null, ""uncle keeps the chair damn"", {}]]; route={}; fight={}; minigame={}",Approved stillness/off-screen speaker accepted; important action gaps only those identified in ASSET_GAP_MATRIX. No missing image inferred from empty authored props.
NEW_OGA_FINALE:blessing,gbenga_rentals,assets/build4/p_d/gbenga_rentals_workday_270x480.png,"{""left"": ""rich"", ""right"": ""gbenga""}",left:rich = assets/rich_standing_right.png; right:gbenga = assets/before_the_fame/characters/gbenga/runtime_80x96/gbenga_adjusting_sleeves_80x96_v2.png,[],"{""env"": ""gbenga_rentals"", ""placeholder"": false, ""actors"": [{""id"": ""rich"", ""slot"": ""left"", ""src"": ""assets/rich_standing_right.png"", ""placeholder"": false, ""loaded"": true, ""rect"": {""x"": -2.0625, ""y"": 191, ""width"": 213.765625, ""height"": 256.53125, ""top"": 191, ""right"": 211.703125, ""bottom"": 447.53125, ""left"": -2.0625}, ""flip"": """"}, {""id"": ""gbenga"", ""slot"": ""right"", ""src"": ""inline PNG generated by registered frozen-asset loader; see asset census"", ""placeholder"": false, ""loaded"": true, ""rect"": {""x"": 178.25, ""y"": 191, ""width"": 213.765625, ""height"": 256.53125, ""top"": 191, ""right"": 392.015625, ""bottom"": 447.53125, ""left"": 178.25}, ""flip"": """"}]}","Director dialogue world/UI split; native270x480 env; actor80x96 anchor40,88 unless frozen metadata overrides; inspect source state/shot for seated/child/boss",INSPECTED WITH FIXTURE,js/frag/F07/m8_and_finale.js; js/scenes/adventure.js; js/data/art_registry.js; js/data/presentation_assets.js; js/data/btf/environments.js,"[[null, ""uncle hands over the earpiece you boss now"", {}], [null, ""mama still wants you sunday business aint dinner"", {}], [null, ""gbenga posts my son now my oga proud as hell mad as hell too"", {}], [null, ""rich enterprises on the sign gbenga still showing through cheap paint"", {}]]; route={}; fight={}; minigame={}",Approved stillness/off-screen speaker accepted; important action gaps only those identified in ASSET_GAP_MATRIX. No missing image inferred from empty authored props.
NEW_OGA_FINALE:consigliere,gbenga_rentals,assets/build4/p_d/gbenga_rentals_workday_270x480.png,"{""left"": ""rich"", ""right"": ""gbenga""}",left:rich = assets/rich_standing_right.png; right:gbenga = assets/before_the_fame/characters/gbenga/runtime_80x96/gbenga_adjusting_sleeves_80x96_v2.png,[],"{""env"": ""gbenga_rentals"", ""placeholder"": false, ""actors"": [{""id"": ""rich"", ""slot"": ""left"", ""src"": ""assets/rich_standing_right.png"", ""placeholder"": false, ""loaded"": true, ""rect"": {""x"": -2.0625, ""y"": 191, ""width"": 213.765625, ""height"": 256.53125, ""top"": 191, ""right"": 211.703125, ""bottom"": 447.53125, ""left"": -2.0625}, ""flip"": """"}, {""id"": ""gbenga"", ""slot"": ""right"", ""src"": ""inline PNG generated by registered frozen-asset loader; see asset census"", ""placeholder"": false, ""loaded"": true, ""rect"": {""x"": 178.25, ""y"": 191, ""width"": 213.765625, ""height"": 256.53125, ""top"": 191, ""right"": 392.015625, ""bottom"": 447.53125, ""left"": 178.25}, ""flip"": """"}]}","Director dialogue world/UI split; native270x480 env; actor80x96 anchor40,88 unless frozen metadata overrides; inspect source state/shot for seated/child/boss",INSPECTED WITH FIXTURE,js/frag/F07/m8_and_finale.js; js/scenes/adventure.js; js/data/art_registry.js; js/data/presentation_assets.js; js/data/btf/environments.js,"[[null, ""uncle stays as advisor voice notes unavoidable"", {}], [""gbenga"", ""hello oga hello you hear me hello"", {}], [null, ""rich enterprises on the sign gbenga still showing through cheap paint"", {}]]; route={}; fight={}; minigame={}",Approved stillness/off-screen speaker accepted; important action gaps only those identified in ASSET_GAP_MATRIX. No missing image inferred from empty authored props.
NEW_OGA_FINALE:takeover,f07_warehouse_exterior,assets/f07/backgrounds/warehouse_exterior_270x480.png,"{""left"": ""rich""}",left:rich = assets/rich_standing_right.png,[],"{""env"": ""f07_warehouse_exterior"", ""placeholder"": false, ""actors"": [{""id"": ""rich"", ""slot"": ""left"", ""src"": ""assets/rich_standing_right.png"", ""placeholder"": false, ""loaded"": true, ""rect"": {""x"": -2.90625, ""y"": 201, ""width"": 213.765625, ""height"": 256.53125, ""top"": 201, ""right"": 210.859375, ""bottom"": 457.53125, ""left"": -2.90625}, ""flip"": """"}]}","Director dialogue world/UI split; native270x480 env; actor80x96 anchor40,88 unless frozen metadata overrides; inspect source state/shot for seated/child/boss",INSPECTED WITH FIXTURE,js/frag/F07/m8_and_finale.js; js/scenes/adventure.js; js/data/art_registry.js; js/data/presentation_assets.js; js/data/btf/environments.js,"{""function"": ""()=>[N(\""gbenga leaves la warehouse yours damn\""),\n     ...(tributed()?[N(\""your car still under the canopy keys back finally\"")]:[]),\n     N(\""rich enterprises on the sign gbenga still showing through cheap paint\"")]""}; route={}; fight={}; minigame={}",Approved stillness/off-screen speaker accepted; important action gaps only those identified in ASSET_GAP_MATRIX. No missing image inferred from empty authored props.
YAM:arrive,naija_mart,assets/before_the_fame/environments/naija_mart/naija_mart_interior_270x480.png,"{""left"": ""rich"", ""right"": ""auntie""}",left:rich = assets/rich_standing_right.png; right:auntie = assets/before_the_fame/characters/auntie/auntie_register_neutral_80x96.png,[],"{""env"": ""naija_mart"", ""placeholder"": false, ""actors"": [{""id"": ""rich"", ""slot"": ""left"", ""src"": ""assets/rich_standing_right.png"", ""placeholder"": false, ""loaded"": true, ""rect"": {""x"": -18.734375, ""y"": 94, ""width"": 320, ""height"": 384, ""top"": 94, ""right"": 301.265625, ""bottom"": 478, ""left"": -18.734375}, ""flip"": """"}, {""id"": ""auntie"", ""slot"": ""right"", ""src"": ""assets/before_the_fame/characters/auntie/auntie_register_neutral_80x96.png"", ""placeholder"": false, ""loaded"": true, ""rect"": {""x"": 176.578125, ""y"": 90, ""width"": 320, ""height"": 384, ""top"": 90, ""right"": 496.578125, ""bottom"": 474, ""left"": 176.578125}, ""flip"": """"}]}","Director dialogue world/UI split; native270x480 env; actor80x96 anchor40,88 unless frozen metadata overrides; inspect source state/shot for seated/child/boss",INSPECTED WITH FIXTURE,js/data/btf/adventures/rc2_story.js; js/scenes/adventure.js; js/data/art_registry.js; js/data/presentation_assets.js; js/data/btf/environments.js,"[[null, ""a yam got its own chair before you did"", {}], [""auntie"", ""this a dependent"", {}], [""rich"", ""how much for big bro"", {""vp"": true}], [""auntie"", ""yam needs a home and you got a castle"", {}]]; route={}; fight={}; minigame={}",Approved stillness/off-screen speaker accepted; important action gaps only those identified in ASSET_GAP_MATRIX. No missing image inferred from empty authored props.
YAM:warranty,INHERITED from selected predecessor,inherit/dynamic — see source and predecessors,"""INHERITED from selected predecessor""",,[],"{""method"": ""SOURCE-ONLY""}","Director dialogue world/UI split; native270x480 env; actor80x96 anchor40,88 unless frozen metadata overrides; inspect source state/shot for seated/child/boss",SOURCE-ONLY,js/data/btf/adventures/rc2_story.js; js/scenes/adventure.js; js/data/art_registry.js; js/data/presentation_assets.js; js/data/btf/environments.js,"[null, [null, ""rich adopts the yam"", {}]]; route={}; fight={}; minigame={}",Approved stillness/off-screen speaker accepted; important action gaps only those identified in ASSET_GAP_MATRIX. No missing image inferred from empty authored props.
YAM:refuse,INHERITED from selected predecessor,inherit/dynamic — see source and predecessors,"""INHERITED from selected predecessor""",,[],"{""method"": ""SOURCE-ONLY""}","Director dialogue world/UI split; native270x480 env; actor80x96 anchor40,88 unless frozen metadata overrides; inspect source state/shot for seated/child/boss",SOURCE-ONLY,js/data/btf/adventures/rc2_story.js; js/scenes/adventure.js; js/data/art_registry.js; js/data/presentation_assets.js; js/data/btf/environments.js,"[[""auntie"", ""dont make me come find you"", {}], null]; route={}; fight={}; minigame={}",Approved stillness/off-screen speaker accepted; important action gaps only those identified in ASSET_GAP_MATRIX. No missing image inferred from empty authored props.
YAM:carry,naija_lot,assets/before_the_fame/environments/naija_lot/naija_mart_parking_lot_270x480.png,"{""left"": ""rich""}",left:rich = assets/rich_standing_right.png,[],"{""env"": ""naija_lot"", ""placeholder"": false, ""actors"": [{""id"": ""rich"", ""slot"": ""left"", ""src"": ""assets/rich_standing_right.png"", ""placeholder"": false, ""loaded"": true, ""rect"": {""x"": -3.734375, ""y"": 94, ""width"": 320, ""height"": 384, ""top"": 94, ""right"": 316.265625, ""bottom"": 478, ""left"": -3.734375}, ""flip"": """"}]}","Director dialogue world/UI split; native270x480 env; actor80x96 anchor40,88 unless frozen metadata overrides; inspect source state/shot for seated/child/boss",INSPECTED WITH FIXTURE,js/data/btf/adventures/rc2_story.js; js/scenes/adventure.js; js/data/art_registry.js; js/data/presentation_assets.js; js/data/btf/environments.js,"[[null, ""yam riding shotgun like it paid for gas"", {}], [null, ""rich buckles big bro in"", {}]]; route={}; fight={}; minigame={}",Approved stillness/off-screen speaker accepted; important action gaps only those identified in ASSET_GAP_MATRIX. No missing image inferred from empty authored props.
YAM:kitchen,kitchen,assets/before_the_fame/environments/kitchen/castle_kitchen_270x480.png,"{""left"": ""rich""}",left:rich = assets/rich_standing_right.png,[],"{""env"": ""kitchen"", ""placeholder"": false, ""actors"": [{""id"": ""rich"", ""slot"": ""left"", ""src"": ""assets/rich_standing_right.png"", ""placeholder"": false, ""loaded"": true, ""rect"": {""x"": -3.734375, ""y"": 94, ""width"": 320, ""height"": 384, ""top"": 94, ""right"": 316.265625, ""bottom"": 478, ""left"": -3.734375}, ""flip"": """"}]}","Director dialogue world/UI split; native270x480 env; actor80x96 anchor40,88 unless frozen metadata overrides; inspect source state/shot for seated/child/boss",INSPECTED WITH FIXTURE,js/data/btf/adventures/rc2_story.js; js/scenes/adventure.js; js/data/art_registry.js; js/data/presentation_assets.js; js/data/btf/environments.js,"[[null, ""yam on the counter acting like the landlord"", {}], [null, ""mazda looking at lunch"", {}]]; route={}; fight={}; minigame={}",Approved stillness/off-screen speaker accepted; important action gaps only those identified in ASSET_GAP_MATRIX. No missing image inferred from empty authored props.
YAM:phone,INHERITED from selected predecessor,assets/before_the_fame/environments/kitchen/castle_kitchen_270x480.png,"{""left"": ""rich"", ""right"": ""uncle_sunday""}",left:rich = assets/rich_standing_right.png; right:uncle_sunday = assets/before_the_fame/characters/uncle_sunday/uncle_sunday_neutral_80x96.png,[],"{""env"": ""kitchen"", ""placeholder"": false, ""actors"": [{""id"": ""rich"", ""slot"": ""left"", ""src"": ""assets/rich_standing_right.png"", ""placeholder"": false, ""loaded"": true, ""rect"": {""x"": -17.234375, ""y"": 117, ""width"": 298.921875, ""height"": 358.71875, ""top"": 117, ""right"": 281.6875, ""bottom"": 475.71875, ""left"": -17.234375}, ""flip"": """"}, {""id"": ""uncle_sunday"", ""slot"": ""right"", ""src"": ""assets/before_the_fame/characters/uncle_sunday/uncle_sunday_neutral_80x96.png"", ""placeholder"": false, ""loaded"": true, ""rect"": {""x"": 176.921875, ""y"": 117, ""width"": 298.921875, ""height"": 358.71875, ""top"": 117, ""right"": 475.84375, ""bottom"": 475.71875, ""left"": 176.921875}, ""flip"": """"}]}","Director dialogue world/UI split; native270x480 env; actor80x96 anchor40,88 unless frozen metadata overrides; inspect source state/shot for seated/child/boss",INSPECTED WITH FIXTURE,js/data/btf/adventures/rc2_story.js; js/scenes/adventure.js; js/data/art_registry.js; js/data/presentation_assets.js; js/data/btf/environments.js,"[[null, ""uncle sunday calls like he got yam notifications on"", {}], [""uncle_sunday"", ""boil roast or pound it nephew"", {}]]; route={}; fight={}; minigame={}",Approved stillness/off-screen speaker accepted; important action gaps only those identified in ASSET_GAP_MATRIX. No missing image inferred from empty authored props.
YAM:boil,INHERITED from selected predecessor,inherit/dynamic — see source and predecessors,"""INHERITED from selected predecessor""",,[],"{""method"": ""SOURCE-ONLY""}","Director dialogue world/UI split; native270x480 env; actor80x96 anchor40,88 unless frozen metadata overrides; inspect source state/shot for seated/child/boss",SOURCE-ONLY,js/data/btf/adventures/rc2_story.js; js/scenes/adventure.js; js/data/art_registry.js; js/data/presentation_assets.js; js/data/btf/environments.js,"[[null, ""boiled and minding its business"", {}], [""uncle_sunday"", ""boiled? peace in this house"", {}]]; route={}; fight={}; minigame={}",Approved stillness/off-screen speaker accepted; important action gaps only those identified in ASSET_GAP_MATRIX. No missing image inferred from empty authored props.
YAM:roast,INHERITED from selected predecessor,inherit/dynamic — see source and predecessors,"""INHERITED from selected predecessor""",,[],"{""method"": ""SOURCE-ONLY""}","Director dialogue world/UI split; native270x480 env; actor80x96 anchor40,88 unless frozen metadata overrides; inspect source state/shot for seated/child/boss",SOURCE-ONLY,js/data/btf/adventures/rc2_story.js; js/scenes/adventure.js; js/data/art_registry.js; js/data/presentation_assets.js; js/data/btf/environments.js,"[[null, ""roasted and smelling expensive"", {}], [""uncle_sunday"", ""street yam in a castle look at god"", {}]]; route={}; fight={}; minigame={}",Approved stillness/off-screen speaker accepted; important action gaps only those identified in ASSET_GAP_MATRIX. No missing image inferred from empty authored props.
YAM:pound,INHERITED from selected predecessor,inherit/dynamic — see source and predecessors,"""INHERITED from selected predecessor""",,[],"{""method"": ""SOURCE-ONLY""}","Director dialogue world/UI split; native270x480 env; actor80x96 anchor40,88 unless frozen metadata overrides; inspect source state/shot for seated/child/boss",SOURCE-ONLY,js/data/btf/adventures/rc2_story.js; js/scenes/adventure.js; js/data/art_registry.js; js/data/presentation_assets.js; js/data/btf/environments.js,"[[null, ""twenty minutes pounding and the yam still winning"", {}], [""uncle_sunday"", ""all that muscle for what"", {}]]; route={}; fight={}; minigame={}",Approved stillness/off-screen speaker accepted; important action gaps only those identified in ASSET_GAP_MATRIX. No missing image inferred from empty authored props.
YAM:dragon,INHERITED from selected predecessor,inherit/dynamic — see source and predecessors,"""INHERITED from selected predecessor""",,[],"{""method"": ""SOURCE-ONLY""}","Director dialogue world/UI split; native270x480 env; actor80x96 anchor40,88 unless frozen metadata overrides; inspect source state/shot for seated/child/boss",SOURCE-ONLY,js/data/btf/adventures/rc2_story.js; js/scenes/adventure.js; js/data/art_registry.js; js/data/presentation_assets.js; js/data/btf/environments.js,"[[null, ""mazda handles the roasting"", {}], [null, ""yam cooked counter cooked too"", {}], [""uncle_sunday"", ""dragon roasted? nephew you got money money"", {}]]; route={}; fight={}; minigame={}",Approved stillness/off-screen speaker accepted; important action gaps only those identified in ASSET_GAP_MATRIX. No missing image inferred from empty authored props.
YAM:end,INHERITED from selected predecessor,inherit/dynamic — see source and predecessors,"""INHERITED from selected predecessor""",,[],"{""method"": ""SOURCE-ONLY""}","Director dialogue world/UI split; native270x480 env; actor80x96 anchor40,88 unless frozen metadata overrides; inspect source state/shot for seated/child/boss",SOURCE-ONLY,js/data/btf/adventures/rc2_story.js; js/scenes/adventure.js; js/data/art_registry.js; js/data/presentation_assets.js; js/data/btf/environments.js,"[[null, ""rich eats the whole yam like nobody helped"", {}]]; route={}; fight={}; minigame={}",Approved stillness/off-screen speaker accepted; important action gaps only those identified in ASSET_GAP_MATRIX. No missing image inferred from empty authored props.
AUNTIES:arrive,naija_lot,assets/before_the_fame/environments/naija_lot/naija_mart_parking_lot_270x480.png,"{""left"": ""rich"", ""right"": ""auntie"", ""farRight"": ""auntie""}",left:rich = assets/rich_standing_right.png; right:auntie = assets/before_the_fame/characters/auntie/auntie_register_neutral_80x96.png; farRight:auntie = assets/before_the_fame/characters/auntie/auntie_register_neutral_80x96.png,[],"{""env"": ""naija_lot"", ""placeholder"": false, ""actors"": [{""id"": ""rich"", ""slot"": ""left"", ""src"": ""assets/rich_standing_right.png"", ""placeholder"": false, ""loaded"": true, ""rect"": {""x"": -16.90625, ""y"": 125, ""width"": 292.03125, ""height"": 350.4375, ""top"": 125, ""right"": 275.125, ""bottom"": 475.4375, ""left"": -16.90625}, ""flip"": """"}, {""id"": ""auntie"", ""slot"": ""right"", ""src"": ""assets/before_the_fame/characters/auntie/auntie_register_neutral_80x96.png"", ""placeholder"": false, ""loaded"": true, ""rect"": {""x"": 166.25, ""y"": 121, ""width"": 292.03125, ""height"": 350.4375, ""top"": 121, ""right"": 458.28125, ""bottom"": 471.4375, ""left"": 166.25}, ""flip"": """"}, {""id"": ""auntie"", ""slot"": ""farRight"", ""src"": ""assets/before_the_fame/characters/auntie/auntie_register_neutral_80x96.png"", ""placeholder"": false, ""loaded"": true, ""rect"": {""x"": 227.5625, ""y"": 121, ""width"": 292.03125, ""height"": 350.4375, ""top"": 121, ""right"": 519.59375, ""bottom"": 471.4375, ""left"": 227.5625}, ""flip"": """"}]}","Director dialogue world/UI split; native270x480 env; actor80x96 anchor40,88 unless frozen metadata overrides; inspect source state/shot for seated/child/boss",INSPECTED WITH FIXTURE,js/data/btf/adventures/rc2_story.js; js/scenes/adventure.js; js/data/art_registry.js; js/data/presentation_assets.js; js/data/btf/environments.js,"[[null, ""three aunties set up a whole court outside"", {}], [""auntie"", ""we been discussing you"", {""entrance"": ""auntie""}], [""auntie"", ""too pale too thin still single"", {}], [""rich"", ""ma im literally a vampire"", {""vp"": true}], [""auntie"", ""and what that got to do with marriage"", {}]]; route={}; fight={}; minigame={}",Approved stillness/off-screen speaker accepted; important action gaps only those identified in ASSET_GAP_MATRIX. No missing image inferred from empty authored props.
AUNTIES:work,INHERITED from selected predecessor,inherit/dynamic — see source and predecessors,"""INHERITED from selected predecessor""",,[],"{""method"": ""SOURCE-ONLY""}","Director dialogue world/UI split; native270x480 env; actor80x96 anchor40,88 unless frozen metadata overrides; inspect source state/shot for seated/child/boss",SOURCE-ONLY,js/data/btf/adventures/rc2_story.js; js/scenes/adventure.js; js/data/art_registry.js; js/data/presentation_assets.js; js/data/btf/environments.js,"[[""auntie"", ""what you do for money"", {}]]; route={}; fight={}; minigame={}",Approved stillness/off-screen speaker accepted; important action gaps only those identified in ASSET_GAP_MATRIX. No missing image inferred from empty authored props.
AUNTIES:work_music,INHERITED from selected predecessor,inherit/dynamic — see source and predecessors,"""INHERITED from selected predecessor""",,[],"{""method"": ""SOURCE-ONLY""}","Director dialogue world/UI split; native270x480 env; actor80x96 anchor40,88 unless frozen metadata overrides; inspect source state/shot for seated/child/boss",SOURCE-ONLY,js/data/btf/adventures/rc2_story.js; js/scenes/adventure.js; js/data/art_registry.js; js/data/presentation_assets.js; js/data/btf/environments.js,"[[""auntie"", ""music cute whats the job"", {}]]; route={}; fight={}; minigame={}",Approved stillness/off-screen speaker accepted; important action gaps only those identified in ASSET_GAP_MATRIX. No missing image inferred from empty authored props.
AUNTIES:work_castle,INHERITED from selected predecessor,inherit/dynamic — see source and predecessors,"""INHERITED from selected predecessor""",,[],"{""method"": ""SOURCE-ONLY""}","Director dialogue world/UI split; native270x480 env; actor80x96 anchor40,88 unless frozen metadata overrides; inspect source state/shot for seated/child/boss",SOURCE-ONLY,js/data/btf/adventures/rc2_story.js; js/scenes/adventure.js; js/data/art_registry.js; js/data/presentation_assets.js; js/data/btf/environments.js,"[[""auntie"", ""castle? who paid"", {}], null]; route={}; fight={}; minigame={}",Approved stillness/off-screen speaker accepted; important action gaps only those identified in ASSET_GAP_MATRIX. No missing image inferred from empty authored props.
AUNTIES:work_vamp,INHERITED from selected predecessor,inherit/dynamic — see source and predecessors,"""INHERITED from selected predecessor""",,[],"{""method"": ""SOURCE-ONLY""}","Director dialogue world/UI split; native270x480 env; actor80x96 anchor40,88 unless frozen metadata overrides; inspect source state/shot for seated/child/boss",SOURCE-ONLY,js/data/btf/adventures/rc2_story.js; js/scenes/adventure.js; js/data/art_registry.js; js/data/presentation_assets.js; js/data/btf/environments.js,"[[""auntie"", ""vampire pension good or no"", {}], [""rich"", ""no ma im cooked"", {""vp"": true}], [""auntie"", ""we praying extra"", {}]]; route={}; fight={}; minigame={}",Approved stillness/off-screen speaker accepted; important action gaps only those identified in ASSET_GAP_MATRIX. No missing image inferred from empty authored props.
AUNTIES:wed,INHERITED from selected predecessor,inherit/dynamic — see source and predecessors,"""INHERITED from selected predecessor""",,[],"{""method"": ""SOURCE-ONLY""}","Director dialogue world/UI split; native270x480 env; actor80x96 anchor40,88 unless frozen metadata overrides; inspect source state/shot for seated/child/boss",SOURCE-ONLY,js/data/btf/adventures/rc2_story.js; js/scenes/adventure.js; js/data/art_registry.js; js/data/presentation_assets.js; js/data/btf/environments.js,"[[""auntie"", ""you married yet"", {}]]; route={}; fight={}; minigame={}",Approved stillness/off-screen speaker accepted; important action gaps only those identified in ASSET_GAP_MATRIX. No missing image inferred from empty authored props.
AUNTIES:wed_no,INHERITED from selected predecessor,inherit/dynamic — see source and predecessors,"""INHERITED from selected predecessor""",,[],"{""method"": ""SOURCE-ONLY""}","Director dialogue world/UI split; native270x480 env; actor80x96 anchor40,88 unless frozen metadata overrides; inspect source state/shot for seated/child/boss",SOURCE-ONLY,js/data/btf/adventures/rc2_story.js; js/scenes/adventure.js; js/data/art_registry.js; js/data/presentation_assets.js; js/data/btf/environments.js,"[[""auntie"", ""damn"", {}], [""auntie"", ""my niece a doctor and a lawyer dont embarrass me"", {}]]; route={}; fight={}; minigame={}",Approved stillness/off-screen speaker accepted; important action gaps only those identified in ASSET_GAP_MATRIX. No missing image inferred from empty authored props.
AUNTIES:wed_comp,INHERITED from selected predecessor,inherit/dynamic — see source and predecessors,"""INHERITED from selected predecessor""",,[],"{""method"": ""SOURCE-ONLY""}","Director dialogue world/UI split; native270x480 env; actor80x96 anchor40,88 unless frozen metadata overrides; inspect source state/shot for seated/child/boss",SOURCE-ONLY,js/data/btf/adventures/rc2_story.js; js/scenes/adventure.js; js/data/art_registry.js; js/data/presentation_assets.js; js/data/btf/environments.js,"[[""auntie"", ""whats her mother name"", {}], [null, ""thermos down investigation started"", {}]]; route={}; fight={}; minigame={}",Approved stillness/off-screen speaker accepted; important action gaps only those identified in ASSET_GAP_MATRIX. No missing image inferred from empty authored props.
AUNTIES:wed_busy,INHERITED from selected predecessor,inherit/dynamic — see source and predecessors,"""INHERITED from selected predecessor""",,[],"{""method"": ""SOURCE-ONLY""}","Director dialogue world/UI split; native270x480 env; actor80x96 anchor40,88 unless frozen metadata overrides; inspect source state/shot for seated/child/boss",SOURCE-ONLY,js/data/btf/adventures/rc2_story.js; js/scenes/adventure.js; js/data/art_registry.js; js/data/presentation_assets.js; js/data/btf/environments.js,"[[""auntie"", ""busy men still eat sit down"", {}]]; route={}; fight={}; minigame={}",Approved stillness/off-screen speaker accepted; important action gaps only those identified in ASSET_GAP_MATRIX. No missing image inferred from empty authored props.
AUNTIES:eat,INHERITED from selected predecessor,inherit/dynamic — see source and predecessors,"""INHERITED from selected predecessor""",,[],"{""method"": ""SOURCE-ONLY""}","Director dialogue world/UI split; native270x480 env; actor80x96 anchor40,88 unless frozen metadata overrides; inspect source state/shot for seated/child/boss",SOURCE-ONLY,js/data/btf/adventures/rc2_story.js; js/scenes/adventure.js; js/data/art_registry.js; js/data/presentation_assets.js; js/data/btf/environments.js,"[[null, ""foil plate appears like mom got bluetooth"", {}], [""auntie"", ""bring my foil back dont play"", {}]]; route={}; fight={}; minigame={}",Approved stillness/off-screen speaker accepted; important action gaps only those identified in ASSET_GAP_MATRIX. No missing image inferred from empty authored props.
AUNTIES:verdict,INHERITED from selected predecessor,inherit/dynamic — see source and predecessors,"""INHERITED from selected predecessor""",,[],"{""method"": ""SOURCE-ONLY""}","Director dialogue world/UI split; native270x480 env; actor80x96 anchor40,88 unless frozen metadata overrides; inspect source state/shot for seated/child/boss",SOURCE-ONLY,js/data/btf/adventures/rc2_story.js; js/scenes/adventure.js; js/data/art_registry.js; js/data/presentation_assets.js; js/data/btf/environments.js,"{""function"": ""A=>{const s=A.vars.score||0;return s>=4?[N(\""eleven seconds to judge a whole man\""),S('auntie',\""you passed barely\"")]:[N(\""forty minutes later they still on your case\""),S('auntie',\""you need work we got time\"")];}""}; route={}; fight={}; minigame={}",Approved stillness/off-screen speaker accepted; important action gaps only those identified in ASSET_GAP_MATRIX. No missing image inferred from empty authored props.
FUFU:arrive,kitchen,assets/before_the_fame/environments/kitchen/castle_kitchen_270x480.png,"{""left"": ""rich"", ""right"": ""tunde""}",left:rich = assets/rich_standing_right.png; right:tunde = assets/before_the_fame/characters/tunde/tunde_neutral_80x96.png,[],"{""env"": ""kitchen"", ""placeholder"": false, ""actors"": [{""id"": ""rich"", ""slot"": ""left"", ""src"": ""assets/rich_standing_right.png"", ""placeholder"": false, ""loaded"": true, ""rect"": {""x"": -18.734375, ""y"": 94, ""width"": 320, ""height"": 384, ""top"": 94, ""right"": 301.265625, ""bottom"": 478, ""left"": -18.734375}, ""flip"": """"}, {""id"": ""tunde"", ""slot"": ""right"", ""src"": ""assets/before_the_fame/characters/tunde/tunde_neutral_80x96.png"", ""placeholder"": false, ""loaded"": true, ""rect"": {""x"": 176.578125, ""y"": 94, ""width"": 320, ""height"": 384, ""top"": 94, ""right"": 496.578125, ""bottom"": 478, ""left"": 176.578125}, ""flip"": """"}]}","Director dialogue world/UI split; native270x480 env; actor80x96 anchor40,88 unless frozen metadata overrides; inspect source state/shot for seated/child/boss",INSPECTED WITH FIXTURE,js/data/btf/adventures/rc2_story.js; js/scenes/adventure.js; js/data/art_registry.js; js/data/presentation_assets.js; js/data/btf/environments.js,"[[""tunde"", ""tunde pulls up with flour and concerns"", {""entrance"": ""tunde""}], [""tunde"", ""you never had fufu? who raised you"", {}], [""tunde"", ""sit down we fixing that"", {}]]; route={}; fight={}; minigame={}",Approved stillness/off-screen speaker accepted; important action gaps only those identified in ASSET_GAP_MATRIX. No missing image inferred from empty authored props.
FUFU:mom,INHERITED from selected predecessor,assets/before_the_fame/environments/kitchen/castle_kitchen_270x480.png,"{""left"": ""mom"", ""mid"": ""rich"", ""right"": ""tunde""}",left:mom = assets/before_the_fame/characters/mom/mom_neutral_80x96.png; mid:rich = assets/rich_standing_right.png; right:tunde = assets/before_the_fame/characters/tunde/tunde_neutral_80x96.png,[],"{""env"": ""kitchen"", ""placeholder"": false, ""actors"": [{""id"": ""mom"", ""slot"": ""left"", ""src"": ""assets/before_the_fame/characters/mom/mom_neutral_80x96.png"", ""placeholder"": false, ""loaded"": true, ""rect"": {""x"": -20.0625, ""y"": 90, ""width"": 320, ""height"": 384, ""top"": 90, ""right"": 299.9375, ""bottom"": 474, ""left"": -20.0625}, ""flip"": """"}, {""id"": ""rich"", ""slot"": ""mid"", ""src"": ""assets/rich_standing_right.png"", ""placeholder"": false, ""loaded"": true, ""rect"": {""x"": 77.921875, ""y"": 94, ""width"": 320, ""height"": 384, ""top"": 94, ""right"": 397.921875, ""bottom"": 478, ""left"": 77.921875}, ""flip"": """"}, {""id"": ""tunde"", ""slot"": ""right"", ""src"": ""assets/before_the_fame/characters/tunde/tunde_neutral_80x96.png"", ""placeholder"": false, ""loaded"": true, ""rect"": {""x"": 175.921875, ""y"": 94, ""width"": 320, ""height"": 384, ""top"": 94, ""right"": 495.921875, ""bottom"": 478, ""left"": 175.921875}, ""flip"": """"}]}","Director dialogue world/UI split; native270x480 env; actor80x96 anchor40,88 unless frozen metadata overrides; inspect source state/shot for seated/child/boss",INSPECTED WITH FIXTURE,js/data/btf/adventures/rc2_story.js; js/scenes/adventure.js; js/data/art_registry.js; js/data/presentation_assets.js; js/data/btf/environments.js,"[[null, ""mom joins like she got a warrant"", {}], [""mom"", ""who cooking and why wasnt i called"", {}]]; route={}; fight={}; minigame={}",Approved stillness/off-screen speaker accepted; important action gaps only those identified in ASSET_GAP_MATRIX. No missing image inferred from empty authored props.
FUFU:rule,INHERITED from selected predecessor,assets/before_the_fame/environments/kitchen/castle_kitchen_270x480.png,"{""left"": ""rich"", ""right"": ""tunde""}",left:rich = assets/rich_standing_right.png; right:tunde = assets/before_the_fame/characters/tunde/tunde_neutral_80x96.png,[],"{""env"": ""kitchen"", ""placeholder"": false, ""actors"": [{""id"": ""rich"", ""slot"": ""left"", ""src"": ""assets/rich_standing_right.png"", ""placeholder"": false, ""loaded"": true, ""rect"": {""x"": -18.734375, ""y"": 94, ""width"": 320, ""height"": 384, ""top"": 94, ""right"": 301.265625, ""bottom"": 478, ""left"": -18.734375}, ""flip"": """"}, {""id"": ""tunde"", ""slot"": ""right"", ""src"": ""assets/before_the_fame/characters/tunde/tunde_neutral_80x96.png"", ""placeholder"": false, ""loaded"": true, ""rect"": {""x"": 176.578125, ""y"": 94, ""width"": 320, ""height"": 384, ""top"": 94, ""right"": 496.578125, ""bottom"": 478, ""left"": 176.578125}, ""flip"": """"}]}","Director dialogue world/UI split; native270x480 env; actor80x96 anchor40,88 unless frozen metadata overrides; inspect source state/shot for seated/child/boss",INSPECTED WITH FIXTURE,js/data/btf/adventures/rc2_story.js; js/scenes/adventure.js; js/data/art_registry.js; js/data/presentation_assets.js; js/data/btf/environments.js,"[[""tunde"", ""dont chew it"", {}], [""rich"", ""why this shit got rules"", {""vp"": true}], [""tunde"", ""tear dip swallow this aint steak"", {}]]; route={}; fight={}; minigame={}",Approved stillness/off-screen speaker accepted; important action gaps only those identified in ASSET_GAP_MATRIX. No missing image inferred from empty authored props.
FUFU:swallow,INHERITED from selected predecessor,inherit/dynamic — see source and predecessors,"""INHERITED from selected predecessor""",,[],"{""method"": ""SOURCE-ONLY""}","Director dialogue world/UI split; native270x480 env; actor80x96 anchor40,88 unless frozen metadata overrides; inspect source state/shot for seated/child/boss",SOURCE-ONLY,js/data/btf/adventures/rc2_story.js; js/scenes/adventure.js; js/data/art_registry.js; js/data/presentation_assets.js; js/data/btf/environments.js,"[[null, ""rich swallows and checks if hes still alive"", {}], [""tunde"", ""see you nigerian after all"", {}]]; route={}; fight={}; minigame={}",Approved stillness/off-screen speaker accepted; important action gaps only those identified in ASSET_GAP_MATRIX. No missing image inferred from empty authored props.
FUFU:chew,INHERITED from selected predecessor,inherit/dynamic — see source and predecessors,"""INHERITED from selected predecessor""",,[],"{""method"": ""SOURCE-ONLY""}","Director dialogue world/UI split; native270x480 env; actor80x96 anchor40,88 unless frozen metadata overrides; inspect source state/shot for seated/child/boss",SOURCE-ONLY,js/data/btf/adventures/rc2_story.js; js/scenes/adventure.js; js/data/art_registry.js; js/data/presentation_assets.js; js/data/btf/environments.js,"[[null, ""rich chews and the whole kitchen takes offense"", {}], [""mom"", ""who raised you bro"", {}], [""tunde"", ""dont put me on camera with him"", {}]]; route={}; fight={}; minigame={}",Approved stillness/off-screen speaker accepted; important action gaps only those identified in ASSET_GAP_MATRIX. No missing image inferred from empty authored props.
FUFU:octo,INHERITED from selected predecessor,inherit/dynamic — see source and predecessors,"""INHERITED from selected predecessor""",,[],"{""method"": ""SOURCE-ONLY""}","Director dialogue world/UI split; native270x480 env; actor80x96 anchor40,88 unless frozen metadata overrides; inspect source state/shot for seated/child/boss",SOURCE-ONLY,js/data/btf/adventures/rc2_story.js; js/scenes/adventure.js; js/data/art_registry.js; js/data/presentation_assets.js; js/data/btf/environments.js,"[[null, ""eight tentacles eight balls mazda wants none of this"", {}], [""tunde"", ""cheating but damn thats clean"", {}]]; route={}; fight={}; minigame={}",Approved stillness/off-screen speaker accepted; important action gaps only those identified in ASSET_GAP_MATRIX. No missing image inferred from empty authored props.
FUFU:soup,INHERITED from selected predecessor,inherit/dynamic — see source and predecessors,"""INHERITED from selected predecessor""",,[],"{""method"": ""SOURCE-ONLY""}","Director dialogue world/UI split; native270x480 env; actor80x96 anchor40,88 unless frozen metadata overrides; inspect source state/shot for seated/child/boss",SOURCE-ONLY,js/data/btf/adventures/rc2_story.js; js/scenes/adventure.js; js/data/art_registry.js; js/data/presentation_assets.js; js/data/btf/environments.js,"[[null, ""egusi hot enough to settle an argument"", {}], [""mom"", ""it hurt? good"", {}], [""rich"", ""damn a little warning next time"", {""vp"": true}]]; route={}; fight={}; minigame={}",Approved stillness/off-screen speaker accepted; important action gaps only those identified in ASSET_GAP_MATRIX. No missing image inferred from empty authored props.
FUFU:end,INHERITED from selected predecessor,inherit/dynamic — see source and predecessors,"""INHERITED from selected predecessor""",,[],"{""method"": ""SOURCE-ONLY""}","Director dialogue world/UI split; native270x480 env; actor80x96 anchor40,88 unless frozen metadata overrides; inspect source state/shot for seated/child/boss",SOURCE-ONLY,js/data/btf/adventures/rc2_story.js; js/scenes/adventure.js; js/data/art_registry.js; js/data/presentation_assets.js; js/data/btf/environments.js,"[[""mom"", ""eat again im watching"", {}]]; route={}; fight={}; minigame={}",Approved stillness/off-screen speaker accepted; important action gaps only those identified in ASSET_GAP_MATRIX. No missing image inferred from empty authored props.
PLATES:knock,bedroom,assets/rich_bedroom_environment_270x480.png,"{""left"": ""rich""}",left:rich = assets/rich_standing_right.png,[],"{""env"": ""bedroom"", ""placeholder"": false, ""actors"": [{""id"": ""rich"", ""slot"": ""left"", ""src"": ""assets/rich_standing_right.png"", ""placeholder"": false, ""loaded"": true, ""rect"": {""x"": -3.734375, ""y"": 94, ""width"": 320, ""height"": 384, ""top"": 94, ""right"": 316.265625, ""bottom"": 478, ""left"": -3.734375}, ""flip"": """"}]}","Director dialogue world/UI split; native270x480 env; actor80x96 anchor40,88 unless frozen metadata overrides; inspect source state/shot for seated/child/boss",INSPECTED WITH FIXTURE,js/data/btf/adventures/rc2_story.js; js/scenes/adventure.js; js/data/art_registry.js; js/data/presentation_assets.js; js/data/btf/environments.js,"[[null, ""a cousin you never met pulls up with moms cooler"", {}], [""mom"", ""everybody gets a plate dont start"", {}], [null, ""four plates four names no excuses"", {}]]; route={}; fight={}; minigame={}",Approved stillness/off-screen speaker accepted; important action gaps only those identified in ASSET_GAP_MATRIX. No missing image inferred from empty authored props.
PLATES:hub,castle_exterior,assets/before_the_fame/environments/castle_exterior/castle_exterior_night_270x480.png,"{""left"": ""rich""}",left:rich = assets/rich_standing_right.png,[],"{""env"": ""castle_exterior"", ""placeholder"": false, ""actors"": [{""id"": ""rich"", ""slot"": ""left"", ""src"": ""assets/rich_standing_right.png"", ""placeholder"": false, ""loaded"": true, ""rect"": {""x"": -3.734375, ""y"": 94, ""width"": 320, ""height"": 384, ""top"": 94, ""right"": 316.265625, ""bottom"": 478, ""left"": -3.734375}, ""flip"": """"}]}","Director dialogue world/UI split; native270x480 env; actor80x96 anchor40,88 unless frozen metadata overrides; inspect source state/shot for seated/child/boss",INSPECTED WITH FIXTURE,js/data/btf/adventures/rc2_story.js; js/scenes/adventure.js; js/data/art_registry.js; js/data/presentation_assets.js; js/data/btf/environments.js,"{""function"": ""A=>[N(((A.vars.done||[]).length)?'plates left. mom is checking.':'where does the first plate go?')]""}; route={}; fight={}; minigame={}",Approved stillness/off-screen speaker accepted; important action gaps only those identified in ASSET_GAP_MATRIX. No missing image inferred from empty authored props.
PLATES:tunde,INHERITED from selected predecessor,assets/before_the_fame/environments/castle_exterior/castle_exterior_night_270x480.png,"{""left"": ""rich"", ""right"": ""tunde""}",left:rich = assets/rich_standing_right.png; right:tunde = assets/before_the_fame/characters/tunde/tunde_neutral_80x96.png,[],"{""env"": ""castle_exterior"", ""placeholder"": false, ""actors"": [{""id"": ""rich"", ""slot"": ""left"", ""src"": ""assets/rich_standing_right.png"", ""placeholder"": false, ""loaded"": true, ""rect"": {""x"": -18.734375, ""y"": 94, ""width"": 320, ""height"": 384, ""top"": 94, ""right"": 301.265625, ""bottom"": 478, ""left"": -18.734375}, ""flip"": """"}, {""id"": ""tunde"", ""slot"": ""right"", ""src"": ""assets/before_the_fame/characters/tunde/tunde_neutral_80x96.png"", ""placeholder"": false, ""loaded"": true, ""rect"": {""x"": 176.578125, ""y"": 94, ""width"": 320, ""height"": 384, ""top"": 94, ""right"": 496.578125, ""bottom"": 478, ""left"": 176.578125}, ""flip"": """"}]}","Director dialogue world/UI split; native270x480 env; actor80x96 anchor40,88 unless frozen metadata overrides; inspect source state/shot for seated/child/boss",INSPECTED WITH FIXTURE,js/data/btf/adventures/rc2_story.js; js/scenes/adventure.js; js/data/art_registry.js; js/data/presentation_assets.js; js/data/btf/environments.js,"[[null, ""tunde checks the foil like tsa"", {}], [""tunde"", ""who packed this they got credentials"", {}]]; route={}; fight={}; minigame={}",Approved stillness/off-screen speaker accepted; important action gaps only those identified in ASSET_GAP_MATRIX. No missing image inferred from empty authored props.
PLATES:coffe,INHERITED from selected predecessor,assets/before_the_fame/environments/castle_exterior/castle_exterior_night_270x480.png,"{""left"": ""rich"", ""right"": ""coffe""}",left:rich = assets/rich_standing_right.png; right:coffe = assets/before_the_fame/characters/coffe/coffe_neutral_80x96.png,[],"{""env"": ""castle_exterior"", ""placeholder"": false, ""actors"": [{""id"": ""rich"", ""slot"": ""left"", ""src"": ""assets/rich_standing_right.png"", ""placeholder"": false, ""loaded"": true, ""rect"": {""x"": -18.0625, ""y"": 94, ""width"": 320, ""height"": 384, ""top"": 94, ""right"": 301.9375, ""bottom"": 478, ""left"": -18.0625}, ""flip"": """"}, {""id"": ""coffe"", ""slot"": ""right"", ""src"": ""assets/before_the_fame/characters/coffe/coffe_neutral_80x96.png"", ""placeholder"": false, ""loaded"": true, ""rect"": {""x"": 177.921875, ""y"": 94, ""width"": 320, ""height"": 384, ""top"": 94, ""right"": 497.921875, ""bottom"": 478, ""left"": 177.921875}, ""flip"": """"}]}","Director dialogue world/UI split; native270x480 env; actor80x96 anchor40,88 unless frozen metadata overrides; inspect source state/shot for seated/child/boss",INSPECTED WITH FIXTURE,js/data/btf/adventures/rc2_story.js; js/scenes/adventure.js; js/data/art_registry.js; js/data/presentation_assets.js; js/data/btf/environments.js,"[[null, ""coffe eats like the plate got a timer"", {}], [""coffe"", ""damn i can hear colors"", {}]]; route={}; fight={}; minigame={}",Approved stillness/off-screen speaker accepted; important action gaps only those identified in ASSET_GAP_MATRIX. No missing image inferred from empty authored props.
PLATES:dre,INHERITED from selected predecessor,assets/before_the_fame/environments/castle_exterior/castle_exterior_night_270x480.png,"{""left"": ""rich"", ""right"": ""dre""}",left:rich = assets/rich_standing_right.png; right:dre = assets/before_the_fame/characters/dre/dre_neutral_80x96.png,[],"{""env"": ""castle_exterior"", ""placeholder"": false, ""actors"": [{""id"": ""rich"", ""slot"": ""left"", ""src"": ""assets/rich_standing_right.png"", ""placeholder"": false, ""loaded"": true, ""rect"": {""x"": -18.40625, ""y"": 94, ""width"": 320, ""height"": 384, ""top"": 94, ""right"": 301.59375, ""bottom"": 478, ""left"": -18.40625}, ""flip"": """"}, {""id"": ""dre"", ""slot"": ""right"", ""src"": ""assets/before_the_fame/characters/dre/dre_neutral_80x96.png"", ""placeholder"": false, ""loaded"": true, ""rect"": {""x"": 177.578125, ""y"": 94, ""width"": 320, ""height"": 384, ""top"": 94, ""right"": 497.578125, ""bottom"": 478, ""left"": 177.578125}, ""flip"": """"}]}","Director dialogue world/UI split; native270x480 env; actor80x96 anchor40,88 unless frozen metadata overrides; inspect source state/shot for seated/child/boss",INSPECTED WITH FIXTURE,js/data/btf/adventures/rc2_story.js; js/scenes/adventure.js; js/data/art_registry.js; js/data/presentation_assets.js; js/data/btf/environments.js,"[[""dre"", ""this shit spicy"", {}], [null, ""dre crying but saying thank you"", {}]]; route={}; fight={}; minigame={}",Approved stillness/off-screen speaker accepted; important action gaps only those identified in ASSET_GAP_MATRIX. No missing image inferred from empty authored props.
PLATES:lil_smack,INHERITED from selected predecessor,assets/before_the_fame/environments/castle_exterior/castle_exterior_night_270x480.png,"{""left"": ""rich"", ""right"": ""lil_smack""}",left:rich = assets/rich_standing_right.png; right:lil_smack = assets/before_the_fame/characters/lil_smack/lil_smack_eating_80x96.png,[],"{""env"": ""castle_exterior"", ""placeholder"": false, ""actors"": [{""id"": ""rich"", ""slot"": ""left"", ""src"": ""assets/rich_standing_right.png"", ""placeholder"": false, ""loaded"": true, ""rect"": {""x"": -17.734375, ""y"": 110, ""width"": 305.140625, ""height"": 366.1875, ""top"": 110, ""right"": 287.40625, ""bottom"": 476.1875, ""left"": -17.734375}, ""flip"": """"}, {""id"": ""lil_smack"", ""slot"": ""right"", ""src"": ""assets/before_the_fame/characters/lil_smack/lil_smack_eating_80x96.png"", ""placeholder"": false, ""loaded"": true, ""rect"": {""x"": 177.25, ""y"": 110, ""width"": 305.140625, ""height"": 366.1875, ""top"": 110, ""right"": 482.390625, ""bottom"": 476.1875, ""left"": 177.25}, ""flip"": """"}]}","Director dialogue world/UI split; native270x480 env; actor80x96 anchor40,88 unless frozen metadata overrides; inspect source state/shot for seated/child/boss",INSPECTED WITH FIXTURE,js/data/btf/adventures/rc2_story.js; js/scenes/adventure.js; js/data/art_registry.js; js/data/presentation_assets.js; js/data/btf/environments.js,"[[null, ""lil smack eats the foil too"", {}], null]; route={}; fight={}; minigame={}",Approved stillness/off-screen speaker accepted; important action gaps only those identified in ASSET_GAP_MATRIX. No missing image inferred from empty authored props.
PLATES:end,castle_exterior,assets/before_the_fame/environments/castle_exterior/castle_exterior_night_270x480.png,"{""left"": ""rich""}",left:rich = assets/rich_standing_right.png,[],"{""env"": ""castle_exterior"", ""placeholder"": false, ""actors"": [{""id"": ""rich"", ""slot"": ""left"", ""src"": ""assets/rich_standing_right.png"", ""placeholder"": false, ""loaded"": true, ""rect"": {""x"": -3.734375, ""y"": 94, ""width"": 320, ""height"": 384, ""top"": 94, ""right"": 316.265625, ""bottom"": 478, ""left"": -3.734375}, ""flip"": """"}]}","Director dialogue world/UI split; native270x480 env; actor80x96 anchor40,88 unless frozen metadata overrides; inspect source state/shot for seated/child/boss",INSPECTED WITH FIXTURE,js/data/btf/adventures/rc2_story.js; js/scenes/adventure.js; js/data/art_registry.js; js/data/presentation_assets.js; js/data/btf/environments.js,"[[""mom"", ""send pictures i know yall lie"", {}], [""rich"", ""everybody ate ma even the foil"", {""vp"": true}]]; route={}; fight={}; minigame={}",Approved stillness/off-screen speaker accepted; important action gaps only those identified in ASSET_GAP_MATRIX. No missing image inferred from empty authored props.
A30:wake,portobello_bedroom,assets/before_the_fame/environments/portobello_bedroom/portobello_beige_bedroom_270x480.png,"{""mid"": {""id"": ""rich_portobello"", ""look"": {""skin"": ""#6a4028"", ""top"": ""#c8b89a"", ""bottom"": ""#5a4a3a"", ""hair"": ""#3a2418"", ""hairShape"": ""short"", ""shades"": false, ""accent"": ""#20c66b""}}, ""left"": {""id"": ""portobello_wife"", ""look"": {""skin"": ""#e0b896"", ""top"": ""#d8a0b0"", ""bottom"": ""#2a2a38"", ""hair"": ""#3a2010"", ""hairShape"": ""long""}}}",mid:rich_portobello = assets/before_the_fame/characters/rich_portobello/rich_portobello_standing_80x96.png; left:portobello_wife = assets/before_the_fame/characters/portobello_wife/portobello_wife_neutral_80x96.png,[],"{""env"": ""portobello_bedroom"", ""placeholder"": false, ""actors"": [{""id"": ""rich_portobello"", ""slot"": ""mid"", ""src"": ""assets/before_the_fame/characters/rich_portobello/rich_portobello_standing_80x96.png"", ""placeholder"": false, ""loaded"": true, ""rect"": {""x"": 89.421875, ""y"": 90, ""width"": 320, ""height"": 384, ""top"": 90, ""right"": 409.421875, ""bottom"": 474, ""left"": 89.421875}, ""flip"": """"}, {""id"": ""portobello_wife"", ""slot"": ""left"", ""src"": ""assets/before_the_fame/characters/portobello_wife/portobello_wife_neutral_80x96.png"", ""placeholder"": false, ""loaded"": true, ""rect"": {""x"": -8.5625, ""y"": 90, ""width"": 320, ""height"": 384, ""top"": 90, ""right"": 311.4375, ""bottom"": 474, ""left"": -8.5625}, ""flip"": """"}]}","Director dialogue world/UI split; native270x480 env; actor80x96 anchor40,88 unless frozen metadata overrides; inspect source state/shot for seated/child/boss",INSPECTED WITH FIXTURE,js/data/btf/adventures/w5.js; js/scenes/adventure.js; js/data/art_registry.js; js/data/presentation_assets.js; js/data/btf/environments.js,"[[null, ""no locs clean cut expensive sweater damn"", {}], [null, ""woman beside him actually loves him"", {}], [""rich"", ""wait who life is this"", {""vp"": true}]]; route={}; fight={}; minigame={}",Approved stillness/off-screen speaker accepted; important action gaps only those identified in ASSET_GAP_MATRIX. No missing image inferred from empty authored props.
A30:breakfast,INHERITED from selected predecessor,assets/before_the_fame/environments/portobello_bedroom/portobello_beige_bedroom_270x480.png,"{""mid"": {""id"": ""rich_portobello"", ""look"": {""skin"": ""#6a4028"", ""top"": ""#c8b89a"", ""bottom"": ""#5a4a3a"", ""hair"": ""#3a2418"", ""hairShape"": ""short"", ""shades"": false, ""accent"": ""#20c66b""}}, ""left"": {""id"": ""portobello_wife"", ""look"": {""skin"": ""#e0b896"", ""top"": ""#d8a0b0"", ""bottom"": ""#2a2a38"", ""hair"": ""#3a2010"", ""hairShape"": ""long""}}, ""right"": {""id"": ""portobello_kid1"", ""look"": {""skin"": ""#c99a78"", ""top"": ""#7ad0a0"", ""bottom"": ""#3a3a3a"", ""hair"": ""#2a1810"", ""hairShape"": ""bun"", ""height"": 0.6}}, ""farRight"": {""id"": ""portobello_kid2"", ""look"": {""skin"": ""#c99a78"", ""top"": ""#f0c060"", ""bottom"": ""#3a3a3a"", ""hair"": ""#2a1810"", ""hairShape"": ""spiky"", ""height"": 0.55}}}",mid:rich_portobello = assets/before_the_fame/characters/rich_portobello/rich_portobello_standing_80x96.png; left:portobello_wife = assets/before_the_fame/characters/portobello_wife/portobello_wife_neutral_80x96.png; right:portobello_kid1 = assets/before_the_fame/characters/portobello_kid1/portobello_kid1_neutral_80x96.png; farRight:portobello_kid2 = assets/before_the_fame/characters/portobello_kid2/portobello_kid2_neutral_80x96.png,[],"{""env"": ""portobello_bedroom"", ""placeholder"": false, ""actors"": [{""id"": ""rich_portobello"", ""slot"": ""mid"", ""src"": ""assets/before_the_fame/characters/rich_portobello/rich_portobello_standing_80x96.png"", ""placeholder"": false, ""loaded"": true, ""rect"": {""x"": 76.25, ""y"": 121, ""width"": 292.03125, ""height"": 350.4375, ""top"": 121, ""right"": 368.28125, ""bottom"": 471.4375, ""left"": 76.25}, ""flip"": """"}, {""id"": ""portobello_wife"", ""slot"": ""left"", ""src"": ""assets/before_the_fame/characters/portobello_wife/portobello_wife_neutral_80x96.png"", ""placeholder"": false, ""loaded"": true, ""rect"": {""x"": -19.234375, ""y"": 121, ""width"": 292.03125, ""height"": 350.4375, ""top"": 121, ""right"": 272.796875, ""bottom"": 471.4375, ""left"": -19.234375}, ""flip"": """"}, {""id"": ""portobello_kid1"", ""slot"": ""right"", ""src"": ""assets/before_the_fame/characters/portobello_kid1/portobello_kid1_neutral_80x96.png"", ""placeholder"": false, ""loaded"": true, ""rect"": {""x"": 171.75, ""y"": 121, ""width"": 292.03125, ""height"": 350.4375, ""top"": 121, ""right"": 463.78125, ""bottom"": 471.4375, ""left"": 171.75}, ""flip"": """"}, {""id"": ""portobello_kid2"", ""slot"": ""farRight"", ""src"": ""assets/before_the_fame/characters/portobello_kid2/portobello_kid2_neutral_80x96.png"", ""placeholder"": false, ""loaded"": true, ""rect"": {""x"": 232.40625, ""y"": 121, ""width"": 292.03125, ""height"": 350.4375, ""top"": 121, ""right"": 524.4375, ""bottom"": 471.4375, ""left"": 232.40625}, ""flip"": """"}]}","Director dialogue world/UI split; native270x480 env; actor80x96 anchor40,88 unless frozen metadata overrides; inspect source state/shot for seated/child/boss",INSPECTED WITH FIXTURE,js/data/btf/adventures/w5.js; js/scenes/adventure.js; js/data/art_registry.js; js/data/presentation_assets.js; js/data/btf/environments.js,"[[null, ""eggs two kids arguing mazda outside just a car"", {}], [""portobello_wife"", ""you late again"", {}], [""rich"", ""im on time in spirit"", {""vp"": true}]]; route={}; fight={}; minigame={}",Approved stillness/off-screen speaker accepted; important action gaps only those identified in ASSET_GAP_MATRIX. No missing image inferred from empty authored props.
A30:commute,INHERITED from selected predecessor,inherit/dynamic — see source and predecessors,"""INHERITED from selected predecessor""",,[],"{""method"": ""SOURCE-ONLY""}","Director dialogue world/UI split; native270x480 env; actor80x96 anchor40,88 unless frozen metadata overrides; inspect source state/shot for seated/child/boss",SOURCE-ONLY,js/data/btf/adventures/w5.js; js/scenes/adventure.js; js/data/art_registry.js; js/data/presentation_assets.js; js/data/btf/environments.js,"[[null, ""commute normal radio normal what the fuck"", {}]]; route={}; fight={}; minigame={}",Approved stillness/off-screen speaker accepted; important action gaps only those identified in ASSET_GAP_MATRIX. No missing image inferred from empty authored props.
A30:kpi1,portobello_office,assets/before_the_fame/environments/portobello_office/portobello_kpi_office_270x480.png,"{""left"": {""id"": ""rich_portobello"", ""look"": {""skin"": ""#6a4028"", ""top"": ""#c8b89a"", ""bottom"": ""#5a4a3a"", ""hair"": ""#3a2418"", ""hairShape"": ""short"", ""shades"": false, ""accent"": ""#20c66b""}, ""state"": ""presenting""}, ""right"": {""id"": ""portobello_manager"", ""flip"": true, ""look"": {""skin"": ""#d8b090"", ""top"": ""#3a3a4a"", ""bottom"": ""#1f2a44"", ""hair"": ""#5a4a3a"", ""hairShape"": ""hat""}}}",left:rich_portobello@presenting = assets/before_the_fame/characters/rich_portobello/rich_portobello_presenting_80x96.png; right:portobello_manager = assets/before_the_fame/characters/portobello_manager/portobello_manager_neutral_80x96.png,[],"{""env"": ""portobello_office"", ""placeholder"": false, ""actors"": [{""id"": ""rich_portobello"", ""slot"": ""left"", ""src"": ""assets/before_the_fame/characters/rich_portobello/rich_portobello_presenting_80x96.png"", ""placeholder"": false, ""loaded"": true, ""rect"": {""x"": -13.40625, ""y"": 117, ""width"": 295.90625, ""height"": 355.09375, ""top"": 117, ""right"": 282.5, ""bottom"": 472.09375, ""left"": -13.40625}, ""flip"": """"}, {""id"": ""portobello_manager"", ""slot"": ""right"", ""src"": ""assets/before_the_fame/characters/portobello_manager/portobello_manager_neutral_80x96.png"", ""placeholder"": false, ""loaded"": true, ""rect"": {""x"": 180.25, ""y"": 117, ""width"": 295.90625, ""height"": 355.09375, ""top"": 117, ""right"": 476.15625, ""bottom"": 472.09375, ""left"": 180.25}, ""flip"": ""scaleX(-1)""}]}","Director dialogue world/UI split; native270x480 env; actor80x96 anchor40,88 unless frozen metadata overrides; inspect source state/shot for seated/child/boss",INSPECTED WITH FIXTURE,js/data/btf/adventures/w5.js; js/scenes/adventure.js; js/data/art_registry.js; js/data/presentation_assets.js; js/data/btf/environments.js,"[[null, ""SLIDE 1."", {}], [""portobello_manager"", ""walk us through it."", {}]]; route={}; fight={}; minigame={}",Approved stillness/off-screen speaker accepted; important action gaps only those identified in ASSET_GAP_MATRIX. No missing image inferred from empty authored props.
A30:kpi2,portobello_office,assets/before_the_fame/environments/portobello_office/portobello_kpi_office_270x480.png,"{""left"": {""id"": ""rich_portobello"", ""look"": {""skin"": ""#6a4028"", ""top"": ""#c8b89a"", ""bottom"": ""#5a4a3a"", ""hair"": ""#3a2418"", ""hairShape"": ""short"", ""shades"": false, ""accent"": ""#20c66b""}, ""state"": ""presenting""}, ""right"": {""id"": ""portobello_manager"", ""flip"": true, ""look"": {""skin"": ""#d8b090"", ""top"": ""#3a3a4a"", ""bottom"": ""#1f2a44"", ""hair"": ""#5a4a3a"", ""hairShape"": ""hat""}}}",left:rich_portobello@presenting = assets/before_the_fame/characters/rich_portobello/rich_portobello_presenting_80x96.png; right:portobello_manager = assets/before_the_fame/characters/portobello_manager/portobello_manager_neutral_80x96.png,[],"{""env"": ""portobello_office"", ""placeholder"": false, ""actors"": [{""id"": ""rich_portobello"", ""slot"": ""left"", ""src"": ""assets/before_the_fame/characters/rich_portobello/rich_portobello_presenting_80x96.png"", ""placeholder"": false, ""loaded"": true, ""rect"": {""x"": -13.40625, ""y"": 117, ""width"": 295.90625, ""height"": 355.09375, ""top"": 117, ""right"": 282.5, ""bottom"": 472.09375, ""left"": -13.40625}, ""flip"": """"}, {""id"": ""portobello_manager"", ""slot"": ""right"", ""src"": ""assets/before_the_fame/characters/portobello_manager/portobello_manager_neutral_80x96.png"", ""placeholder"": false, ""loaded"": true, ""rect"": {""x"": 180.25, ""y"": 117, ""width"": 295.90625, ""height"": 355.09375, ""top"": 117, ""right"": 476.15625, ""bottom"": 472.09375, ""left"": 180.25}, ""flip"": ""scaleX(-1)""}]}","Director dialogue world/UI split; native270x480 env; actor80x96 anchor40,88 unless frozen metadata overrides; inspect source state/shot for seated/child/boss",INSPECTED WITH FIXTURE,js/data/btf/adventures/w5.js; js/scenes/adventure.js; js/data/art_registry.js; js/data/presentation_assets.js; js/data/btf/environments.js,"[[null, ""SLIDE 2."", {}], [""portobello_manager"", ""walk us through it."", {}]]; route={}; fight={}; minigame={}",Approved stillness/off-screen speaker accepted; important action gaps only those identified in ASSET_GAP_MATRIX. No missing image inferred from empty authored props.
A30:kpi3,portobello_office,assets/before_the_fame/environments/portobello_office/portobello_kpi_office_270x480.png,"{""left"": {""id"": ""rich_portobello"", ""look"": {""skin"": ""#6a4028"", ""top"": ""#c8b89a"", ""bottom"": ""#5a4a3a"", ""hair"": ""#3a2418"", ""hairShape"": ""short"", ""shades"": false, ""accent"": ""#20c66b""}, ""state"": ""presenting""}, ""right"": {""id"": ""portobello_manager"", ""flip"": true, ""look"": {""skin"": ""#d8b090"", ""top"": ""#3a3a4a"", ""bottom"": ""#1f2a44"", ""hair"": ""#5a4a3a"", ""hairShape"": ""hat""}}}",left:rich_portobello@presenting = assets/before_the_fame/characters/rich_portobello/rich_portobello_presenting_80x96.png; right:portobello_manager = assets/before_the_fame/characters/portobello_manager/portobello_manager_neutral_80x96.png,[],"{""env"": ""portobello_office"", ""placeholder"": false, ""actors"": [{""id"": ""rich_portobello"", ""slot"": ""left"", ""src"": ""assets/before_the_fame/characters/rich_portobello/rich_portobello_presenting_80x96.png"", ""placeholder"": false, ""loaded"": true, ""rect"": {""x"": -13.40625, ""y"": 117, ""width"": 295.90625, ""height"": 355.09375, ""top"": 117, ""right"": 282.5, ""bottom"": 472.09375, ""left"": -13.40625}, ""flip"": """"}, {""id"": ""portobello_manager"", ""slot"": ""right"", ""src"": ""assets/before_the_fame/characters/portobello_manager/portobello_manager_neutral_80x96.png"", ""placeholder"": false, ""loaded"": true, ""rect"": {""x"": 180.25, ""y"": 117, ""width"": 295.90625, ""height"": 355.09375, ""top"": 117, ""right"": 476.15625, ""bottom"": 472.09375, ""left"": 180.25}, ""flip"": ""scaleX(-1)""}]}","Director dialogue world/UI split; native270x480 env; actor80x96 anchor40,88 unless frozen metadata overrides; inspect source state/shot for seated/child/boss",INSPECTED WITH FIXTURE,js/data/btf/adventures/w5.js; js/scenes/adventure.js; js/data/art_registry.js; js/data/presentation_assets.js; js/data/btf/environments.js,"[[null, ""SLIDE 3."", {}], [""portobello_manager"", ""walk us through it."", {}]]; route={}; fight={}; minigame={}",Approved stillness/off-screen speaker accepted; important action gaps only those identified in ASSET_GAP_MATRIX. No missing image inferred from empty authored props.
A30:approve,portobello_office,assets/before_the_fame/environments/portobello_office/portobello_kpi_office_270x480.png,"{""left"": {""id"": ""rich_portobello"", ""look"": {""skin"": ""#6a4028"", ""top"": ""#c8b89a"", ""bottom"": ""#5a4a3a"", ""hair"": ""#3a2418"", ""hairShape"": ""short"", ""shades"": false, ""accent"": ""#20c66b""}, ""state"": ""presenting""}, ""right"": {""id"": ""portobello_manager"", ""flip"": true, ""look"": {""skin"": ""#d8b090"", ""top"": ""#3a3a4a"", ""bottom"": ""#1f2a44"", ""hair"": ""#5a4a3a"", ""hairShape"": ""hat""}}}",left:rich_portobello@presenting = assets/before_the_fame/characters/rich_portobello/rich_portobello_presenting_80x96.png; right:portobello_manager = assets/before_the_fame/characters/portobello_manager/portobello_manager_neutral_80x96.png,[],"{""env"": ""portobello_office"", ""placeholder"": false, ""actors"": [{""id"": ""rich_portobello"", ""slot"": ""left"", ""src"": ""assets/before_the_fame/characters/rich_portobello/rich_portobello_presenting_80x96.png"", ""placeholder"": false, ""loaded"": true, ""rect"": {""x"": -13.40625, ""y"": 117, ""width"": 295.90625, ""height"": 355.09375, ""top"": 117, ""right"": 282.5, ""bottom"": 472.09375, ""left"": -13.40625}, ""flip"": """"}, {""id"": ""portobello_manager"", ""slot"": ""right"", ""src"": ""assets/before_the_fame/characters/portobello_manager/portobello_manager_neutral_80x96.png"", ""placeholder"": false, ""loaded"": true, ""rect"": {""x"": 180.25, ""y"": 117, ""width"": 295.90625, ""height"": 355.09375, ""top"": 117, ""right"": 476.15625, ""bottom"": 472.09375, ""left"": 180.25}, ""flip"": ""scaleX(-1)""}]}","Director dialogue world/UI split; native270x480 env; actor80x96 anchor40,88 unless frozen metadata overrides; inspect source state/shot for seated/child/boss",INSPECTED WITH FIXTURE,js/data/btf/adventures/w5.js; js/scenes/adventure.js; js/data/art_registry.js; js/data/presentation_assets.js; js/data/btf/environments.js,"[[null, ""whole room agrees with him damn"", {}], [""portobello_manager"", ""rich these numbers clean"", {}], [""rich"", ""i know my shit"", {""vp"": true}]]; route={}; fight={}; minigame={}",Approved stillness/off-screen speaker accepted; important action gaps only those identified in ASSET_GAP_MATRIX. No missing image inferred from empty authored props.
A30:bedtime,portobello_bedroom,assets/before_the_fame/environments/portobello_bedroom/portobello_beige_bedroom_270x480.png,"{""mid"": {""id"": ""rich_portobello"", ""look"": {""skin"": ""#6a4028"", ""top"": ""#c8b89a"", ""bottom"": ""#5a4a3a"", ""hair"": ""#3a2418"", ""hairShape"": ""short"", ""shades"": false, ""accent"": ""#20c66b""}}, ""left"": {""id"": ""portobello_kid1"", ""look"": {""skin"": ""#c99a78"", ""top"": ""#7ad0a0"", ""bottom"": ""#3a3a3a"", ""hair"": ""#2a1810"", ""hairShape"": ""bun"", ""height"": 0.6}}, ""right"": {""id"": ""portobello_kid2"", ""look"": {""skin"": ""#c99a78"", ""top"": ""#f0c060"", ""bottom"": ""#3a3a3a"", ""hair"": ""#2a1810"", ""hairShape"": ""spiky"", ""height"": 0.55}}}",mid:rich_portobello = assets/before_the_fame/characters/rich_portobello/rich_portobello_standing_80x96.png; left:portobello_kid1 = assets/before_the_fame/characters/portobello_kid1/portobello_kid1_neutral_80x96.png; right:portobello_kid2 = assets/before_the_fame/characters/portobello_kid2/portobello_kid2_neutral_80x96.png,[],"{""env"": ""portobello_bedroom"", ""placeholder"": false, ""actors"": [{""id"": ""rich_portobello"", ""slot"": ""mid"", ""src"": ""assets/before_the_fame/characters/rich_portobello/rich_portobello_standing_80x96.png"", ""placeholder"": false, ""loaded"": true, ""rect"": {""x"": 79.25, ""y"": 90, ""width"": 320, ""height"": 384, ""top"": 90, ""right"": 399.25, ""bottom"": 474, ""left"": 79.25}, ""flip"": """"}, {""id"": ""portobello_kid1"", ""slot"": ""left"", ""src"": ""assets/before_the_fame/characters/portobello_kid1/portobello_kid1_neutral_80x96.png"", ""placeholder"": false, ""loaded"": true, ""rect"": {""x"": -18.734375, ""y"": 90, ""width"": 320, ""height"": 384, ""top"": 90, ""right"": 301.265625, ""bottom"": 474, ""left"": -18.734375}, ""flip"": """"}, {""id"": ""portobello_kid2"", ""slot"": ""right"", ""src"": ""assets/before_the_fame/characters/portobello_kid2/portobello_kid2_neutral_80x96.png"", ""placeholder"": false, ""loaded"": true, ""rect"": {""x"": 177.25, ""y"": 90, ""width"": 320, ""height"": 384, ""top"": 90, ""right"": 497.25, ""bottom"": 474, ""left"": 177.25}, ""flip"": """"}]}","Director dialogue world/UI split; native270x480 env; actor80x96 anchor40,88 unless frozen metadata overrides; inspect source state/shot for seated/child/boss",INSPECTED WITH FIXTURE,js/data/btf/adventures/w5.js; js/scenes/adventure.js; js/data/art_registry.js; js/data/presentation_assets.js; js/data/btf/environments.js,"[[null, ""bath teeth fake dragon bedtime book"", {}], [""portobello_kid1"", ""one more chapter dad"", {}], [""rich"", ""alright one more"", {""vp"": true}]]; route={}; fight={}; minigame={}",Approved stillness/off-screen speaker accepted; important action gaps only those identified in ASSET_GAP_MATRIX. No missing image inferred from empty authored props.
A30:porch,portobello_porch,assets/before_the_fame/environments/portobello_porch/portobello_porch_dusk_270x480.png,"{""left"": {""id"": ""rich_portobello"", ""look"": {""skin"": ""#6a4028"", ""top"": ""#c8b89a"", ""bottom"": ""#5a4a3a"", ""hair"": ""#3a2418"", ""hairShape"": ""short"", ""shades"": false, ""accent"": ""#20c66b""}, ""state"": ""porch_seated""}, ""right"": {""id"": ""portobello_wife"", ""look"": {""skin"": ""#e0b896"", ""top"": ""#d8a0b0"", ""bottom"": ""#2a2a38"", ""hair"": ""#3a2010"", ""hairShape"": ""long""}}}",left:rich_portobello@porch_seated = assets/before_the_fame/characters/rich_portobello/rich_portobello_porch_seated_80x96.png; right:portobello_wife = assets/before_the_fame/characters/portobello_wife/portobello_wife_neutral_80x96.png,[],"{""env"": ""portobello_porch"", ""placeholder"": false, ""actors"": [{""id"": ""rich_portobello"", ""slot"": ""left"", ""src"": ""assets/before_the_fame/characters/rich_portobello/rich_portobello_porch_seated_80x96.png"", ""placeholder"": false, ""loaded"": true, ""rect"": {""x"": -16.734375, ""y"": 90, ""width"": 320, ""height"": 384, ""top"": 90, ""right"": 303.265625, ""bottom"": 474, ""left"": -16.734375}, ""flip"": """"}, {""id"": ""portobello_wife"", ""slot"": ""right"", ""src"": ""assets/before_the_fame/characters/portobello_wife/portobello_wife_neutral_80x96.png"", ""placeholder"": false, ""loaded"": true, ""rect"": {""x"": 179.078125, ""y"": 90, ""width"": 320, ""height"": 384, ""top"": 90, ""right"": 499.078125, ""bottom"": 474, ""left"": 179.078125}, ""flip"": """"}]}","Director dialogue world/UI split; native270x480 env; actor80x96 anchor40,88 unless frozen metadata overrides; inspect source state/shot for seated/child/boss",INSPECTED WITH FIXTURE,js/data/btf/adventures/w5.js; js/scenes/adventure.js; js/data/art_registry.js; js/data/presentation_assets.js; js/data/btf/environments.js,"[[null, ""sun goes down she leans on him"", {}], [""portobello_wife"", ""good day or what"", {}], [""rich"", ""yeah pretty good"", {""vp"": true}], [null, ""good life no punchline coming"", {}]]; route={}; fight={}; minigame={}",Approved stillness/off-screen speaker accepted; important action gaps only those identified in ASSET_GAP_MATRIX. No missing image inferred from empty authored props.
A30:bed,portobello_bedroom,assets/before_the_fame/environments/portobello_bedroom/portobello_beige_bedroom_270x480.png,"{""mid"": {""id"": ""rich_portobello"", ""look"": {""skin"": ""#6a4028"", ""top"": ""#c8b89a"", ""bottom"": ""#5a4a3a"", ""hair"": ""#3a2418"", ""hairShape"": ""short"", ""shades"": false, ""accent"": ""#20c66b""}}, ""left"": {""id"": ""portobello_wife"", ""look"": {""skin"": ""#e0b896"", ""top"": ""#d8a0b0"", ""bottom"": ""#2a2a38"", ""hair"": ""#3a2010"", ""hairShape"": ""long""}}}",mid:rich_portobello = assets/before_the_fame/characters/rich_portobello/rich_portobello_standing_80x96.png; left:portobello_wife = assets/before_the_fame/characters/portobello_wife/portobello_wife_neutral_80x96.png,[],"{""env"": ""portobello_bedroom"", ""placeholder"": false, ""actors"": [{""id"": ""rich_portobello"", ""slot"": ""mid"", ""src"": ""assets/before_the_fame/characters/rich_portobello/rich_portobello_standing_80x96.png"", ""placeholder"": false, ""loaded"": true, ""rect"": {""x"": 89.421875, ""y"": 90, ""width"": 320, ""height"": 384, ""top"": 90, ""right"": 409.421875, ""bottom"": 474, ""left"": 89.421875}, ""flip"": """"}, {""id"": ""portobello_wife"", ""slot"": ""left"", ""src"": ""assets/before_the_fame/characters/portobello_wife/portobello_wife_neutral_80x96.png"", ""placeholder"": false, ""loaded"": true, ""rect"": {""x"": -8.5625, ""y"": 90, ""width"": 320, ""height"": 384, ""top"": 90, ""right"": 311.4375, ""bottom"": 474, ""left"": -8.5625}, ""flip"": """"}]}","Director dialogue world/UI split; native270x480 env; actor80x96 anchor40,88 unless frozen metadata overrides; inspect source state/shot for seated/child/boss",INSPECTED WITH FIXTURE,js/data/btf/adventures/w5.js; js/scenes/adventure.js; js/data/art_registry.js; js/data/presentation_assets.js; js/data/btf/environments.js,"[[""rich"", ""what if though"", {""vp"": true}], null]; route={}; fight={}; minigame={}",Approved stillness/off-screen speaker accepted; important action gaps only those identified in ASSET_GAP_MATRIX. No missing image inferred from empty authored props.
A30:wakeup,bedroom,assets/rich_bedroom_environment_270x480.png,"{""mid"": ""rich""}",mid:rich = assets/rich_standing_right.png,[],"{""env"": ""bedroom"", ""placeholder"": false, ""actors"": [{""id"": ""rich"", ""slot"": ""mid"", ""src"": ""assets/rich_standing_right.png"", ""placeholder"": false, ""loaded"": true, ""rect"": {""x"": 78.921875, ""y"": 94, ""width"": 320, ""height"": 384, ""top"": 94, ""right"": 398.921875, ""bottom"": 478, ""left"": 78.921875}, ""flip"": """"}]}","Director dialogue world/UI split; native270x480 env; actor80x96 anchor40,88 unless frozen metadata overrides; inspect source state/shot for seated/child/boss",INSPECTED WITH FIXTURE,js/data/btf/adventures/w5.js; js/scenes/adventure.js; js/data/art_registry.js; js/data/presentation_assets.js; js/data/btf/environments.js,"[[null, ""rich wakes up yelling"", {}], [null, ""checks his head locs still there thank god"", {}], [""rich"", ""damn okay im back"", {""vp"": true}]]; route={}; fight={}; minigame={}",Approved stillness/off-screen speaker accepted; important action gaps only those identified in ASSET_GAP_MATRIX. No missing image inferred from empty authored props.
A57:stop,street_night,assets/before_the_fame/environments/street_night/street_night_270x480.png,"{""left"": ""rich"", ""right"": {""id"": ""officer_nodd"", ""state"": ""nod""}}",left:rich = assets/rich_standing_right.png; right:officer_nodd@nod = assets/before_the_fame/art_ship_014/package_a/A-officer_nodd-nod.png,[],"{""env"": ""street_night"", ""placeholder"": false, ""actors"": [{""id"": ""rich"", ""slot"": ""left"", ""src"": ""assets/rich_standing_right.png"", ""placeholder"": false, ""loaded"": true, ""rect"": {""x"": -18.734375, ""y"": 94, ""width"": 320, ""height"": 384, ""top"": 94, ""right"": 301.265625, ""bottom"": 478, ""left"": -18.734375}, ""flip"": """"}, {""id"": ""officer_nodd"", ""slot"": ""right"", ""src"": ""assets/before_the_fame/art_ship_014/package_a/A-officer_nodd-nod.png"", ""placeholder"": false, ""loaded"": true, ""rect"": {""x"": 176.578125, ""y"": 94, ""width"": 320, ""height"": 384, ""top"": 94, ""right"": 496.578125, ""bottom"": 478, ""left"": 176.578125}, ""flip"": """"}]}","Director dialogue world/UI split; native270x480 env; actor80x96 anchor40,88 unless frozen metadata overrides; inspect source state/shot for seated/child/boss",INSPECTED WITH FIXTURE,js/data/btf/adventures/w3.js; js/scenes/adventure.js; js/data/art_registry.js; js/data/presentation_assets.js; js/data/btf/environments.js,"{""function"": ""A=>{const n=A.vars.n;const lines=[N(\""nodd walks up nods once thats the investigation\"")];\n    if(n===5)lines.push(S('officer_nodd',\""drive safe bro\""));else if(n>=10)lines.push(S('officer_nodd',\""can i get a pic though\""));else lines.push(null);\n    return lines;}""}; route={}; fight={}; minigame={}",Approved stillness/off-screen speaker accepted; important action gaps only those identified in ASSET_GAP_MATRIX. No missing image inferred from empty authored props.
A57:leave,INHERITED from selected predecessor,assets/before_the_fame/environments/street_night/street_night_270x480.png,"{""function"": ""A=>A.vars.n>=10?{left:'rich',right:{id:'officer_nodd',state:'phone'}}:undefined""}",,[],"{""env"": ""street_night"", ""placeholder"": false, ""actors"": [{""id"": ""rich"", ""slot"": ""left"", ""src"": ""assets/rich_standing_right.png"", ""placeholder"": false, ""loaded"": true, ""rect"": {""x"": -18.734375, ""y"": 94, ""width"": 320, ""height"": 384, ""top"": 94, ""right"": 301.265625, ""bottom"": 478, ""left"": -18.734375}, ""flip"": """"}, {""id"": ""officer_nodd"", ""slot"": ""right"", ""src"": ""assets/before_the_fame/art_ship_014/package_a/A-officer_nodd-nod.png"", ""placeholder"": false, ""loaded"": true, ""rect"": {""x"": 176.578125, ""y"": 94, ""width"": 320, ""height"": 384, ""top"": 94, ""right"": 496.578125, ""bottom"": 478, ""left"": 176.578125}, ""flip"": """"}]}","Director dialogue world/UI split; native270x480 env; actor80x96 anchor40,88 unless frozen metadata overrides; inspect source state/shot for seated/child/boss",INSPECTED WITH FIXTURE,js/data/btf/adventures/w3.js; js/scenes/adventure.js; js/data/art_registry.js; js/data/presentation_assets.js; js/data/btf/environments.js,"{""function"": ""A=>A.vars.n>=10?[N(\""pic nod cruiser like he never met you\"")]:[N(\""ten seconds and you free to go\"")]""}; route={}; fight={}; minigame={}",Approved stillness/off-screen speaker accepted; important action gaps only those identified in ASSET_GAP_MATRIX. No missing image inferred from empty authored props.
A57:end,INHERITED from selected predecessor,inherit/dynamic — see source and predecessors,"""INHERITED from selected predecessor""",,[],"{""method"": ""SOURCE-ONLY""}","Director dialogue world/UI split; native270x480 env; actor80x96 anchor40,88 unless frozen metadata overrides; inspect source state/shot for seated/child/boss",SOURCE-ONLY,js/data/btf/adventures/w3.js; js/scenes/adventure.js; js/data/art_registry.js; js/data/presentation_assets.js; js/data/btf/environments.js,[]; route={}; fight={}; minigame={},Approved stillness/off-screen speaker accepted; important action gaps only those identified in ASSET_GAP_MATRIX. No missing image inferred from empty authored props.
A18:arrive,DYNAMIC A=>A.vars.where==='slurp'?'slurp':'grave',assets/before_the_fame/environments/grave/grave_hub_night_270x480.png,"{""left"": ""rich""}",left:rich = assets/rich_standing_right.png,[],"{""env"": ""grave"", ""placeholder"": false, ""actors"": [{""id"": ""rich"", ""slot"": ""left"", ""src"": ""assets/rich_standing_right.png"", ""placeholder"": false, ""loaded"": true, ""rect"": {""x"": -3.734375, ""y"": 94, ""width"": 320, ""height"": 384, ""top"": 94, ""right"": 316.265625, ""bottom"": 478, ""left"": -3.734375}, ""flip"": """"}]}","Director dialogue world/UI split; native270x480 env; actor80x96 anchor40,88 unless frozen metadata overrides; inspect source state/shot for seated/child/boss",INSPECTED WITH FIXTURE,js/data/btf/adventures/w3.js; js/scenes/adventure.js; js/data/art_registry.js; js/data/presentation_assets.js; js/data/btf/environments.js,"{""function"": ""A=>[N(A.vars.where==='slurp'?'a ticket comes through: KEVIN x40. the whole line is one guy, forty times.':'the grave is full of the same guy. same hoodie, same haircut, all named kevin.'),N(\""forty kevins bowing like a group project\"")]""}; route={}; fight={}; minigame={}",Approved stillness/off-screen speaker accepted; important action gaps only those identified in ASSET_GAP_MATRIX. No missing image inferred from empty authored props.
A18:drop,INHERITED from selected predecessor,assets/before_the_fame/environments/grave/grave_hub_night_270x480.png,"{""left"": ""rich"", ""right"": {""id"": ""kaede"", ""state"": ""ceiling_drop""}}",left:rich = assets/rich_standing_right.png; right:kaede@ceiling_drop = assets/before_the_fame/art_ship_014/package_a/A-kaede-ceiling_drop.png,[],"{""env"": ""grave"", ""placeholder"": false, ""actors"": [{""id"": ""rich"", ""slot"": ""left"", ""src"": ""assets/rich_standing_right.png"", ""placeholder"": false, ""loaded"": true, ""rect"": {""x"": -18.734375, ""y"": 94, ""width"": 320, ""height"": 384, ""top"": 94, ""right"": 301.265625, ""bottom"": 478, ""left"": -18.734375}, ""flip"": """"}, {""id"": ""kaede"", ""slot"": ""right"", ""src"": ""assets/before_the_fame/art_ship_014/package_a/A-kaede-ceiling_drop.png"", ""placeholder"": false, ""loaded"": true, ""rect"": {""x"": 177.25, ""y"": 102, ""width"": 320, ""height"": 384, ""top"": 102, ""right"": 497.25, ""bottom"": 486, ""left"": 177.25}, ""flip"": """"}]}","Director dialogue world/UI split; native270x480 env; actor80x96 anchor40,88 unless frozen metadata overrides; inspect source state/shot for seated/child/boss",INSPECTED WITH FIXTURE,js/data/btf/adventures/w3.js; js/scenes/adventure.js; js/data/art_registry.js; js/data/presentation_assets.js; js/data/btf/environments.js,"[[null, ""something falls out the food court vent"", {}], [""kaede"", ""woman lands clean then falls sideways"", {""entrance"": ""kaede""}], [""kaede"", ""meant to do that"", {}], [null, ""kevins missed it you didnt"", {}]]; route={}; fight={}; minigame={}",Approved stillness/off-screen speaker accepted; important action gaps only those identified in ASSET_GAP_MATRIX. No missing image inferred from empty authored props.
A18:talk,INHERITED from selected predecessor,assets/before_the_fame/environments/grave/grave_hub_night_270x480.png,"{""left"": ""rich"", ""right"": ""kaede""}",left:rich = assets/rich_standing_right.png; right:kaede = assets/before_the_fame/characters/kaede/kaede_neutral_80x96.png,[],"{""env"": ""grave"", ""placeholder"": false, ""actors"": [{""id"": ""rich"", ""slot"": ""left"", ""src"": ""assets/rich_standing_right.png"", ""placeholder"": false, ""loaded"": true, ""rect"": {""x"": -17.40625, ""y"": 94, ""width"": 320, ""height"": 384, ""top"": 94, ""right"": 302.59375, ""bottom"": 478, ""left"": -17.40625}, ""flip"": """"}, {""id"": ""kaede"", ""slot"": ""right"", ""src"": ""assets/before_the_fame/characters/kaede/kaede_neutral_80x96.png"", ""placeholder"": false, ""loaded"": true, ""rect"": {""x"": 178.578125, ""y"": 94, ""width"": 320, ""height"": 384, ""top"": 94, ""right"": 498.578125, ""bottom"": 478, ""left"": 178.578125}, ""flip"": """"}]}","Director dialogue world/UI split; native270x480 env; actor80x96 anchor40,88 unless frozen metadata overrides; inspect source state/shot for seated/child/boss",INSPECTED WITH FIXTURE,js/data/btf/adventures/w3.js; js/scenes/adventure.js; js/data/art_registry.js; js/data/presentation_assets.js; js/data/btf/environments.js,"[[""kaede"", ""followed one kevin now its a family reunion"", {}], [""rich"", ""you gonna get up or what"", {""vp"": true}]]; route={}; fight={}; minigame={}",Approved stillness/off-screen speaker accepted; important action gaps only those identified in ASSET_GAP_MATRIX. No missing image inferred from empty authored props.
A18:fight,INHERITED from selected predecessor,inherit/dynamic — see source and predecessors,"""INHERITED from selected predecessor""",,[],"{""method"": ""SOURCE-ONLY""}","Director dialogue world/UI split; native270x480 env; actor80x96 anchor40,88 unless frozen metadata overrides; inspect source state/shot for seated/child/boss",SOURCE-ONLY,js/data/btf/adventures/w3.js; js/scenes/adventure.js; js/data/art_registry.js; js/data/presentation_assets.js; js/data/btf/environments.js,"[[null, ""forty heads turn like you said free food"", {}]]; route={}; fight={""enemy"": ""kevins"", ""params"": {""env"": {""function"": ""A=>A.vars.where==='slurp'?'slurp':'grave'""}, ""intro"": ""FORTY KEVINS WANT TO FIGHT. ALL OF THEM.""}, ""win"": ""after"", ""lose"": ""after"", ""spared"": ""after""}; minigame={}",Approved stillness/off-screen speaker accepted; important action gaps only those identified in ASSET_GAP_MATRIX. No missing image inferred from empty authored props.
A18:after,INHERITED from selected predecessor,inherit/dynamic — see source and predecessors,"""INHERITED from selected predecessor""",,[],"{""method"": ""SOURCE-ONLY""}","Director dialogue world/UI split; native270x480 env; actor80x96 anchor40,88 unless frozen metadata overrides; inspect source state/shot for seated/child/boss",SOURCE-ONLY,js/data/btf/adventures/w3.js; js/scenes/adventure.js; js/data/art_registry.js; js/data/presentation_assets.js; js/data/btf/environments.js,"{""function"": ""A=>[N(A.vars.fight==='spared'?'the kevins disperse, satisfied in some way you will never understand.':A.vars.fight==='win'?'thirty-nine kevins scatter. one keeps bowing.':'the kevins pin you down and take turns apologizing while doing it.'),S('kaede',\""damn you handled that\""),R(\""i live here unfortunately\"")]""}; route={}; fight={}; minigame={}",Approved stillness/off-screen speaker accepted; important action gaps only those identified in ASSET_GAP_MATRIX. No missing image inferred from empty authored props.
A18:behavior,INHERITED from selected predecessor,inherit/dynamic — see source and predecessors,"""INHERITED from selected predecessor""",,[],"{""method"": ""SOURCE-ONLY""}","Director dialogue world/UI split; native270x480 env; actor80x96 anchor40,88 unless frozen metadata overrides; inspect source state/shot for seated/child/boss",SOURCE-ONLY,js/data/btf/adventures/w3.js; js/scenes/adventure.js; js/data/art_registry.js; js/data/presentation_assets.js; js/data/btf/environments.js,"[[null, ""kaede teaches you their regroup move"", {}]]; route={}; fight={}; minigame={}",Approved stillness/off-screen speaker accepted; important action gaps only those identified in ASSET_GAP_MATRIX. No missing image inferred from empty authored props.
A18:end,INHERITED from selected predecessor,inherit/dynamic — see source and predecessors,"""INHERITED from selected predecessor""",,[],"{""method"": ""SOURCE-ONLY""}","Director dialogue world/UI split; native270x480 env; actor80x96 anchor40,88 unless frozen metadata overrides; inspect source state/shot for seated/child/boss",SOURCE-ONLY,js/data/btf/adventures/w3.js; js/scenes/adventure.js; js/data/art_registry.js; js/data/presentation_assets.js; js/data/btf/environments.js,[]; route={}; fight={}; minigame={},Approved stillness/off-screen speaker accepted; important action gaps only those identified in ASSET_GAP_MATRIX. No missing image inferred from empty authored props.
A19:arrive,food_court,assets/before_the_fame/environments/food_court/grave_food_court_night_270x480.png,"{""left"": ""rich"", ""right"": ""bruce_loose""}",left:rich = assets/rich_standing_right.png; right:bruce_loose = assets/before_the_fame/characters/bruce_loose/bruce_loose_neutral_80x96.png,[],"{""env"": ""food_court"", ""placeholder"": false, ""actors"": [{""id"": ""rich"", ""slot"": ""left"", ""src"": ""assets/rich_standing_right.png"", ""placeholder"": false, ""loaded"": true, ""rect"": {""x"": -18.40625, ""y"": 94, ""width"": 320, ""height"": 384, ""top"": 94, ""right"": 301.59375, ""bottom"": 478, ""left"": -18.40625}, ""flip"": """"}, {""id"": ""bruce_loose"", ""slot"": ""right"", ""src"": ""assets/before_the_fame/characters/bruce_loose/bruce_loose_neutral_80x96.png"", ""placeholder"": false, ""loaded"": true, ""rect"": {""x"": 177.578125, ""y"": 94, ""width"": 320, ""height"": 384, ""top"": 94, ""right"": 497.578125, ""bottom"": 478, ""left"": 177.578125}, ""flip"": """"}]}","Director dialogue world/UI split; native270x480 env; actor80x96 anchor40,88 unless frozen metadata overrides; inspect source state/shot for seated/child/boss",INSPECTED WITH FIXTURE,js/data/btf/adventures/w3.js; js/scenes/adventure.js; js/data/art_registry.js; js/data/presentation_assets.js; js/data/btf/environments.js,"[[null, ""one orange chicken tray bro guarding it like rent money"", {}], [""bruce_loose"", ""thats my chicken"", {}], [""rich"", ""damn just one bite"", {""vp"": true}]]; route={}; fight={}; minigame={}",Approved stillness/off-screen speaker accepted; important action gaps only those identified in ASSET_GAP_MATRIX. No missing image inferred from empty authored props.
A19:fight,INHERITED from selected predecessor,inherit/dynamic — see source and predecessors,"""INHERITED from selected predecessor""",,[],"{""method"": ""SOURCE-ONLY""}","Director dialogue world/UI split; native270x480 env; actor80x96 anchor40,88 unless frozen metadata overrides; inspect source state/shot for seated/child/boss",SOURCE-ONLY,js/data/btf/adventures/w3.js; js/scenes/adventure.js; js/data/art_registry.js; js/data/presentation_assets.js; js/data/btf/environments.js,"[]; route={}; fight={""enemy"": ""bruce_loose"", ""params"": {""env"": ""food_court"", ""intro"": ""HE KICKS RIGHT AFTER HIS NOISE, SO HIT HIM FIRST.""}, ""win"": ""lesson"", ""lose"": ""lesson"", ""spared"": ""lesson""}; minigame={}",Approved stillness/off-screen speaker accepted; important action gaps only those identified in ASSET_GAP_MATRIX. No missing image inferred from empty authored props.
A19:lesson,INHERITED from selected predecessor,inherit/dynamic — see source and predecessors,"""INHERITED from selected predecessor""",,[],"{""method"": ""SOURCE-ONLY""}","Director dialogue world/UI split; native270x480 env; actor80x96 anchor40,88 unless frozen metadata overrides; inspect source state/shot for seated/child/boss",SOURCE-ONLY,js/data/btf/adventures/w3.js; js/scenes/adventure.js; js/data/art_registry.js; js/data/presentation_assets.js; js/data/btf/environments.js,"{""function"": ""A=>[N(A.vars.fight==='win'?'he goes down, laughing, and gets right back up to teach you something.':A.vars.fight==='spared'?'he stops mid-swing and decides you deserve a lesson instead.':'he beats you to the chicken. and everything else. then he offers a hand up.'),S('bruce_loose',\""one inch petty no space just spite\"")]""}; route={}; fight={}; minigame={}",Approved stillness/off-screen speaker accepted; important action gaps only those identified in ASSET_GAP_MATRIX. No missing image inferred from empty authored props.
A19:armory,INHERITED from selected predecessor,inherit/dynamic — see source and predecessors,"""INHERITED from selected predecessor""",,[],"{""method"": ""SOURCE-ONLY""}","Director dialogue world/UI split; native270x480 env; actor80x96 anchor40,88 unless frozen metadata overrides; inspect source state/shot for seated/child/boss",SOURCE-ONLY,js/data/btf/adventures/w3.js; js/scenes/adventure.js; js/data/art_registry.js; js/data/presentation_assets.js; js/data/btf/environments.js,"[[""bruce_loose"", ""armory behind the church on 3rd tell brass i sent you"", {}], [""rich"", ""church got guns now"", {""vp"": true}], [""bruce_loose"", ""church got everything bro"", {}]]; route={}; fight={}; minigame={}",Approved stillness/off-screen speaker accepted; important action gaps only those identified in ASSET_GAP_MATRIX. No missing image inferred from empty authored props.
A19:end,INHERITED from selected predecessor,inherit/dynamic — see source and predecessors,"""INHERITED from selected predecessor""",,[],"{""method"": ""SOURCE-ONLY""}","Director dialogue world/UI split; native270x480 env; actor80x96 anchor40,88 unless frozen metadata overrides; inspect source state/shot for seated/child/boss",SOURCE-ONLY,js/data/btf/adventures/w3.js; js/scenes/adventure.js; js/data/art_registry.js; js/data/presentation_assets.js; js/data/btf/environments.js,[]; route={}; fight={}; minigame={},Approved stillness/off-screen speaker accepted; important action gaps only those identified in ASSET_GAP_MATRIX. No missing image inferred from empty authored props.
A39:ghost,throne,assets/throne_room_scene_portrait.png,"{""mid"": ""rich""}",mid:rich = assets/rich_standing_right.png,[],"{""env"": ""throne"", ""placeholder"": false, ""actors"": [{""id"": ""rich"", ""slot"": ""mid"", ""src"": ""assets/rich_standing_right.png"", ""placeholder"": false, ""loaded"": true, ""rect"": {""x"": 78.921875, ""y"": 94, ""width"": 320, ""height"": 384, ""top"": 94, ""right"": 398.921875, ""bottom"": 478, ""left"": 78.921875}, ""flip"": """"}]}","Director dialogue world/UI split; native270x480 env; actor80x96 anchor40,88 unless frozen metadata overrides; inspect source state/shot for seated/child/boss",INSPECTED WITH FIXTURE,js/data/btf/adventures/w4.js; js/scenes/adventure.js; js/data/art_registry.js; js/data/presentation_assets.js; js/data/btf/environments.js,"[[null, ""ghost grabs mop mop goes straight through"", {}], [null, ""damn i used to be good at this"", {}], [""rich"", ""all good thanks for coming"", {""vp"": true}]]; route={}; fight={}; minigame={}",Approved stillness/off-screen speaker accepted; important action gaps only those identified in ASSET_GAP_MATRIX. No missing image inferred from empty authored props.
A39:bones,INHERITED from selected predecessor,inherit/dynamic — see source and predecessors,"""INHERITED from selected predecessor""",,[],"{""method"": ""SOURCE-ONLY""}","Director dialogue world/UI split; native270x480 env; actor80x96 anchor40,88 unless frozen metadata overrides; inspect source state/shot for seated/child/boss",SOURCE-ONLY,js/data/btf/adventures/w4.js; js/scenes/adventure.js; js/data/art_registry.js; js/data/presentation_assets.js; js/data/btf/environments.js,"{""function"": ""A=>RALife.flag('bonesworthResident')?[N(\""bonesworth puts an apron over armor\""),S('bonesworth',\""i cleaned kingdoms bro\""),N(\""first vase gone\"")]:[N(\""no second applicant today damn\"")]""}; route={}; fight={}; minigame={}",Approved stillness/off-screen speaker accepted; important action gaps only those identified in ASSET_GAP_MATRIX. No missing image inferred from empty authored props.
A39:marisol,throne,assets/throne_room_scene_portrait.png,"{""mid"": ""rich"", ""right"": {""id"": ""marisol"", ""state"": ""disapproving""}}",mid:rich = assets/rich_standing_right.png; right:marisol@disapproving = assets/before_the_fame/art_ship_014/package_a/A-marisol-disapproving.png,[],"{""env"": ""throne"", ""placeholder"": false, ""actors"": [{""id"": ""rich"", ""slot"": ""mid"", ""src"": ""assets/rich_standing_right.png"", ""placeholder"": false, ""loaded"": true, ""rect"": {""x"": 66.578125, ""y"": 94, ""width"": 320, ""height"": 384, ""top"": 94, ""right"": 386.578125, ""bottom"": 478, ""left"": 66.578125}, ""flip"": """"}, {""id"": ""marisol"", ""slot"": ""right"", ""src"": ""assets/before_the_fame/art_ship_014/package_a/A-marisol-disapproving.png"", ""placeholder"": false, ""loaded"": true, ""rect"": {""x"": 164.578125, ""y"": 76.72000122070312, ""width"": 320, ""height"": 384, ""top"": 76.72000122070312, ""right"": 484.578125, ""bottom"": 460.7200012207031, ""left"": 164.578125}, ""flip"": """"}]}","Director dialogue world/UI split; native270x480 env; actor80x96 anchor40,88 unless frozen metadata overrides; inspect source state/shot for seated/child/boss",INSPECTED WITH FIXTURE,js/data/btf/adventures/w4.js; js/scenes/adventure.js; js/data/art_registry.js; js/data/presentation_assets.js; js/data/btf/environments.js,"[[""marisol"", ""marisol walks in and starts moving furniture"", {""entrance"": ""marisol""}], [""marisol"", ""throne faces the window? who did this shit"", {}], [""rich"", ""nobody qualified"", {""vp"": true}], [""marisol"", ""yeah i can tell"", {}]]; route={}; fight={}; minigame={}",Approved stillness/off-screen speaker accepted; important action gaps only those identified in ASSET_GAP_MATRIX. No missing image inferred from empty authored props.
A39:hire,INHERITED from selected predecessor,inherit/dynamic — see source and predecessors,"""INHERITED from selected predecessor""",,[],"{""method"": ""SOURCE-ONLY""}","Director dialogue world/UI split; native270x480 env; actor80x96 anchor40,88 unless frozen metadata overrides; inspect source state/shot for seated/child/boss",SOURCE-ONLY,js/data/btf/adventures/w4.js; js/scenes/adventure.js; js/data/art_registry.js; js/data/presentation_assets.js; js/data/btf/environments.js,[]; route={}; fight={}; minigame={},Approved stillness/off-screen speaker accepted; important action gaps only those identified in ASSET_GAP_MATRIX. No missing image inferred from empty authored props.
A39:done,INHERITED from selected predecessor,inherit/dynamic — see source and predecessors,"""INHERITED from selected predecessor""",,[],"{""method"": ""SOURCE-ONLY""}","Director dialogue world/UI split; native270x480 env; actor80x96 anchor40,88 unless frozen metadata overrides; inspect source state/shot for seated/child/boss",SOURCE-ONLY,js/data/btf/adventures/w4.js; js/scenes/adventure.js; js/data/art_registry.js; js/data/presentation_assets.js; js/data/btf/environments.js,[]; route={}; fight={}; minigame={},Approved stillness/off-screen speaker accepted; important action gaps only those identified in ASSET_GAP_MATRIX. No missing image inferred from empty authored props.
A10:arrive,pet_crypt,assets/before_the_fame/environments/pet_crypt/pet_crypt_interior_270x480.png,"{""left"": ""rich"", ""farRight"": ""uncle_sunday""}",left:rich = assets/rich_standing_right.png; farRight:uncle_sunday = assets/before_the_fame/characters/uncle_sunday/uncle_sunday_neutral_80x96.png,[],"{""env"": ""pet_crypt"", ""placeholder"": false, ""actors"": [{""id"": ""rich"", ""slot"": ""left"", ""src"": ""assets/rich_standing_right.png"", ""placeholder"": false, ""loaded"": true, ""rect"": {""x"": -16.90625, ""y"": 125, ""width"": 292.03125, ""height"": 350.4375, ""top"": 125, ""right"": 275.125, ""bottom"": 475.4375, ""left"": -16.90625}, ""flip"": """"}, {""id"": ""uncle_sunday"", ""slot"": ""farRight"", ""src"": ""assets/before_the_fame/characters/uncle_sunday/uncle_sunday_neutral_80x96.png"", ""placeholder"": false, ""loaded"": true, ""rect"": {""x"": 225.734375, ""y"": 125, ""width"": 292.03125, ""height"": 350.4375, ""top"": 125, ""right"": 517.765625, ""bottom"": 475.4375, ""left"": 225.734375}, ""flip"": """"}]}","Director dialogue world/UI split; native270x480 env; actor80x96 anchor40,88 unless frozen metadata overrides; inspect source state/shot for seated/child/boss",INSPECTED WITH FIXTURE,js/data/btf/adventures/w2.js; js/scenes/adventure.js; js/data/art_registry.js; js/data/presentation_assets.js; js/data/btf/environments.js,"[[""uncle_sunday"", ""a pot-bellied man in slides and a buba is buying goldfish food. under his arm: the last loaf of agege bread."", {""entrance"": ""uncle_sunday""}], [null, ""why is it in a pet store? nobody knows."", {}], [null, ""you both reach for it."", {}]]; route={}; fight={}; minigame={}",Approved stillness/off-screen speaker accepted; important action gaps only those identified in ASSET_GAP_MATRIX. No missing image inferred from empty authored props.
A10:fight,INHERITED from selected predecessor,inherit/dynamic — see source and predecessors,"""INHERITED from selected predecessor""",,[],"{""method"": ""SOURCE-ONLY""}","Director dialogue world/UI split; native270x480 env; actor80x96 anchor40,88 unless frozen metadata overrides; inspect source state/shot for seated/child/boss",SOURCE-ONLY,js/data/btf/adventures/w2.js; js/scenes/adventure.js; js/data/art_registry.js; js/data/presentation_assets.js; js/data/btf/environments.js,"[]; route={}; fight={""enemy"": ""uncle_sunday"", ""params"": {""env"": ""pet_crypt"", ""intro"": ""UNCLE SUNDAY WANTS TO KNOW WHO YOUR FATHER IS.""}, ""win"": ""winbread"", ""lose"": ""losebread"", ""spared"": ""sparedbread""}; minigame={}",Approved stillness/off-screen speaker accepted; important action gaps only those identified in ASSET_GAP_MATRIX. No missing image inferred from empty authored props.
A10:winbread,INHERITED from selected predecessor,inherit/dynamic — see source and predecessors,"""INHERITED from selected predecessor""",,[],"{""method"": ""SOURCE-ONLY""}","Director dialogue world/UI split; native270x480 env; actor80x96 anchor40,88 unless frozen metadata overrides; inspect source state/shot for seated/child/boss",SOURCE-ONLY,js/data/btf/adventures/w2.js; js/scenes/adventure.js; js/data/art_registry.js; js/data/presentation_assets.js; js/data/btf/environments.js,"[[null, ""he goes down laughing. \""AH! YOU HAVE STRENGTH.\"""", {}], [null, ""he hands over the whole loaf."", {}]]; route={}; fight={}; minigame={}",Approved stillness/off-screen speaker accepted; important action gaps only those identified in ASSET_GAP_MATRIX. No missing image inferred from empty authored props.
A10:losebread,INHERITED from selected predecessor,inherit/dynamic — see source and predecessors,"""INHERITED from selected predecessor""",,[],"{""method"": ""SOURCE-ONLY""}","Director dialogue world/UI split; native270x480 env; actor80x96 anchor40,88 unless frozen metadata overrides; inspect source state/shot for seated/child/boss",SOURCE-ONLY,js/data/btf/adventures/w2.js; js/scenes/adventure.js; js/data/art_registry.js; js/data/presentation_assets.js; js/data/btf/environments.js,"[[null, ""you go down first. he stands over you, delighted."", {}], [null, ""\""YOU TRIED.\"" he tears the loaf in half anyway."", {}]]; route={}; fight={}; minigame={}",Approved stillness/off-screen speaker accepted; important action gaps only those identified in ASSET_GAP_MATRIX. No missing image inferred from empty authored props.
A10:sparedbread,INHERITED from selected predecessor,inherit/dynamic — see source and predecessors,"""INHERITED from selected predecessor""",,[],"{""method"": ""SOURCE-ONLY""}","Director dialogue world/UI split; native270x480 env; actor80x96 anchor40,88 unless frozen metadata overrides; inspect source state/shot for seated/child/boss",SOURCE-ONLY,js/data/btf/adventures/w2.js; js/scenes/adventure.js; js/data/art_registry.js; js/data/presentation_assets.js; js/data/btf/environments.js,"[[null, ""you call him uncle mid-fight. he stops swinging immediately."", {}]]; route={}; fight={}; minigame={}",Approved stillness/off-screen speaker accepted; important action gaps only those identified in ASSET_GAP_MATRIX. No missing image inferred from empty authored props.
A10:pay,INHERITED from selected predecessor,assets/before_the_fame/environments/pet_crypt/pet_crypt_interior_270x480.png,"{""left"": ""rich"", ""farRight"": {""id"": ""uncle_sunday"", ""state"": ""offended""}}",left:rich = assets/rich_standing_right.png; farRight:uncle_sunday@offended = assets/before_the_fame/characters/uncle_sunday/uncle_sunday_offended_80x96.png,[],"{""env"": ""pet_crypt"", ""placeholder"": false, ""actors"": [{""id"": ""rich"", ""slot"": ""left"", ""src"": ""assets/rich_standing_right.png"", ""placeholder"": false, ""loaded"": true, ""rect"": {""x"": -16.90625, ""y"": 125, ""width"": 292.03125, ""height"": 350.4375, ""top"": 125, ""right"": 275.125, ""bottom"": 475.4375, ""left"": -16.90625}, ""flip"": """"}, {""id"": ""uncle_sunday"", ""slot"": ""farRight"", ""src"": ""assets/before_the_fame/characters/uncle_sunday/uncle_sunday_offended_80x96.png"", ""placeholder"": false, ""loaded"": true, ""rect"": {""x"": 225.734375, ""y"": 125, ""width"": 292.03125, ""height"": 350.4375, ""top"": 125, ""right"": 517.765625, ""bottom"": 475.4375, ""left"": 225.734375}, ""flip"": """"}]}","Director dialogue world/UI split; native270x480 env; actor80x96 anchor40,88 unless frozen metadata overrides; inspect source state/shot for seated/child/boss",INSPECTED WITH FIXTURE,js/data/btf/adventures/w2.js; js/scenes/adventure.js; js/data/art_registry.js; js/data/presentation_assets.js; js/data/btf/environments.js,"[[""uncle_sunday"", ""…you would insult me like that? fine. FINE."", {}], [null, ""he takes double, muttering, and hands it over like it costs him something bigger than money."", {}]]; route={}; fight={}; minigame={}",Approved stillness/off-screen speaker accepted; important action gaps only those identified in ASSET_GAP_MATRIX. No missing image inferred from empty authored props.
A10:melt,INHERITED from selected predecessor,assets/before_the_fame/environments/pet_crypt/pet_crypt_interior_270x480.png,"{""left"": ""rich"", ""farRight"": {""id"": ""uncle_sunday"", ""state"": ""melted""}}",left:rich = assets/rich_standing_right.png; farRight:uncle_sunday@melted = assets/before_the_fame/characters/uncle_sunday/uncle_sunday_melted_80x96.png,[],"{""env"": ""pet_crypt"", ""placeholder"": false, ""actors"": [{""id"": ""rich"", ""slot"": ""left"", ""src"": ""assets/rich_standing_right.png"", ""placeholder"": false, ""loaded"": true, ""rect"": {""x"": -16.90625, ""y"": 125, ""width"": 292.03125, ""height"": 350.4375, ""top"": 125, ""right"": 275.125, ""bottom"": 475.4375, ""left"": -16.90625}, ""flip"": """"}, {""id"": ""uncle_sunday"", ""slot"": ""farRight"", ""src"": ""assets/before_the_fame/characters/uncle_sunday/uncle_sunday_melted_80x96.png"", ""placeholder"": false, ""loaded"": true, ""rect"": {""x"": 219.0625, ""y"": 125, ""width"": 292.03125, ""height"": 350.4375, ""top"": 125, ""right"": 511.09375, ""bottom"": 475.4375, ""left"": 219.0625}, ""flip"": """"}]}","Director dialogue world/UI split; native270x480 env; actor80x96 anchor40,88 unless frozen metadata overrides; inspect source state/shot for seated/child/boss",INSPECTED WITH FIXTURE,js/data/btf/adventures/w2.js; js/scenes/adventure.js; js/data/art_registry.js; js/data/presentation_assets.js; js/data/btf/environments.js,"[[""rich"", ""call him uncle."", {""vp"": true}], [""uncle_sunday"", ""…UNCLE?"", {}], [null, ""he melts. he tears the loaf in half. he adopts you on the spot."", {}]]; route={}; fight={}; minigame={}",Approved stillness/off-screen speaker accepted; important action gaps only those identified in ASSET_GAP_MATRIX. No missing image inferred from empty authored props.
A10:settle,INHERITED from selected predecessor,assets/before_the_fame/environments/pet_crypt/pet_crypt_interior_270x480.png,"{""left"": ""rich"", ""farRight"": ""uncle_sunday""}",left:rich = assets/rich_standing_right.png; farRight:uncle_sunday = assets/before_the_fame/characters/uncle_sunday/uncle_sunday_neutral_80x96.png,[],"{""env"": ""pet_crypt"", ""placeholder"": false, ""actors"": [{""id"": ""rich"", ""slot"": ""left"", ""src"": ""assets/rich_standing_right.png"", ""placeholder"": false, ""loaded"": true, ""rect"": {""x"": -16.90625, ""y"": 125, ""width"": 292.03125, ""height"": 350.4375, ""top"": 125, ""right"": 275.125, ""bottom"": 475.4375, ""left"": -16.90625}, ""flip"": """"}, {""id"": ""uncle_sunday"", ""slot"": ""farRight"", ""src"": ""assets/before_the_fame/characters/uncle_sunday/uncle_sunday_neutral_80x96.png"", ""placeholder"": false, ""loaded"": true, ""rect"": {""x"": 225.734375, ""y"": 125, ""width"": 292.03125, ""height"": 350.4375, ""top"": 125, ""right"": 517.765625, ""bottom"": 475.4375, ""left"": 225.734375}, ""flip"": """"}]}","Director dialogue world/UI split; native270x480 env; actor80x96 anchor40,88 unless frozen metadata overrides; inspect source state/shot for seated/child/boss",INSPECTED WITH FIXTURE,js/data/btf/adventures/w2.js; js/scenes/adventure.js; js/data/art_registry.js; js/data/presentation_assets.js; js/data/btf/environments.js,"[[""uncle_sunday"", ""you eating well? text me. i worry."", {}]]; route={}; fight={}; minigame={}",Approved stillness/off-screen speaker accepted; important action gaps only those identified in ASSET_GAP_MATRIX. No missing image inferred from empty authored props.
A43:arrive,naija_mart,assets/before_the_fame/environments/naija_mart/naija_mart_interior_270x480.png,"{""left"": ""rich"", ""right"": ""auntie""}",left:rich = assets/rich_standing_right.png; right:auntie = assets/before_the_fame/characters/auntie/auntie_register_neutral_80x96.png,[],"{""env"": ""naija_mart"", ""placeholder"": false, ""actors"": [{""id"": ""rich"", ""slot"": ""left"", ""src"": ""assets/rich_standing_right.png"", ""placeholder"": false, ""loaded"": true, ""rect"": {""x"": -18.734375, ""y"": 94, ""width"": 320, ""height"": 384, ""top"": 94, ""right"": 301.265625, ""bottom"": 478, ""left"": -18.734375}, ""flip"": """"}, {""id"": ""auntie"", ""slot"": ""right"", ""src"": ""assets/before_the_fame/characters/auntie/auntie_register_neutral_80x96.png"", ""placeholder"": false, ""loaded"": true, ""rect"": {""x"": 176.578125, ""y"": 90, ""width"": 320, ""height"": 384, ""top"": 90, ""right"": 496.578125, ""bottom"": 474, ""left"": 176.578125}, ""flip"": """"}]}","Director dialogue world/UI split; native270x480 env; actor80x96 anchor40,88 unless frozen metadata overrides; inspect source state/shot for seated/child/boss",INSPECTED WITH FIXTURE,js/data/btf/adventures/w1_life.js; js/scenes/adventure.js; js/data/art_registry.js; js/data/presentation_assets.js; js/data/btf/environments.js,"[[null, ""aisles of garri. plantain chips."", {}], [null, ""a freezer of malt. stockfish."", {}], [null, ""rich covers his nose. (fish.)"", {}], [""auntie"", ""the auntie at the register looks up."", {""entrance"": ""auntie""}], [""auntie"", ""WHO IS YOUR FATHER?"", {}]]; route={}; fight={}; minigame={}",Approved stillness/off-screen speaker accepted; important action gaps only those identified in ASSET_GAP_MATRIX. No missing image inferred from empty authored props.
A43:q2,INHERITED from selected predecessor,inherit/dynamic — see source and predecessors,"""INHERITED from selected predecessor""",,[],"{""method"": ""SOURCE-ONLY""}","Director dialogue world/UI split; native270x480 env; actor80x96 anchor40,88 unless frozen metadata overrides; inspect source state/shot for seated/child/boss",SOURCE-ONLY,js/data/btf/adventures/w1_life.js; js/scenes/adventure.js; js/data/art_registry.js; js/data/presentation_assets.js; js/data/btf/environments.js,"[[""auntie"", ""ARE YOU MARRIED? WHY ARE YOUR NAILS BLACK?"", {}], [""rich"", ""ma. i just want a malt."", {""vp"": true}]]; route={}; fight={}; minigame={}",Approved stillness/off-screen speaker accepted; important action gaps only those identified in ASSET_GAP_MATRIX. No missing image inferred from empty authored props.
A43:q2o,INHERITED from selected predecessor,inherit/dynamic — see source and predecessors,"""INHERITED from selected predecessor""",,[],"{""method"": ""SOURCE-ONLY""}","Director dialogue world/UI split; native270x480 env; actor80x96 anchor40,88 unless frozen metadata overrides; inspect source state/shot for seated/child/boss",SOURCE-ONLY,js/data/btf/adventures/w1_life.js; js/scenes/adventure.js; js/data/art_registry.js; js/data/presentation_assets.js; js/data/btf/environments.js,"[[""auntie"", ""…eh? your accent is terrible. but your mother raised you."", {}], [null, ""she gives you a discount on nothing."", {}]]; route={}; fight={}; minigame={}",Approved stillness/off-screen speaker accepted; important action gaps only those identified in ASSET_GAP_MATRIX. No missing image inferred from empty authored props.
A43:buy,INHERITED from selected predecessor,inherit/dynamic — see source and predecessors,"""INHERITED from selected predecessor""",,[],"{""method"": ""SOURCE-ONLY""}","Director dialogue world/UI split; native270x480 env; actor80x96 anchor40,88 unless frozen metadata overrides; inspect source state/shot for seated/child/boss",SOURCE-ONLY,js/data/btf/adventures/w1_life.js; js/scenes/adventure.js; js/data/art_registry.js; js/data/presentation_assets.js; js/data/btf/environments.js,"[[null, ""malt, $2."", {}], [""auntie"", ""and cubes. you need cubes. every kitchen needs cubes."", {}], [null, ""she puts seasoning cubes in the bag. you did not ask. you pay $1."", {}]]; route={}; fight={}; minigame={}",Approved stillness/off-screen speaker accepted; important action gaps only those identified in ASSET_GAP_MATRIX. No missing image inferred from empty authored props.
A43:curb,naija_lot,assets/before_the_fame/environments/naija_lot/naija_mart_parking_lot_270x480.png,"{""left"": ""rich""}",left:rich = assets/rich_standing_right.png,[],"{""env"": ""naija_lot"", ""placeholder"": false, ""actors"": [{""id"": ""rich"", ""slot"": ""left"", ""src"": ""assets/rich_standing_right.png"", ""placeholder"": false, ""loaded"": true, ""rect"": {""x"": -3.734375, ""y"": 94, ""width"": 320, ""height"": 384, ""top"": 94, ""right"": 316.265625, ""bottom"": 478, ""left"": -3.734375}, ""flip"": """"}]}","Director dialogue world/UI split; native270x480 env; actor80x96 anchor40,88 unless frozen metadata overrides; inspect source state/shot for seated/child/boss",INSPECTED WITH FIXTURE,js/data/btf/adventures/w1_life.js; js/scenes/adventure.js; js/data/art_registry.js; js/data/presentation_assets.js; js/data/btf/environments.js,"[[null, ""outside, on the curb of the lot. the malt is cold."", {}], [null, ""a flyer on the door: JOLLOF WARS. FIRST SUNDAY. BRING YOUR POT."", {}]]; route={}; fight={}; minigame={}",Approved stillness/off-screen speaker accepted; important action gaps only those identified in ASSET_GAP_MATRIX. No missing image inferred from empty authored props.
A50:arrive,lan_night,assets/before_the_fame/environments/tristan_apt/tristan_apartment_270x480.png,"{""left"": ""rich"", ""right"": ""tristan""}",left:rich = assets/rich_standing_right.png; right:tristan = assets/before_the_fame/characters/tristan/tristan_neutral_80x96.png,[],"{""env"": ""lan_night"", ""placeholder"": false, ""actors"": [{""id"": ""rich"", ""slot"": ""left"", ""src"": ""assets/rich_standing_right.png"", ""placeholder"": false, ""loaded"": true, ""rect"": {""x"": -17.40625, ""y"": 94, ""width"": 320, ""height"": 384, ""top"": 94, ""right"": 302.59375, ""bottom"": 478, ""left"": -17.40625}, ""flip"": """"}, {""id"": ""tristan"", ""slot"": ""right"", ""src"": ""assets/before_the_fame/characters/tristan/tristan_neutral_80x96.png"", ""placeholder"": false, ""loaded"": true, ""rect"": {""x"": 178.578125, ""y"": 94, ""width"": 320, ""height"": 384, ""top"": 94, ""right"": 498.578125, ""bottom"": 478, ""left"": 178.578125}, ""flip"": """"}]}","Director dialogue world/UI split; native270x480 env; actor80x96 anchor40,88 unless frozen metadata overrides; inspect source state/shot for seated/child/boss",INSPECTED WITH FIXTURE,js/data/btf/adventures/w3.js; js/scenes/adventure.js; js/data/art_registry.js; js/data/presentation_assets.js; js/data/btf/environments.js,"[[null, ""three monitors dead pizza tristan yelling"", {}], [""tristan"", ""one more turn bro"", {}]]; route={}; fight={}; minigame={}",Approved stillness/off-screen speaker accepted; important action gaps only those identified in ASSET_GAP_MATRIX. No missing image inferred from empty authored props.
A50:civ,INHERITED from selected predecessor,inherit/dynamic — see source and predecessors,"""INHERITED from selected predecessor""",,[],"{""method"": ""SOURCE-ONLY""}","Director dialogue world/UI split; native270x480 env; actor80x96 anchor40,88 unless frozen metadata overrides; inspect source state/shot for seated/child/boss",SOURCE-ONLY,js/data/btf/adventures/w3.js; js/scenes/adventure.js; js/data/art_registry.js; js/data/presentation_assets.js; js/data/btf/environments.js,"[[null, ""one turn becomes ten"", {}], [""rich"", ""you said that yesterday"", {""vp"": true}], [""tristan"", ""one more damn turn"", {}]]; route={}; fight={}; minigame={}",Approved stillness/off-screen speaker accepted; important action gaps only those identified in ASSET_GAP_MATRIX. No missing image inferred from empty authored props.
A50:xcom,INHERITED from selected predecessor,inherit/dynamic — see source and predecessors,"""INHERITED from selected predecessor""",,[],"{""method"": ""SOURCE-ONLY""}","Director dialogue world/UI split; native270x480 env; actor80x96 anchor40,88 unless frozen metadata overrides; inspect source state/shot for seated/child/boss",SOURCE-ONLY,js/data/btf/adventures/w3.js; js/scenes/adventure.js; js/data/art_registry.js; js/data/presentation_assets.js; js/data/btf/environments.js,"[[null, ""95 percent shot misses tristan about to sue"", {}], [""tristan"", ""ninety five percent my ass"", {}]]; route={}; fight={}; minigame={}",Approved stillness/off-screen speaker accepted; important action gaps only those identified in ASSET_GAP_MATRIX. No missing image inferred from empty authored props.
A50:league,INHERITED from selected predecessor,inherit/dynamic — see source and predecessors,"""INHERITED from selected predecessor""",,[],"{""method"": ""SOURCE-ONLY""}","Director dialogue world/UI split; native270x480 env; actor80x96 anchor40,88 unless frozen metadata overrides; inspect source state/shot for seated/child/boss",SOURCE-ONLY,js/data/btf/adventures/w3.js; js/scenes/adventure.js; js/data/art_registry.js; js/data/presentation_assets.js; js/data/btf/environments.js,"[[null, ""mutes the stranger keeps arguing with the monitor"", {}]]; route={}; fight={}; minigame={}",Approved stillness/off-screen speaker accepted; important action gaps only those identified in ASSET_GAP_MATRIX. No missing image inferred from empty authored props.
A50:sunrise,INHERITED from selected predecessor,inherit/dynamic — see source and predecessors,"""INHERITED from selected predecessor""",,[],"{""method"": ""SOURCE-ONLY""}","Director dialogue world/UI split; native270x480 env; actor80x96 anchor40,88 unless frozen metadata overrides; inspect source state/shot for seated/child/boss",SOURCE-ONLY,js/data/btf/adventures/w3.js; js/scenes/adventure.js; js/data/art_registry.js; js/data/presentation_assets.js; js/data/btf/environments.js,"[[null, ""sun comes up tristan still arguing"", {}], [""tristan"", ""damn i should sleep"", {}]]; route={}; fight={}; minigame={}",Approved stillness/off-screen speaker accepted; important action gaps only those identified in ASSET_GAP_MATRIX. No missing image inferred from empty authored props.
A50:end,INHERITED from selected predecessor,inherit/dynamic — see source and predecessors,"""INHERITED from selected predecessor""",,[],"{""method"": ""SOURCE-ONLY""}","Director dialogue world/UI split; native270x480 env; actor80x96 anchor40,88 unless frozen metadata overrides; inspect source state/shot for seated/child/boss",SOURCE-ONLY,js/data/btf/adventures/w3.js; js/scenes/adventure.js; js/data/art_registry.js; js/data/presentation_assets.js; js/data/btf/environments.js,[]; route={}; fight={}; minigame={},Approved stillness/off-screen speaker accepted; important action gaps only those identified in ASSET_GAP_MATRIX. No missing image inferred from empty authored props.
A31:start,street_night,assets/before_the_fame/environments/street_night/street_night_270x480.png,"{""mid"": ""rich""}",mid:rich = assets/rich_standing_right.png,[],"{""env"": ""street_night"", ""placeholder"": false, ""actors"": [{""id"": ""rich"", ""slot"": ""mid"", ""src"": ""assets/rich_standing_right.png"", ""placeholder"": false, ""loaded"": true, ""rect"": {""x"": 78.921875, ""y"": 94, ""width"": 320, ""height"": 384, ""top"": 94, ""right"": 398.921875, ""bottom"": 478, ""left"": 78.921875}, ""flip"": """"}]}","Director dialogue world/UI split; native270x480 env; actor80x96 anchor40,88 unless frozen metadata overrides; inspect source state/shot for seated/child/boss",INSPECTED WITH FIXTURE,js/data/btf/adventures/w5.js; js/scenes/adventure.js; js/data/art_registry.js; js/data/presentation_assets.js; js/data/btf/environments.js,"[[null, ""sunday night. rich wants to go somewhere he can't explain."", {}]]; route={""dest"": ""POWDER SPRINGS"", ""next"": ""arrive""}; fight={}; minigame={}",Approved stillness/off-screen speaker accepted; important action gaps only those identified in ASSET_GAP_MATRIX. No missing image inferred from empty authored props.
A31:arrive,curb,assets/powder_springs_night_270x480.png,"{""left"": ""rich"", ""right"": {""id"": ""god"", ""state"": ""seated_on_curb""}}",left:rich = assets/rich_standing_right.png; right:god@seated_on_curb = assets/before_the_fame/art_ship_015/package_a/A-god-seated_on_curb.png,[],"{""env"": ""curb"", ""placeholder"": false, ""actors"": [{""id"": ""rich"", ""slot"": ""left"", ""src"": ""assets/rich_standing_right.png"", ""placeholder"": false, ""loaded"": true, ""rect"": {""x"": -56.265625, ""y"": 94, ""width"": 320, ""height"": 384, ""top"": 94, ""right"": 263.734375, ""bottom"": 478, ""left"": -56.265625}, ""flip"": """"}, {""id"": ""god"", ""slot"": ""right"", ""src"": ""assets/before_the_fame/art_ship_015/package_a/A-god-seated_on_curb.png"", ""placeholder"": false, ""loaded"": true, ""rect"": {""x"": 125.71875, ""y"": 94, ""width"": 320, ""height"": 384, ""top"": 94, ""right"": 445.71875, ""bottom"": 478, ""left"": 125.71875}, ""flip"": """"}]}","Director dialogue world/UI split; native270x480 env; actor80x96 anchor40,88 unless frozen metadata overrides; inspect source state/shot for seated/child/boss",INSPECTED WITH FIXTURE,js/data/btf/adventures/w5.js; js/scenes/adventure.js; js/data/art_registry.js; js/data/presentation_assets.js; js/data/btf/environments.js,"[[null, ""the curb. the same curb, always."", {}], [null, ""someone sits down next to him."", {}], [""god"", ""…"", {""entrance"": ""god""}], [null, ""she is old. she is beautiful. she is, undeniably, a baddie."", {}]]; route={}; fight={}; minigame={}",Approved stillness/off-screen speaker accepted; important action gaps only those identified in ASSET_GAP_MATRIX. No missing image inferred from empty authored props.
A31:stars,INHERITED from selected predecessor,inherit/dynamic — see source and predecessors,"""INHERITED from selected predecessor""",,[],"{""method"": ""SOURCE-ONLY""}","Director dialogue world/UI split; native270x480 env; actor80x96 anchor40,88 unless frozen metadata overrides; inspect source state/shot for seated/child/boss",SOURCE-ONLY,js/data/btf/adventures/w5.js; js/scenes/adventure.js; js/data/art_registry.js; js/data/presentation_assets.js; js/data/btf/environments.js,"[[null, ""the stars get brighter. just a little. just there."", {}], [""god"", ""you are more than enough."", {}]]; route={}; fight={}; minigame={}",Approved stillness/off-screen speaker accepted; important action gaps only those identified in ASSET_GAP_MATRIX. No missing image inferred from empty authored props.
A31:silence,INHERITED from selected predecessor,inherit/dynamic — see source and predecessors,"""INHERITED from selected predecessor""",,[],"{""method"": ""SOURCE-ONLY""}","Director dialogue world/UI split; native270x480 env; actor80x96 anchor40,88 unless frozen metadata overrides; inspect source state/shot for seated/child/boss",SOURCE-ONLY,js/data/btf/adventures/w5.js; js/scenes/adventure.js; js/data/art_registry.js; js/data/presentation_assets.js; js/data/btf/environments.js,"[[null, ""rich does not have a joke. for the first time in his life, rich does not have a joke."", {}]]; route={}; fight={}; minigame={}",Approved stillness/off-screen speaker accepted; important action gaps only those identified in ASSET_GAP_MATRIX. No missing image inferred from empty authored props.
A31:fade,INHERITED from selected predecessor,assets/powder_springs_night_270x480.png,"{""left"": ""rich"", ""right"": {""id"": ""god"", ""state"": ""fading""}}",left:rich = assets/rich_standing_right.png; right:god@fading = assets/before_the_fame/art_ship_015/package_a/A-god-fading.png,[],"{""env"": ""curb"", ""placeholder"": false, ""actors"": [{""id"": ""rich"", ""slot"": ""left"", ""src"": ""assets/rich_standing_right.png"", ""placeholder"": false, ""loaded"": true, ""rect"": {""x"": -56.265625, ""y"": 94, ""width"": 320, ""height"": 384, ""top"": 94, ""right"": 263.734375, ""bottom"": 478, ""left"": -56.265625}, ""flip"": """"}, {""id"": ""god"", ""slot"": ""right"", ""src"": ""assets/before_the_fame/art_ship_015/package_a/A-god-fading.png"", ""placeholder"": false, ""loaded"": true, ""rect"": {""x"": 125.71875, ""y"": 94, ""width"": 320, ""height"": 384, ""top"": 94, ""right"": 445.71875, ""bottom"": 478, ""left"": 125.71875}, ""flip"": """"}]}","Director dialogue world/UI split; native270x480 env; actor80x96 anchor40,88 unless frozen metadata overrides; inspect source state/shot for seated/child/boss",INSPECTED WITH FIXTURE,js/data/btf/adventures/w5.js; js/scenes/adventure.js; js/data/art_registry.js; js/data/presentation_assets.js; js/data/btf/environments.js,"[[null, ""she fades. the way morning fades a dream — you don't see it happen, you just notice that it did."", {}], [null, ""the stars stay bright a little longer than they should."", {}]]; route={}; fight={}; minigame={}",Approved stillness/off-screen speaker accepted; important action gaps only those identified in ASSET_GAP_MATRIX. No missing image inferred from empty authored props.
A56:arrive,kitchen,assets/before_the_fame/environments/kitchen/castle_kitchen_270x480.png,"{""left"": ""rich"", ""right"": {""id"": ""lil_smack"", ""state"": ""finale""}}",left:rich = assets/rich_standing_right.png; right:lil_smack@finale = assets/before_the_fame/art_ship_014/package_a/A-lil_smack-finale.png,[],"{""env"": ""kitchen"", ""placeholder"": false, ""actors"": [{""id"": ""rich"", ""slot"": ""left"", ""src"": ""assets/rich_standing_right.png"", ""placeholder"": false, ""loaded"": true, ""rect"": {""x"": -17.734375, ""y"": 110, ""width"": 305.140625, ""height"": 366.1875, ""top"": 110, ""right"": 287.40625, ""bottom"": 476.1875, ""left"": -17.734375}, ""flip"": """"}, {""id"": ""lil_smack"", ""slot"": ""right"", ""src"": ""assets/before_the_fame/art_ship_014/package_a/A-lil_smack-finale.png"", ""placeholder"": false, ""loaded"": true, ""rect"": {""x"": 177.25, ""y"": 88.02874755859375, ""width"": 305.140625, ""height"": 366.1875, ""top"": 88.02874755859375, ""right"": 482.390625, ""bottom"": 454.21624755859375, ""left"": 177.25}, ""flip"": """"}]}","Director dialogue world/UI split; native270x480 env; actor80x96 anchor40,88 unless frozen metadata overrides; inspect source state/shot for seated/child/boss",INSPECTED WITH FIXTURE,js/data/btf/adventures/w5.js; js/scenes/adventure.js; js/data/art_registry.js; js/data/presentation_assets.js; js/data/btf/environments.js,"[[""lil_smack"", ""…"", {""entrance"": ""lil_smack""}], [null, ""lil smack takes one bite. mouth closed. actually closed."", {}]]; route={}; fight={}; minigame={}",Approved stillness/off-screen speaker accepted; important action gaps only those identified in ASSET_GAP_MATRIX. No missing image inferred from empty authored props.
A56:react,INHERITED from selected predecessor,inherit/dynamic — see source and predecessors,"""INHERITED from selected predecessor""",,[],"{""method"": ""SOURCE-ONLY""}","Director dialogue world/UI split; native270x480 env; actor80x96 anchor40,88 unless frozen metadata overrides; inspect source state/shot for seated/child/boss",SOURCE-ONLY,js/data/btf/adventures/w5.js; js/scenes/adventure.js; js/data/art_registry.js; js/data/presentation_assets.js; js/data/btf/environments.js,"[[null, ""it might be the most emotional moment of his entire life."", {}], [""lil_smack"", ""…it's good, man."", {}], [""rich"", ""…thank you."", {""vp"": true}]]; route={}; fight={}; minigame={}",Approved stillness/off-screen speaker accepted; important action gaps only those identified in ASSET_GAP_MATRIX. No missing image inferred from empty authored props.
A56:leave,INHERITED from selected predecessor,inherit/dynamic — see source and predecessors,"""INHERITED from selected predecessor""",,[],"{""method"": ""SOURCE-ONLY""}","Director dialogue world/UI split; native270x480 env; actor80x96 anchor40,88 unless frozen metadata overrides; inspect source state/shot for seated/child/boss",SOURCE-ONLY,js/data/btf/adventures/w5.js; js/scenes/adventure.js; js/data/art_registry.js; js/data/presentation_assets.js; js/data/btf/environments.js,"[[null, ""he leaves. not dramatically. just — gone."", {}], [null, ""no more crumbs on the porch. not until the fame."", {}]]; route={}; fight={}; minigame={}",Approved stillness/off-screen speaker accepted; important action gaps only those identified in ASSET_GAP_MATRIX. No missing image inferred from empty authored props.
A20:arrive,street_night,assets/before_the_fame/environments/street_night/street_night_270x480.png,"{""function"": ""A=>({left:'rich',right:(A.vars.stage||Math.min(3,(Number(RALife.flag('philProgress'))||0)+1))>=3?{id:'phil',state:'charging_day3'}:'phil'})""}",,[],"{""env"": ""street_night"", ""placeholder"": false, ""actors"": [{""id"": ""rich"", ""slot"": ""left"", ""src"": ""assets/rich_standing_right.png"", ""placeholder"": false, ""loaded"": true, ""rect"": {""x"": -17.0625, ""y"": 120, ""width"": 295.90625, ""height"": 355.09375, ""top"": 120, ""right"": 278.84375, ""bottom"": 475.09375, ""left"": -17.0625}, ""flip"": """"}, {""id"": ""phil"", ""slot"": ""right"", ""src"": ""assets/before_the_fame/characters/phil/power_level_phil_charging_day1_80x96.png"", ""placeholder"": false, ""loaded"": true, ""rect"": {""x"": 176.578125, ""y"": 120, ""width"": 295.90625, ""height"": 355.09375, ""top"": 120, ""right"": 472.484375, ""bottom"": 475.09375, ""left"": 176.578125}, ""flip"": """"}]}","Director dialogue world/UI split; native270x480 env; actor80x96 anchor40,88 unless frozen metadata overrides; inspect source state/shot for seated/child/boss",INSPECTED WITH FIXTURE,js/data/btf/adventures/w3.js; js/scenes/adventure.js; js/data/art_registry.js; js/data/presentation_assets.js; js/data/btf/environments.js,"{""function"": ""A=>{const st=A.vars.stage;if(st===1)return [N(\""phil screaming in the sidewalk like his mixtape dropped\""),S('phil',\""full power coming dont rush me\""),null];\n    if(st===2)return [N(\""next day same spot same yelling\""),S('phil',\""day two we loading\""),R(\""bro your progress bar stuck\"")];\n    return [N(\""hair turns gold street lamp quits\""),S('phil',\""finally bro finally\""),R(\""alright damn i see it\"")];}""}; route={}; fight={}; minigame={}",Approved stillness/off-screen speaker accepted; important action gaps only those identified in ASSET_GAP_MATRIX. No missing image inferred from empty authored props.
A20:fork,INHERITED from selected predecessor,inherit/dynamic — see source and predecessors,"""INHERITED from selected predecessor""",,[],"{""method"": ""SOURCE-ONLY""}","Director dialogue world/UI split; native270x480 env; actor80x96 anchor40,88 unless frozen metadata overrides; inspect source state/shot for seated/child/boss",SOURCE-ONLY,js/data/btf/adventures/w3.js; js/scenes/adventure.js; js/data/art_registry.js; js/data/presentation_assets.js; js/data/btf/environments.js,[]; route={}; fight={}; minigame={},Approved stillness/off-screen speaker accepted; important action gaps only those identified in ASSET_GAP_MATRIX. No missing image inferred from empty authored props.
A20:ask,INHERITED from selected predecessor,inherit/dynamic — see source and predecessors,"""INHERITED from selected predecessor""",,[],"{""method"": ""SOURCE-ONLY""}","Director dialogue world/UI split; native270x480 env; actor80x96 anchor40,88 unless frozen metadata overrides; inspect source state/shot for seated/child/boss",SOURCE-ONLY,js/data/btf/adventures/w3.js; js/scenes/adventure.js; js/data/art_registry.js; js/data/presentation_assets.js; js/data/btf/environments.js,"{""function"": ""A=>[S('phil',\""almost there\"")]""}; route={}; fight={}; minigame={}",Approved stillness/off-screen speaker accepted; important action gaps only those identified in ASSET_GAP_MATRIX. No missing image inferred from empty authored props.
A20:fightnow,INHERITED from selected predecessor,inherit/dynamic — see source and predecessors,"""INHERITED from selected predecessor""",,[],"{""method"": ""SOURCE-ONLY""}","Director dialogue world/UI split; native270x480 env; actor80x96 anchor40,88 unless frozen metadata overrides; inspect source state/shot for seated/child/boss",SOURCE-ONLY,js/data/btf/adventures/w3.js; js/scenes/adventure.js; js/data/art_registry.js; js/data/presentation_assets.js; js/data/btf/environments.js,"[]; route={}; fight={""enemy"": ""phil"", ""params"": {""function"": ""A=>({env:'street_night',invincible:A.vars.stage<3,intro:A.vars.stage<3?'PHIL IS INVINCIBLE WHILE HE CHARGES.':'PHIL IS AT FULL POWER. FINALLY.'})""}, ""win"": ""wrap"", ""lose"": ""wrap"", ""spared"": ""wrap""}; minigame={}",Approved stillness/off-screen speaker accepted; important action gaps only those identified in ASSET_GAP_MATRIX. No missing image inferred from empty authored props.
A20:food,INHERITED from selected predecessor,assets/before_the_fame/environments/street_night/street_night_270x480.png,"{""left"": ""rich"", ""right"": {""id"": ""phil"", ""state"": ""sitting_plate""}}",left:rich = assets/rich_standing_right.png; right:phil@sitting_plate = assets/before_the_fame/characters/phil/phil_sitting_plate_80x96.png,[],"{""env"": ""street_night"", ""placeholder"": false, ""actors"": [{""id"": ""rich"", ""slot"": ""left"", ""src"": ""assets/rich_standing_right.png"", ""placeholder"": false, ""loaded"": true, ""rect"": {""x"": -2.875, ""y"": 191, ""width"": 213.765625, ""height"": 256.53125, ""top"": 191, ""right"": 210.890625, ""bottom"": 447.53125, ""left"": -2.875}, ""flip"": """"}, {""id"": ""phil"", ""slot"": ""right"", ""src"": ""inline PNG generated by registered frozen-asset loader; see asset census"", ""placeholder"": false, ""loaded"": true, ""rect"": {""x"": 179.109375, ""y"": 191, ""width"": 213.765625, ""height"": 256.53125, ""top"": 191, ""right"": 392.875, ""bottom"": 447.53125, ""left"": 179.109375}, ""flip"": """"}]}","Director dialogue world/UI split; native270x480 env; actor80x96 anchor40,88 unless frozen metadata overrides; inspect source state/shot for seated/child/boss",INSPECTED WITH FIXTURE,js/data/btf/adventures/w3.js; js/scenes/adventure.js; js/data/art_registry.js; js/data/presentation_assets.js; js/data/btf/environments.js,"[[null, ""garlic knots interrupt the screaming"", {}], [""phil"", ""damn nobody brings me food"", {}]]; route={}; fight={}; minigame={}",Approved stillness/off-screen speaker accepted; important action gaps only those identified in ASSET_GAP_MATRIX. No missing image inferred from empty authored props.
A20:wrap,INHERITED from selected predecessor,assets/before_the_fame/environments/street_night/street_night_270x480.png,"{""function"": ""A=>A.vars.stage>=3?{left:'rich',right:{id:'phil',state:'spent_grounded'}}:undefined""}",,[],"{""env"": ""street_night"", ""placeholder"": false, ""actors"": [{""id"": ""rich"", ""slot"": ""left"", ""src"": ""assets/rich_standing_right.png"", ""placeholder"": false, ""loaded"": true, ""rect"": {""x"": -2.734375, ""y"": 191, ""width"": 213.765625, ""height"": 256.53125, ""top"": 191, ""right"": 211.03125, ""bottom"": 447.53125, ""left"": -2.734375}, ""flip"": """"}, {""id"": ""phil"", ""slot"": ""right"", ""src"": ""inline PNG generated by registered frozen-asset loader; see asset census"", ""placeholder"": false, ""loaded"": true, ""rect"": {""x"": 178.921875, ""y"": 191, ""width"": 213.765625, ""height"": 256.53125, ""top"": 191, ""right"": 392.6875, ""bottom"": 447.53125, ""left"": 178.921875}, ""flip"": """"}]}","Director dialogue world/UI split; native270x480 env; actor80x96 anchor40,88 unless frozen metadata overrides; inspect source state/shot for seated/child/boss",INSPECTED WITH FIXTURE,js/data/btf/adventures/w3.js; js/scenes/adventure.js; js/data/art_registry.js; js/data/presentation_assets.js; js/data/btf/environments.js,"{""function"": ""A=>A.vars.stage>=3?[N(\""phil on the ground smiling gold hair fading\""),S('phil',\""worth it bro\"")]:[N(\""phil waves and keeps charging\"")]""}; route={}; fight={}; minigame={}",Approved stillness/off-screen speaker accepted; important action gaps only those identified in ASSET_GAP_MATRIX. No missing image inferred from empty authored props.
A20:end,INHERITED from selected predecessor,inherit/dynamic — see source and predecessors,"""INHERITED from selected predecessor""",,[],"{""method"": ""SOURCE-ONLY""}","Director dialogue world/UI split; native270x480 env; actor80x96 anchor40,88 unless frozen metadata overrides; inspect source state/shot for seated/child/boss",SOURCE-ONLY,js/data/btf/adventures/w3.js; js/scenes/adventure.js; js/data/art_registry.js; js/data/presentation_assets.js; js/data/btf/environments.js,[]; route={}; fight={}; minigame={},Approved stillness/off-screen speaker accepted; important action gaps only those identified in ASSET_GAP_MATRIX. No missing image inferred from empty authored props.
A27:arrive,throne_party_mess,assets/throne_room_scene_portrait.png,"{""mid"": ""rich""}",mid:rich = assets/rich_standing_right.png,[],"{""env"": ""throne_party_mess"", ""placeholder"": false, ""actors"": [{""id"": ""rich"", ""slot"": ""mid"", ""src"": ""assets/rich_standing_right.png"", ""placeholder"": false, ""loaded"": true, ""rect"": {""x"": 78.921875, ""y"": 94, ""width"": 320, ""height"": 384, ""top"": 94, ""right"": 398.921875, ""bottom"": 478, ""left"": 78.921875}, ""flip"": """"}]}","Director dialogue world/UI split; native270x480 env; actor80x96 anchor40,88 unless frozen metadata overrides; inspect source state/shot for seated/child/boss",INSPECTED WITH FIXTURE,js/data/btf/adventures/w3.js; js/scenes/adventure.js; js/data/art_registry.js; js/data/presentation_assets.js; js/data/btf/environments.js,"[[null, ""throne room trashed cups in the chandelier"", {}], [null, ""confetti pile starts groaning"", {}], [null, ""hungover skeleton got a sword terrible combination"", {}], [""bonesworth"", ""who threw this party i need names"", {}]]; route={}; fight={}; minigame={}",Approved stillness/off-screen speaker accepted; important action gaps only those identified in ASSET_GAP_MATRIX. No missing image inferred from empty authored props.
A27:fight,INHERITED from selected predecessor,inherit/dynamic — see source and predecessors,"""INHERITED from selected predecessor""",,[],"{""method"": ""SOURCE-ONLY""}","Director dialogue world/UI split; native270x480 env; actor80x96 anchor40,88 unless frozen metadata overrides; inspect source state/shot for seated/child/boss",SOURCE-ONLY,js/data/btf/adventures/w3.js; js/scenes/adventure.js; js/data/art_registry.js; js/data/presentation_assets.js; js/data/btf/environments.js,"[]; route={}; fight={""enemy"": ""bonesworth"", ""params"": {""env"": ""throne_party_mess"", ""intro"": ""SIR BONESWORTH, HUNGOVER. HE STILL SWINGS A SWORD.""}, ""win"": ""outcome"", ""lose"": ""outcome"", ""spared"": ""outcome""}; minigame={}",Approved stillness/off-screen speaker accepted; important action gaps only those identified in ASSET_GAP_MATRIX. No missing image inferred from empty authored props.
A27:outcome,INHERITED from selected predecessor,inherit/dynamic — see source and predecessors,"""INHERITED from selected predecessor""",,[],"{""method"": ""SOURCE-ONLY""}","Director dialogue world/UI split; native270x480 env; actor80x96 anchor40,88 unless frozen metadata overrides; inspect source state/shot for seated/child/boss",SOURCE-ONLY,js/data/btf/adventures/w3.js; js/scenes/adventure.js; js/data/art_registry.js; js/data/presentation_assets.js; js/data/btf/environments.js,[]; route={}; fight={}; minigame={},Approved stillness/off-screen speaker accepted; important action gaps only those identified in ASSET_GAP_MATRIX. No missing image inferred from empty authored props.
A27:sword,INHERITED from selected predecessor,inherit/dynamic — see source and predecessors,"""INHERITED from selected predecessor""",,[],"{""method"": ""SOURCE-ONLY""}","Director dialogue world/UI split; native270x480 env; actor80x96 anchor40,88 unless frozen metadata overrides; inspect source state/shot for seated/child/boss",SOURCE-ONLY,js/data/btf/adventures/w3.js; js/scenes/adventure.js; js/data/art_registry.js; js/data/presentation_assets.js; js/data/btf/environments.js,"[[null, ""bonesworth hands you the sword like its a bill"", {}], [""bonesworth"", ""put it on the wall i earned this hangover"", {}]]; route={}; fight={}; minigame={}",Approved stillness/off-screen speaker accepted; important action gaps only those identified in ASSET_GAP_MATRIX. No missing image inferred from empty authored props.
A27:resident,INHERITED from selected predecessor,inherit/dynamic — see source and predecessors,"""INHERITED from selected predecessor""",,[],"{""method"": ""SOURCE-ONLY""}","Director dialogue world/UI split; native270x480 env; actor80x96 anchor40,88 unless frozen metadata overrides; inspect source state/shot for seated/child/boss",SOURCE-ONLY,js/data/btf/adventures/w3.js; js/scenes/adventure.js; js/data/art_registry.js; js/data/presentation_assets.js; js/data/btf/environments.js,"[[null, ""bonesworth moves into the crypt zero paperwork"", {}], [""bonesworth"", ""yeah i live here now"", {}]]; route={}; fight={}; minigame={}",Approved stillness/off-screen speaker accepted; important action gaps only those identified in ASSET_GAP_MATRIX. No missing image inferred from empty authored props.
A27:end,INHERITED from selected predecessor,inherit/dynamic — see source and predecessors,"""INHERITED from selected predecessor""",,[],"{""method"": ""SOURCE-ONLY""}","Director dialogue world/UI split; native270x480 env; actor80x96 anchor40,88 unless frozen metadata overrides; inspect source state/shot for seated/child/boss",SOURCE-ONLY,js/data/btf/adventures/w3.js; js/scenes/adventure.js; js/data/art_registry.js; js/data/presentation_assets.js; js/data/btf/environments.js,[]; route={}; fight={}; minigame={},Approved stillness/off-screen speaker accepted; important action gaps only those identified in ASSET_GAP_MATRIX. No missing image inferred from empty authored props.
A23:arrive,DYNAMIC A=>RALife.hasRoom('party_hall')&&RALife.flag('partyNight')?'throne':'bedroom',assets/rich_bedroom_environment_270x480.png,"{""left"": ""rich"", ""right"": ""hilt""}",left:rich = assets/rich_standing_right.png; right:hilt = assets/before_the_fame/characters/hilt/hilt_neutral_80x96.png,[],"{""env"": ""bedroom"", ""placeholder"": false, ""actors"": [{""id"": ""rich"", ""slot"": ""left"", ""src"": ""assets/rich_standing_right.png"", ""placeholder"": false, ""loaded"": true, ""rect"": {""x"": -17.40625, ""y"": 114, ""width"": 302, ""height"": 362.40625, ""top"": 114, ""right"": 284.59375, ""bottom"": 476.40625, ""left"": -17.40625}, ""flip"": """"}, {""id"": ""hilt"", ""slot"": ""right"", ""src"": ""assets/before_the_fame/characters/hilt/hilt_neutral_80x96.png"", ""placeholder"": false, ""loaded"": true, ""rect"": {""x"": 177.078125, ""y"": 114, ""width"": 302, ""height"": 362.40625, ""top"": 114, ""right"": 479.078125, ""bottom"": 476.40625, ""left"": 177.078125}, ""flip"": """"}]}","Director dialogue world/UI split; native270x480 env; actor80x96 anchor40,88 unless frozen metadata overrides; inspect source state/shot for seated/child/boss",INSPECTED WITH FIXTURE,js/data/btf/adventures/w3.js; js/scenes/adventure.js; js/data/art_registry.js; js/data/presentation_assets.js; js/data/btf/environments.js,"[[null, ""locked door didnt help"", {}], [""hilt"", ""big man in a windbreaker taking up wall space"", {""entrance"": ""hilt""}], [""hilt"", ""you rich alucard"", {}], [""rich"", ""depends who asking"", {""vp"": true}], [""hilt"", ""my brother been talking"", {}]]; route={}; fight={}; minigame={}",Approved stillness/off-screen speaker accepted; important action gaps only those identified in ASSET_GAP_MATRIX. No missing image inferred from empty authored props.
A23:fight,INHERITED from selected predecessor,inherit/dynamic — see source and predecessors,"""INHERITED from selected predecessor""",,[],"{""method"": ""SOURCE-ONLY""}","Director dialogue world/UI split; native270x480 env; actor80x96 anchor40,88 unless frozen metadata overrides; inspect source state/shot for seated/child/boss",SOURCE-ONLY,js/data/btf/adventures/w3.js; js/scenes/adventure.js; js/data/art_registry.js; js/data/presentation_assets.js; js/data/btf/environments.js,"[]; route={}; fight={""enemy"": ""hilt"", ""params"": {""env"": {""function"": ""A=>A.vars.env||'bedroom'""}, ""noPenalty"": true, ""intro"": ""HILT DOESN'T PLAY.""}, ""win"": ""take"", ""lose"": ""take"", ""spared"": ""take""}; minigame={}",Approved stillness/off-screen speaker accepted; important action gaps only those identified in ASSET_GAP_MATRIX. No missing image inferred from empty authored props.
A23:take,INHERITED from selected predecessor,inherit/dynamic — see source and predecessors,"""INHERITED from selected predecessor""",,[],"{""method"": ""SOURCE-ONLY""}","Director dialogue world/UI split; native270x480 env; actor80x96 anchor40,88 unless frozen metadata overrides; inspect source state/shot for seated/child/boss",SOURCE-ONLY,js/data/btf/adventures/w3.js; js/scenes/adventure.js; js/data/art_registry.js; js/data/presentation_assets.js; js/data/btf/environments.js,"[[null, ""fight over hilt still standing damn"", {}], [null, ""hilt takes a stack doesnt even count it"", {}], [""rich"", ""you got a cool line or something"", {""vp"": true}], [""hilt"", ""nah"", {}]]; route={}; fight={}; minigame={}",Approved stillness/off-screen speaker accepted; important action gaps only those identified in ASSET_GAP_MATRIX. No missing image inferred from empty authored props.
A23:leave,INHERITED from selected predecessor,assets/rich_bedroom_environment_270x480.png,"{""left"": ""rich"", ""right"": {""id"": ""hilt"", ""state"": ""walk_away""}}",left:rich = assets/rich_standing_right.png; right:hilt@walk_away = assets/before_the_fame/characters/hilt/hilt_walk_away_80x96.png,[],"{""env"": ""bedroom"", ""placeholder"": false, ""actors"": [{""id"": ""rich"", ""slot"": ""left"", ""src"": ""assets/rich_standing_right.png"", ""placeholder"": false, ""loaded"": true, ""rect"": {""x"": -16.90625, ""y"": 125, ""width"": 292.03125, ""height"": 350.4375, ""top"": 125, ""right"": 275.125, ""bottom"": 475.4375, ""left"": -16.90625}, ""flip"": """"}, {""id"": ""hilt"", ""slot"": ""right"", ""src"": ""assets/before_the_fame/characters/hilt/hilt_walk_away_80x96.png"", ""placeholder"": false, ""loaded"": true, ""rect"": {""x"": 173.921875, ""y"": 125, ""width"": 292.03125, ""height"": 350.4375, ""top"": 125, ""right"": 465.953125, ""bottom"": 475.4375, ""left"": 173.921875}, ""flip"": """"}]}","Director dialogue world/UI split; native270x480 env; actor80x96 anchor40,88 unless frozen metadata overrides; inspect source state/shot for seated/child/boss",INSPECTED WITH FIXTURE,js/data/btf/adventures/w3.js; js/scenes/adventure.js; js/data/art_registry.js; js/data/presentation_assets.js; js/data/btf/environments.js,"[[null, ""leaves through a locked door like rent due"", {}]]; route={}; fight={}; minigame={}",Approved stillness/off-screen speaker accepted; important action gaps only those identified in ASSET_GAP_MATRIX. No missing image inferred from empty authored props.
A23:end,INHERITED from selected predecessor,inherit/dynamic — see source and predecessors,"""INHERITED from selected predecessor""",,[],"{""method"": ""SOURCE-ONLY""}","Director dialogue world/UI split; native270x480 env; actor80x96 anchor40,88 unless frozen metadata overrides; inspect source state/shot for seated/child/boss",SOURCE-ONLY,js/data/btf/adventures/w3.js; js/scenes/adventure.js; js/data/art_registry.js; js/data/presentation_assets.js; js/data/btf/environments.js,[]; route={}; fight={}; minigame={},Approved stillness/off-screen speaker accepted; important action gaps only those identified in ASSET_GAP_MATRIX. No missing image inferred from empty authored props.
A24:arrive,armory,assets/before_the_fame/environments/armory/armory_behind_church_270x480.png,"{""left"": ""rich"", ""right"": ""deacon_brass""}",left:rich = assets/rich_standing_right.png; right:deacon_brass = assets/before_the_fame/characters/deacon_brass/deacon_brass_neutral_80x96.png,[],"{""env"": ""armory"", ""placeholder"": false, ""actors"": [{""id"": ""rich"", ""slot"": ""left"", ""src"": ""assets/rich_standing_right.png"", ""placeholder"": false, ""loaded"": true, ""rect"": {""x"": -17.40625, ""y"": 114, ""width"": 302, ""height"": 362.40625, ""top"": 114, ""right"": 284.59375, ""bottom"": 476.40625, ""left"": -17.40625}, ""flip"": """"}, {""id"": ""deacon_brass"", ""slot"": ""right"", ""src"": ""assets/before_the_fame/characters/deacon_brass/deacon_brass_neutral_80x96.png"", ""placeholder"": false, ""loaded"": true, ""rect"": {""x"": 177.078125, ""y"": 114, ""width"": 302, ""height"": 362.40625, ""top"": 114, ""right"": 479.078125, ""bottom"": 476.40625, ""left"": 177.078125}, ""flip"": """"}]}","Director dialogue world/UI split; native270x480 env; actor80x96 anchor40,88 unless frozen metadata overrides; inspect source state/shot for seated/child/boss",INSPECTED WITH FIXTURE,js/data/btf/adventures/w3.js; js/scenes/adventure.js; js/data/art_registry.js; js/data/presentation_assets.js; js/data/btf/environments.js,"[[null, ""brass polishing a shotgun with the communion cloth"", {}], [""deacon_brass"", ""guns and grace son cover both bases"", {}], [""rich"", ""which one this supposed to be"", {""vp"": true}]]; route={}; fight={}; minigame={}",Approved stillness/off-screen speaker accepted; important action gaps only those identified in ASSET_GAP_MATRIX. No missing image inferred from empty authored props.
A24:explain,INHERITED from selected predecessor,inherit/dynamic — see source and predecessors,"""INHERITED from selected predecessor""",,[],"{""method"": ""SOURCE-ONLY""}","Director dialogue world/UI split; native270x480 env; actor80x96 anchor40,88 unless frozen metadata overrides; inspect source state/shot for seated/child/boss",SOURCE-ONLY,js/data/btf/adventures/w3.js; js/scenes/adventure.js; js/data/art_registry.js; js/data/presentation_assets.js; js/data/btf/environments.js,"[[""deacon_brass"", ""shoot and move blood cant do everything"", {}], [null, ""holy baby drake in the altar case $180000 damn"", {}]]; route={}; fight={}; minigame={}",Approved stillness/off-screen speaker accepted; important action gaps only those identified in ASSET_GAP_MATRIX. No missing image inferred from empty authored props.
A24:end,INHERITED from selected predecessor,inherit/dynamic — see source and predecessors,"""INHERITED from selected predecessor""",,[],"{""method"": ""SOURCE-ONLY""}","Director dialogue world/UI split; native270x480 env; actor80x96 anchor40,88 unless frozen metadata overrides; inspect source state/shot for seated/child/boss",SOURCE-ONLY,js/data/btf/adventures/w3.js; js/scenes/adventure.js; js/data/art_registry.js; js/data/presentation_assets.js; js/data/btf/environments.js,[]; route={}; fight={}; minigame={},Approved stillness/off-screen speaker accepted; important action gaps only those identified in ASSET_GAP_MATRIX. No missing image inferred from empty authored props.
JOLLOF_WARS:arrive,kitchen,assets/before_the_fame/environments/kitchen/castle_kitchen_270x480.png,"{""left"": ""rich""}",left:rich = assets/rich_standing_right.png,[],"{""env"": ""kitchen"", ""placeholder"": false, ""actors"": [{""id"": ""rich"", ""slot"": ""left"", ""src"": ""assets/rich_standing_right.png"", ""placeholder"": false, ""loaded"": true, ""rect"": {""x"": -3.734375, ""y"": 94, ""width"": 320, ""height"": 384, ""top"": 94, ""right"": 316.265625, ""bottom"": 478, ""left"": -3.734375}, ""flip"": """"}]}","Director dialogue world/UI split; native270x480 env; actor80x96 anchor40,88 unless frozen metadata overrides; inspect source state/shot for seated/child/boss",INSPECTED WITH FIXTURE,js/data/btf/adventures/w5.js; js/scenes/adventure.js; js/data/art_registry.js; js/data/presentation_assets.js; js/data/btf/environments.js,"[[null, ""first sunday. every kitchen in the diaspora smells like this today."", {}]]; route={}; fight={}; minigame={}",Approved stillness/off-screen speaker accepted; important action gaps only those identified in ASSET_GAP_MATRIX. No missing image inferred from empty authored props.
JOLLOF_WARS:cook,INHERITED from selected predecessor,inherit/dynamic — see source and predecessors,"""INHERITED from selected predecessor""",,[],"{""method"": ""SOURCE-ONLY""}","Director dialogue world/UI split; native270x480 env; actor80x96 anchor40,88 unless frozen metadata overrides; inspect source state/shot for seated/child/boss",SOURCE-ONLY,js/data/btf/adventures/w5.js; js/scenes/adventure.js; js/data/art_registry.js; js/data/presentation_assets.js; js/data/btf/environments.js,"[]; route={}; fight={}; minigame={""id"": ""jollof"", ""params"": {""function"": ""()=>({mode:'cookoff',lauraScore:34,inventory:{maggi_dragon_crumble:RALife.count('maggi_dragon_crumble')}})""}, ""next"": {""function"": ""(A,result)=>{A.set('cookResult',result);return result?.outcome==='win'?'win':'lose';}""}}",Approved stillness/off-screen speaker accepted; important action gaps only those identified in ASSET_GAP_MATRIX. No missing image inferred from empty authored props.
JOLLOF_WARS:win,INHERITED from selected predecessor,inherit/dynamic — see source and predecessors,"""INHERITED from selected predecessor""",,[],"{""method"": ""SOURCE-ONLY""}","Director dialogue world/UI split; native270x480 env; actor80x96 anchor40,88 unless frozen metadata overrides; inspect source state/shot for seated/child/boss",SOURCE-ONLY,js/data/btf/adventures/w5.js; js/scenes/adventure.js; js/data/art_registry.js; js/data/presentation_assets.js; js/data/btf/environments.js,"[[null, ""you beat the block. $500 and a trophy that is absolutely going on the mantel."", {}]]; route={}; fight={}; minigame={}",Approved stillness/off-screen speaker accepted; important action gaps only those identified in ASSET_GAP_MATRIX. No missing image inferred from empty authored props.
JOLLOF_WARS:lose,INHERITED from selected predecessor,inherit/dynamic — see source and predecessors,"""INHERITED from selected predecessor""",,[],"{""method"": ""SOURCE-ONLY""}","Director dialogue world/UI split; native270x480 env; actor80x96 anchor40,88 unless frozen metadata overrides; inspect source state/shot for seated/child/boss",SOURCE-ONLY,js/data/btf/adventures/w5.js; js/scenes/adventure.js; js/data/art_registry.js; js/data/presentation_assets.js; js/data/btf/environments.js,"[[null, ""close. not this month."", {}]]; route={}; fight={}; minigame={}",Approved stillness/off-screen speaker accepted; important action gaps only those identified in ASSET_GAP_MATRIX. No missing image inferred from empty authored props.
A54:arrive,kitchen,assets/before_the_fame/environments/kitchen/castle_kitchen_270x480.png,"{""left"": ""rich"", ""right"": ""lil_smack""}",left:rich = assets/rich_standing_right.png; right:lil_smack = assets/before_the_fame/characters/lil_smack/lil_smack_eating_80x96.png,[],"{""env"": ""kitchen"", ""placeholder"": false, ""actors"": [{""id"": ""rich"", ""slot"": ""left"", ""src"": ""assets/rich_standing_right.png"", ""placeholder"": false, ""loaded"": true, ""rect"": {""x"": -17.734375, ""y"": 110, ""width"": 305.140625, ""height"": 366.1875, ""top"": 110, ""right"": 287.40625, ""bottom"": 476.1875, ""left"": -17.734375}, ""flip"": """"}, {""id"": ""lil_smack"", ""slot"": ""right"", ""src"": ""assets/before_the_fame/characters/lil_smack/lil_smack_eating_80x96.png"", ""placeholder"": false, ""loaded"": true, ""rect"": {""x"": 177.25, ""y"": 110, ""width"": 305.140625, ""height"": 366.1875, ""top"": 110, ""right"": 482.390625, ""bottom"": 476.1875, ""left"": 177.25}, ""flip"": """"}]}","Director dialogue world/UI split; native270x480 env; actor80x96 anchor40,88 unless frozen metadata overrides; inspect source state/shot for seated/child/boss",INSPECTED WITH FIXTURE,js/data/btf/adventures/w5.js; js/scenes/adventure.js; js/data/art_registry.js; js/data/presentation_assets.js; js/data/btf/environments.js,"[[null, ""the final. mom is on video call, already judging your knife work through the phone camera."", {}], [null, ""lil smack is here, mouth open, eating everyone's entries before the judges even get a bite."", {}]]; route={}; fight={}; minigame={}",Approved stillness/off-screen speaker accepted; important action gaps only those identified in ASSET_GAP_MATRIX. No missing image inferred from empty authored props.
A54:cook,INHERITED from selected predecessor,inherit/dynamic — see source and predecessors,"""INHERITED from selected predecessor""",,[],"{""method"": ""SOURCE-ONLY""}","Director dialogue world/UI split; native270x480 env; actor80x96 anchor40,88 unless frozen metadata overrides; inspect source state/shot for seated/child/boss",SOURCE-ONLY,js/data/btf/adventures/w5.js; js/scenes/adventure.js; js/data/art_registry.js; js/data/presentation_assets.js; js/data/btf/environments.js,"[]; route={}; fight={}; minigame={""id"": ""jollof"", ""params"": {""function"": ""()=>({mode:'final',lauraScore:34,inventory:{maggi_dragon_crumble:RALife.count('maggi_dragon_crumble')}})""}, ""next"": {""function"": ""(A,result)=>{A.set('cookResult',result);if(result?.outcome==='win'){if(result?.data?.beatLaura)RALife.counter('lauraLedger');return 'win';}return 'lose';}""}}",Approved stillness/off-screen speaker accepted; important action gaps only those identified in ASSET_GAP_MATRIX. No missing image inferred from empty authored props.
A54:win,INHERITED from selected predecessor,inherit/dynamic — see source and predecessors,"""INHERITED from selected predecessor""",,[],"{""method"": ""SOURCE-ONLY""}","Director dialogue world/UI split; native270x480 env; actor80x96 anchor40,88 unless frozen metadata overrides; inspect source state/shot for seated/child/boss",SOURCE-ONLY,js/data/btf/adventures/w5.js; js/scenes/adventure.js; js/data/art_registry.js; js/data/presentation_assets.js; js/data/btf/environments.js,"[[null, ""$5,000. winning jollof wars is now, legally, legendary."", {}]]; route={}; fight={}; minigame={}",Approved stillness/off-screen speaker accepted; important action gaps only those identified in ASSET_GAP_MATRIX. No missing image inferred from empty authored props.
A54:lose,INHERITED from selected predecessor,inherit/dynamic — see source and predecessors,"""INHERITED from selected predecessor""",,[],"{""method"": ""SOURCE-ONLY""}","Director dialogue world/UI split; native270x480 env; actor80x96 anchor40,88 unless frozen metadata overrides; inspect source state/shot for seated/child/boss",SOURCE-ONLY,js/data/btf/adventures/w5.js; js/scenes/adventure.js; js/data/art_registry.js; js/data/presentation_assets.js; js/data/btf/environments.js,"[[null, ""mom mutes herself. that is worse than anything she could have said."", {}]]; route={}; fight={}; minigame={}",Approved stillness/off-screen speaker accepted; important action gaps only those identified in ASSET_GAP_MATRIX. No missing image inferred from empty authored props.
ARMORY:shop,armory,assets/before_the_fame/environments/armory/armory_behind_church_270x480.png,"{""left"": ""rich"", ""right"": ""deacon_brass""}",left:rich = assets/rich_standing_right.png; right:deacon_brass = assets/before_the_fame/characters/deacon_brass/deacon_brass_neutral_80x96.png,[],"{""env"": ""armory"", ""placeholder"": false, ""actors"": [{""id"": ""rich"", ""slot"": ""left"", ""src"": ""assets/rich_standing_right.png"", ""placeholder"": false, ""loaded"": true, ""rect"": {""x"": -17.40625, ""y"": 114, ""width"": 302, ""height"": 362.40625, ""top"": 114, ""right"": 284.59375, ""bottom"": 476.40625, ""left"": -17.40625}, ""flip"": """"}, {""id"": ""deacon_brass"", ""slot"": ""right"", ""src"": ""assets/before_the_fame/characters/deacon_brass/deacon_brass_neutral_80x96.png"", ""placeholder"": false, ""loaded"": true, ""rect"": {""x"": 177.078125, ""y"": 114, ""width"": 302, ""height"": 362.40625, ""top"": 114, ""right"": 479.078125, ""bottom"": 476.40625, ""left"": 177.078125}, ""flip"": """"}]}","Director dialogue world/UI split; native270x480 env; actor80x96 anchor40,88 unless frozen metadata overrides; inspect source state/shot for seated/child/boss",BLOCKED,js/data/btf/adventures/w3.js; js/scenes/adventure.js; js/data/art_registry.js; js/data/presentation_assets.js; js/data/btf/environments.js,"{""function"": ""A=>[N(A.vars.bought?`${RALife.fmt(RALife.money())} left. deacon brass nods.`:'the wall of guns. deacon brass watches, hands folded.'),...kevinCameo()]""}; route={}; fight={}; minigame={}",Approved stillness/off-screen speaker accepted; important action gaps only those identified in ASSET_GAP_MATRIX. No missing image inferred from empty authored props.
ARMORY:out,INHERITED from selected predecessor,inherit/dynamic — see source and predecessors,"""INHERITED from selected predecessor""",,[],"{""method"": ""SOURCE-ONLY""}","Director dialogue world/UI split; native270x480 env; actor80x96 anchor40,88 unless frozen metadata overrides; inspect source state/shot for seated/child/boss",BLOCKED,js/data/btf/adventures/w3.js; js/scenes/adventure.js; js/data/art_registry.js; js/data/presentation_assets.js; js/data/btf/environments.js,[]; route={}; fight={}; minigame={},Approved stillness/off-screen speaker accepted; important action gaps only those identified in ASSET_GAP_MATRIX. No missing image inferred from empty authored props.
ARMORY_WALL:look,armory,assets/before_the_fame/environments/armory/armory_behind_church_270x480.png,"{""left"": ""rich""}",left:rich = assets/rich_standing_right.png,"{""function"": ""()=>RALife.flag('bonesworthSword')?[{src:window.RAArtRegistry?.props?.bonesworth_sword?.asset,x:62,y:182}]:[]""}","{""env"": ""armory"", ""placeholder"": false, ""actors"": [{""id"": ""rich"", ""slot"": ""left"", ""src"": ""assets/rich_standing_right.png"", ""placeholder"": false, ""loaded"": true, ""rect"": {""x"": -3.734375, ""y"": 94, ""width"": 320, ""height"": 384, ""top"": 94, ""right"": 316.265625, ""bottom"": 478, ""left"": -3.734375}, ""flip"": """"}]}","Director dialogue world/UI split; native270x480 env; actor80x96 anchor40,88 unless frozen metadata overrides; inspect source state/shot for seated/child/boss",BLOCKED,js/data/btf/adventures/w1_life.js; js/scenes/adventure.js; js/data/art_registry.js; js/data/presentation_assets.js; js/data/btf/environments.js,"{""function"": ""A=>{const g=RALife.life().ownership.guns||[];return [N(g.length?`on the wall: ${g.map(x=>RACombatData.GUNS[x.id]?.label).filter(Boolean).join(', ').toLowerCase()}.`:'an empty wall. it wants guns.'),...(RALife.flag('bonesworthSword')?[N(\""bonesworths sword on the wall rust included\"")]:[])];}""}; route={}; fight={}; minigame={}",Approved stillness/off-screen speaker accepted; important action gaps only those identified in ASSET_GAP_MATRIX. No missing image inferred from empty authored props.
A08:arrive,slurp,assets/before_the_fame/environments/slurp/slurp_dynasty_little_tokyo_270x480.png,"{""left"": ""rich"", ""right"": ""okada""}",left:rich = assets/rich_standing_right.png; right:okada = assets/before_the_fame/characters/okada/mr_okada_neutral_80x96.png,[],"{""env"": ""slurp"", ""placeholder"": false, ""actors"": [{""id"": ""rich"", ""slot"": ""left"", ""src"": ""assets/rich_standing_right.png"", ""placeholder"": false, ""loaded"": true, ""rect"": {""x"": -17.734375, ""y"": 94, ""width"": 320, ""height"": 384, ""top"": 94, ""right"": 302.265625, ""bottom"": 478, ""left"": -17.734375}, ""flip"": """"}, {""id"": ""okada"", ""slot"": ""right"", ""src"": ""assets/before_the_fame/characters/okada/mr_okada_neutral_80x96.png"", ""placeholder"": false, ""loaded"": true, ""rect"": {""x"": 178.25, ""y"": 94, ""width"": 320, ""height"": 384, ""top"": 94, ""right"": 498.25, ""bottom"": 478, ""left"": 178.25}, ""flip"": """"}]}","Director dialogue world/UI split; native270x480 env; actor80x96 anchor40,88 unless frozen metadata overrides; inspect source state/shot for seated/child/boss",INSPECTED WITH FIXTURE,js/data/btf/adventures/w2.js; js/scenes/adventure.js; js/data/art_registry.js; js/data/presentation_assets.js; js/data/btf/environments.js,"[[null, ""help wanted over help wanted they down bad"", {}], [""okada"", ""vampires dont scare me customers do"", {}], [null, ""apron first name later"", {}]]; route={}; fight={}; minigame={}",Approved stillness/off-screen speaker accepted; important action gaps only those identified in ASSET_GAP_MATRIX. No missing image inferred from empty authored props.
A08:hina,slurp,assets/before_the_fame/environments/slurp/slurp_dynasty_little_tokyo_270x480.png,"{""left"": {""id"": ""rich"", ""state"": ""ramen_apron""}, ""right"": ""okada"", ""farRight"": ""hina""}",left:rich@ramen_apron = assets/before_the_fame/characters/rich/rich_ramen_apron_corrected_80x96.png; right:okada = assets/before_the_fame/characters/okada/mr_okada_neutral_80x96.png; farRight:hina = assets/before_the_fame/characters/hina/hina_neutral_80x96.png,[],"{""env"": ""slurp"", ""placeholder"": false, ""actors"": [{""id"": ""rich"", ""slot"": ""left"", ""src"": ""assets/before_the_fame/characters/rich/rich_ramen_apron_corrected_80x96.png"", ""placeholder"": false, ""loaded"": true, ""rect"": {""x"": -24.734375, ""y"": 125, ""width"": 292.03125, ""height"": 350.4375, ""top"": 125, ""right"": 267.296875, ""bottom"": 475.4375, ""left"": -24.734375}, ""flip"": """"}, {""id"": ""okada"", ""slot"": ""right"", ""src"": ""assets/before_the_fame/characters/okada/mr_okada_neutral_80x96.png"", ""placeholder"": false, ""loaded"": true, ""rect"": {""x"": 167.578125, ""y"": 125, ""width"": 292.03125, ""height"": 350.4375, ""top"": 125, ""right"": 459.609375, ""bottom"": 475.4375, ""left"": 167.578125}, ""flip"": """"}, {""id"": ""hina"", ""slot"": ""farRight"", ""src"": ""assets/before_the_fame/characters/hina/hina_neutral_80x96.png"", ""placeholder"": false, ""loaded"": true, ""rect"": {""x"": 228.734375, ""y"": 103.97374725341797, ""width"": 292.03125, ""height"": 350.4375, ""top"": 103.97374725341797, ""right"": 520.765625, ""bottom"": 454.41124725341797, ""left"": 228.734375}, ""flip"": """"}]}","Director dialogue world/UI split; native270x480 env; actor80x96 anchor40,88 unless frozen metadata overrides; inspect source state/shot for seated/child/boss",INSPECTED WITH FIXTURE,js/data/btf/adventures/w2.js; js/scenes/adventure.js; js/data/art_registry.js; js/data/presentation_assets.js; js/data/btf/environments.js,"[[""hina"", ""hina got a knife and a stopwatch you better move"", {""entrance"": ""hina""}], [""hina"", ""dont fuck up my broth new guy"", {}]]; route={}; fight={}; minigame={}",Approved stillness/off-screen speaker accepted; important action gaps only those identified in ASSET_GAP_MATRIX. No missing image inferred from empty authored props.
A08:shift,INHERITED from selected predecessor,inherit/dynamic — see source and predecessors,"""INHERITED from selected predecessor""",,[],"{""method"": ""SOURCE-ONLY""}","Director dialogue world/UI split; native270x480 env; actor80x96 anchor40,88 unless frozen metadata overrides; inspect source state/shot for seated/child/boss",SOURCE-ONLY,js/data/btf/adventures/w2.js; js/scenes/adventure.js; js/data/art_registry.js; js/data/presentation_assets.js; js/data/btf/environments.js,"[[null, ""tickets rolling in"", {}]]; route={}; fight={}; minigame={""id"": ""slurp"", ""params"": {""function"": ""()=>({firstShift:true})""}, ""next"": {""function"": ""(A,r)=>{A.set('res',r);return 'special';}""}}",Approved stillness/off-screen speaker accepted; important action gaps only those identified in ASSET_GAP_MATRIX. No missing image inferred from empty authored props.
A08:special,INHERITED from selected predecessor,inherit/dynamic — see source and predecessors,"""INHERITED from selected predecessor""",,[],"{""method"": ""SOURCE-ONLY""}","Director dialogue world/UI split; native270x480 env; actor80x96 anchor40,88 unless frozen metadata overrides; inspect source state/shot for seated/child/boss",SOURCE-ONLY,js/data/btf/adventures/w2.js; js/scenes/adventure.js; js/data/art_registry.js; js/data/presentation_assets.js; js/data/btf/environments.js,"{""function"": ""A=>[N(\""blank ticket says THE RICH SPECIAL bro just got here\""),R(\""i dont even know what that is\""),N('you put jollof in the broth anyway. it works.'),N('hina tries it. she does not say anything nice, which from her is everything.'),S('hina',\""menu updated keep moving\"")]""}; route={}; fight={}; minigame={}",Approved stillness/off-screen speaker accepted; important action gaps only those identified in ASSET_GAP_MATRIX. No missing image inferred from empty authored props.
A08:clockout,INHERITED from selected predecessor,inherit/dynamic — see source and predecessors,"""INHERITED from selected predecessor""",,[],"{""method"": ""SOURCE-ONLY""}","Director dialogue world/UI split; native270x480 env; actor80x96 anchor40,88 unless frozen metadata overrides; inspect source state/shot for seated/child/boss",SOURCE-ONLY,js/data/btf/adventures/w2.js; js/scenes/adventure.js; js/data/art_registry.js; js/data/presentation_assets.js; js/data/btf/environments.js,"[[""okada"", ""you survived"", {}], [null, ""okada pays out the coffee can payroll fancy"", {}]]; route={}; fight={}; minigame={}",Approved stillness/off-screen speaker accepted; important action gaps only those identified in ASSET_GAP_MATRIX. No missing image inferred from empty authored props.
SLURP:shift,slurp,assets/before_the_fame/environments/slurp/slurp_dynasty_little_tokyo_270x480.png,"{""left"": ""rich"", ""right"": ""okada""}",left:rich = assets/rich_standing_right.png; right:okada = assets/before_the_fame/characters/okada/mr_okada_neutral_80x96.png,[],"{""env"": ""slurp"", ""placeholder"": false, ""actors"": [{""id"": ""rich"", ""slot"": ""left"", ""src"": ""assets/rich_standing_right.png"", ""placeholder"": false, ""loaded"": true, ""rect"": {""x"": -17.734375, ""y"": 94, ""width"": 320, ""height"": 384, ""top"": 94, ""right"": 302.265625, ""bottom"": 478, ""left"": -17.734375}, ""flip"": """"}, {""id"": ""okada"", ""slot"": ""right"", ""src"": ""assets/before_the_fame/characters/okada/mr_okada_neutral_80x96.png"", ""placeholder"": false, ""loaded"": true, ""rect"": {""x"": 178.25, ""y"": 94, ""width"": 320, ""height"": 384, ""top"": 94, ""right"": 498.25, ""bottom"": 478, ""left"": 178.25}, ""flip"": """"}]}","Director dialogue world/UI split; native270x480 env; actor80x96 anchor40,88 unless frozen metadata overrides; inspect source state/shot for seated/child/boss",INSPECTED WITH FIXTURE,js/data/btf/adventures/w2.js; js/scenes/adventure.js; js/data/art_registry.js; js/data/presentation_assets.js; js/data/btf/environments.js,"[[null, ""okada nods fryers scream thats clock in"", {}]]; route={}; fight={}; minigame={""id"": ""slurp"", ""params"": {""function"": ""()=>({hinaBest:RAMinigames.progress('slurp').hinaBest||0,kevinChance:RALife.done('A18')?0.06:0})""}, ""next"": {""function"": ""(A,r)=>{A.set('res',r);return 'done';}""}}",Approved stillness/off-screen speaker accepted; important action gaps only those identified in ASSET_GAP_MATRIX. No missing image inferred from empty authored props.
SLURP:done,INHERITED from selected predecessor,inherit/dynamic — see source and predecessors,"""INHERITED from selected predecessor""",,[],"{""method"": ""SOURCE-ONLY""}","Director dialogue world/UI split; native270x480 env; actor80x96 anchor40,88 unless frozen metadata overrides; inspect source state/shot for seated/child/boss",SOURCE-ONLY,js/data/btf/adventures/w2.js; js/scenes/adventure.js; js/data/art_registry.js; js/data/presentation_assets.js; js/data/btf/environments.js,[]; route={}; fight={}; minigame={},Approved stillness/off-screen speaker accepted; important action gaps only those identified in ASSET_GAP_MATRIX. No missing image inferred from empty authored props.
RC3_FIGHT:brief,street_night,assets/before_the_fame/environments/street_night/street_night_270x480.png,"{""left"": ""rich"", ""right"": ""smallie_cousin""}",left:rich = assets/rich_standing_right.png; right:smallie_cousin = assets/build4/p_d/p_d_smallie_cousin_80x96.png,[],"{""env"": ""street_night"", ""placeholder"": false, ""actors"": [{""id"": ""rich"", ""slot"": ""left"", ""src"": ""assets/rich_standing_right.png"", ""placeholder"": false, ""loaded"": true, ""rect"": {""x"": -2.90625, ""y"": 191, ""width"": 213.765625, ""height"": 256.53125, ""top"": 191, ""right"": 210.859375, ""bottom"": 447.53125, ""left"": -2.90625}, ""flip"": """"}, {""id"": ""smallie_cousin"", ""slot"": ""right"", ""src"": ""inline PNG generated by registered frozen-asset loader; see asset census"", ""placeholder"": false, ""loaded"": true, ""rect"": {""x"": 179.078125, ""y"": 191, ""width"": 213.765625, ""height"": 256.53125, ""top"": 191, ""right"": 392.84375, ""bottom"": 447.53125, ""left"": 179.078125}, ""flip"": """"}]}","Director dialogue world/UI split; native270x480 env; actor80x96 anchor40,88 unless frozen metadata overrides; inspect source state/shot for seated/child/boss",INSPECTED WITH FIXTURE,js/systems/rc3.js; js/scenes/adventure.js; js/data/art_registry.js; js/data/presentation_assets.js; js/data/btf/environments.js,"[[null, ""crew blocked clear the street then collect"", {}]]; route={}; fight={}; minigame={}",Approved stillness/off-screen speaker accepted; important action gaps only those identified in ASSET_GAP_MATRIX. No missing image inferred from empty authored props.
RC3_FIGHT:fight,INHERITED from selected predecessor,inherit/dynamic — see source and predecessors,"""INHERITED from selected predecessor""",,[],"{""method"": ""SOURCE-ONLY""}","Director dialogue world/UI split; native270x480 env; actor80x96 anchor40,88 unless frozen metadata overrides; inspect source state/shot for seated/child/boss",SOURCE-ONLY,js/systems/rc3.js; js/scenes/adventure.js; js/data/art_registry.js; js/data/presentation_assets.js; js/data/btf/environments.js,"[]; route={}; fight={""enemy"": ""smallie_cousin"", ""params"": {""env"": ""street_night""}, ""win"": ""done"", ""lose"": ""retry"", ""run"": ""retry""}; minigame={}",Approved stillness/off-screen speaker accepted; important action gaps only those identified in ASSET_GAP_MATRIX. No missing image inferred from empty authored props.
RC3_FIGHT:retry,INHERITED from selected predecessor,inherit/dynamic — see source and predecessors,"""INHERITED from selected predecessor""",,[],"{""method"": ""SOURCE-ONLY""}","Director dialogue world/UI split; native270x480 env; actor80x96 anchor40,88 unless frozen metadata overrides; inspect source state/shot for seated/child/boss",SOURCE-ONLY,js/systems/rc3.js; js/scenes/adventure.js; js/data/art_registry.js; js/data/presentation_assets.js; js/data/btf/environments.js,"[[null, ""street still blocked bro run it back"", {}]]; route={}; fight={}; minigame={}",Approved stillness/off-screen speaker accepted; important action gaps only those identified in ASSET_GAP_MATRIX. No missing image inferred from empty authored props.
RC3_FIGHT:done,INHERITED from selected predecessor,inherit/dynamic — see source and predecessors,"""INHERITED from selected predecessor""",,[],"{""method"": ""SOURCE-ONLY""}","Director dialogue world/UI split; native270x480 env; actor80x96 anchor40,88 unless frozen metadata overrides; inspect source state/shot for seated/child/boss",SOURCE-ONLY,js/systems/rc3.js; js/scenes/adventure.js; js/data/art_registry.js; js/data/presentation_assets.js; js/data/btf/environments.js,[]; route={}; fight={}; minigame={},Approved stillness/off-screen speaker accepted; important action gaps only those identified in ASSET_GAP_MATRIX. No missing image inferred from empty authored props.
F15_ROXY_L1:bing,f15_bing,assets/f15/environments/the_bing_270x480.png,"{""function"": ""()=>stage(R)""}",,[],"{""env"": ""f15_bing"", ""placeholder"": false, ""actors"": [{""id"": ""rich"", ""slot"": ""left"", ""src"": ""assets/rich_standing_right.png"", ""placeholder"": false, ""loaded"": true, ""rect"": {""x"": -16.234375, ""y"": 137, ""width"": 280.84375, ""height"": 337, ""top"": 137, ""right"": 264.609375, ""bottom"": 474, ""left"": -16.234375}, ""flip"": """"}, {""id"": ""roxy"", ""slot"": ""right"", ""src"": ""inline PNG generated by registered frozen-asset loader; see asset census"", ""placeholder"": false, ""loaded"": true, ""rect"": {""x"": 165.578125, ""y"": 137, ""width"": 280.84375, ""height"": 337, ""top"": 137, ""right"": 446.421875, ""bottom"": 474, ""left"": 165.578125}, ""flip"": """"}]}","Director dialogue world/UI split; native270x480 env; actor80x96 anchor40,88 unless frozen metadata overrides; inspect source state/shot for seated/child/boss",INSPECTED WITH FIXTURE,js/frag/F15/roxy.js; js/scenes/adventure.js; js/data/art_registry.js; js/data/presentation_assets.js; js/data/btf/environments.js,"[[null, ""lights up roxy pulls up in a hoodie like the date already booked"", {}], [""roxy"", ""you throw on beat"", {}], [""roxy"", ""most dudes just spray you got aim"", {}], [""roxy"", ""best ratio in the room respect"", {}], [""rich"", ""damn girl i didn’t know i was being graded"", {""canon"": true, ""ube"": true}], [""roxy"", ""yeah you getting graded now"", {}], [""roxy"", ""im hungry you coming"", {}], [""roxy"", ""off the clock i pick"", {}]]; route={}; fight={}; minigame={}",Approved stillness/off-screen speaker accepted; important action gaps only those identified in ASSET_GAP_MATRIX. No missing image inferred from empty authored props.
F15_ROXY_L1:declined,INHERITED from selected predecessor,inherit/dynamic — see source and predecessors,"""INHERITED from selected predecessor""",,[],"{""method"": ""SOURCE-ONLY""}","Director dialogue world/UI split; native270x480 env; actor80x96 anchor40,88 unless frozen metadata overrides; inspect source state/shot for seated/child/boss",SOURCE-ONLY,js/frag/F15/roxy.js; js/scenes/adventure.js; js/data/art_registry.js; js/data/presentation_assets.js; js/data/btf/environments.js,[]; route={}; fight={}; minigame={},Approved stillness/off-screen speaker accepted; important action gaps only those identified in ASSET_GAP_MATRIX. No missing image inferred from empty authored props.
F15_ROXY_L1:waffle,waffle_haven,assets/before_the_fame/environments/waffle_haven/waffle_haven_1am_270x480.png,"{""function"": ""()=>stage(R)""}",,[],"{""env"": ""waffle_haven"", ""placeholder"": false, ""actors"": [{""id"": ""rich"", ""slot"": ""left"", ""src"": ""assets/rich_standing_right.png"", ""placeholder"": false, ""loaded"": true, ""rect"": {""x"": -16.234375, ""y"": 137, ""width"": 280.84375, ""height"": 337, ""top"": 137, ""right"": 264.609375, ""bottom"": 474, ""left"": -16.234375}, ""flip"": """"}, {""id"": ""roxy"", ""slot"": ""right"", ""src"": ""inline PNG generated by registered frozen-asset loader; see asset census"", ""placeholder"": false, ""loaded"": true, ""rect"": {""x"": 165.578125, ""y"": 137, ""width"": 280.84375, ""height"": 337, ""top"": 137, ""right"": 446.421875, ""bottom"": 474, ""left"": 165.578125}, ""flip"": """"}]}","Director dialogue world/UI split; native270x480 env; actor80x96 anchor40,88 unless frozen metadata overrides; inspect source state/shot for seated/child/boss",INSPECTED WITH FIXTURE,js/frag/F15/roxy.js; js/scenes/adventure.js; js/data/art_registry.js; js/data/presentation_assets.js; js/data/btf/environments.js,"[[null, ""roxy orders rich still reading the menu"", {}], [""roxy"", ""forty seconds for waffles? pick bro"", {}], [""rich"", ""good taste, waffles too"", {""canon"": true, ""ube"": true}], [null, ""stats textbook in her bag this date got homework"", {}]]; route={}; fight={}; minigame={}",Approved stillness/off-screen speaker accepted; important action gaps only those identified in ASSET_GAP_MATRIX. No missing image inferred from empty authored props.
F15_ROXY_L1:club,INHERITED from selected predecessor,inherit/dynamic — see source and predecessors,"""INHERITED from selected predecessor""",,[],"{""method"": ""SOURCE-ONLY""}","Director dialogue world/UI split; native270x480 env; actor80x96 anchor40,88 unless frozen metadata overrides; inspect source state/shot for seated/child/boss",INSPECTED WITH FIXTURE,js/frag/F15/roxy.js; js/scenes/adventure.js; js/data/art_registry.js; js/data/presentation_assets.js; js/data/btf/environments.js,"[[""roxy"", ""my hours my money my call"", {}]]; route={}; fight={}; minigame={}",Approved stillness/off-screen speaker accepted; important action gaps only those identified in ASSET_GAP_MATRIX. No missing image inferred from empty authored props.
F15_ROXY_L1:textbook,INHERITED from selected predecessor,inherit/dynamic — see source and predecessors,"""INHERITED from selected predecessor""",,[],"{""method"": ""SOURCE-ONLY""}","Director dialogue world/UI split; native270x480 env; actor80x96 anchor40,88 unless frozen metadata overrides; inspect source state/shot for seated/child/boss",SOURCE-ONLY,js/frag/F15/roxy.js; js/scenes/adventure.js; js/data/art_registry.js; js/data/presentation_assets.js; js/data/btf/environments.js,"[[""roxy"", ""data science is patterns people aint random"", {}], [""roxy"", ""same booth left hand first every time you predictable"", {}]]; route={}; fight={}; minigame={}",Approved stillness/off-screen speaker accepted; important action gaps only those identified in ASSET_GAP_MATRIX. No missing image inferred from empty authored props.
F15_ROXY_L1:both,INHERITED from selected predecessor,inherit/dynamic — see source and predecessors,"""INHERITED from selected predecessor""",,[],"{""method"": ""SOURCE-ONLY""}","Director dialogue world/UI split; native270x480 env; actor80x96 anchor40,88 unless frozen metadata overrides; inspect source state/shot for seated/child/boss",INSPECTED WITH FIXTURE,js/frag/F15/roxy.js; js/scenes/adventure.js; js/data/art_registry.js; js/data/presentation_assets.js; js/data/btf/environments.js,"[[""roxy"", ""every shift pays for my future"", {}], [""roxy"", ""no loans no cosigner nobody gets a cut"", {}], [null, ""roxy steals a fry like interest due"", {}], [null, ""check lands rich reaches"", {}]]; route={}; fight={}; minigame={}",Approved stillness/off-screen speaker accepted; important action gaps only those identified in ASSET_GAP_MATRIX. No missing image inferred from empty authored props.
F15_ROXY_L1:check,INHERITED from selected predecessor,inherit/dynamic — see source and predecessors,"""INHERITED from selected predecessor""",,[],"{""method"": ""SOURCE-ONLY""}","Director dialogue world/UI split; native270x480 env; actor80x96 anchor40,88 unless frozen metadata overrides; inspect source state/shot for seated/child/boss",INSPECTED WITH FIXTURE,js/frag/F15/roxy.js; js/scenes/adventure.js; js/data/art_registry.js; js/data/presentation_assets.js; js/data/btf/environments.js,"[[null, ""her card already paid damn"", {}], [""roxy"", ""handled"", {}], [""rich"", ""wait, what no i’ve got it dont worry"", {""canon"": true, ""ube"": true}], [""roxy"", ""you throw all night let somebody else pay"", {}], [""roxy"", ""nobody owes anybody thats the point"", {}], [null, ""number on the receipt she slides it over"", {}], [""roxy"", ""text better than wyd and ill answer"", {}]]; route={}; fight={}; minigame={}",Approved stillness/off-screen speaker accepted; important action gaps only those identified in ASSET_GAP_MATRIX. No missing image inferred from empty authored props.
F15_ROXY_L1:texts,bedroom,assets/rich_bedroom_environment_270x480.png,"{""function"": ""()=>({left:'rich'})""}",,[],"{""env"": ""bedroom"", ""placeholder"": false, ""actors"": [{""id"": ""rich"", ""slot"": ""left"", ""src"": ""assets/rich_standing_right.png"", ""placeholder"": false, ""loaded"": true, ""rect"": {""x"": -3.734375, ""y"": 94, ""width"": 320, ""height"": 384, ""top"": 94, ""right"": 316.265625, ""bottom"": 478, ""left"": -3.734375}, ""flip"": """"}]}","Director dialogue world/UI split; native270x480 env; actor80x96 anchor40,88 unless frozen metadata overrides; inspect source state/shot for seated/child/boss",INSPECTED WITH FIXTURE,js/frag/F15/roxy.js; js/scenes/adventure.js; js/data/art_registry.js; js/data/presentation_assets.js; js/data/btf/environments.js,"[[""rich"", ""i cant say wyd so instead ill say hmm. I really enjoyed spending time with you<3"", {""canon"": true, ""ube"": true}], [""roxy"", ""alright thats decent"", {}], [""roxy"", ""heart doing a lot though"", {}], [""roxy"", ""gym thursday 6 dont be late"", {}], [null, ""roxy saved in your phone now act normal"", {}]]; route={}; fight={}; minigame={}",Approved stillness/off-screen speaker accepted; important action gaps only those identified in ASSET_GAP_MATRIX. No missing image inferred from empty authored props.
F15_ROXY_L1:end,INHERITED from selected predecessor,inherit/dynamic — see source and predecessors,"""INHERITED from selected predecessor""",,[],"{""method"": ""SOURCE-ONLY""}","Director dialogue world/UI split; native270x480 env; actor80x96 anchor40,88 unless frozen metadata overrides; inspect source state/shot for seated/child/boss",SOURCE-ONLY,js/frag/F15/roxy.js; js/scenes/adventure.js; js/data/art_registry.js; js/data/presentation_assets.js; js/data/btf/environments.js,[]; route={}; fight={}; minigame={},Approved stillness/off-screen speaker accepted; important action gaps only those identified in ASSET_GAP_MATRIX. No missing image inferred from empty authored props.
F15_ROXY_L2:gym,f15_gym,assets/f15/environments/boxing_gym_270x480.png,"{""function"": ""()=>stage(R)""}",,[],"{""env"": ""f15_gym"", ""placeholder"": false, ""actors"": [{""id"": ""rich"", ""slot"": ""left"", ""src"": ""assets/rich_standing_right.png"", ""placeholder"": false, ""loaded"": true, ""rect"": {""x"": -16.234375, ""y"": 137, ""width"": 280.84375, ""height"": 337, ""top"": 137, ""right"": 264.609375, ""bottom"": 474, ""left"": -16.234375}, ""flip"": """"}, {""id"": ""roxy"", ""slot"": ""right"", ""src"": ""inline PNG generated by registered frozen-asset loader; see asset census"", ""placeholder"": false, ""loaded"": true, ""rect"": {""x"": 165.578125, ""y"": 137, ""width"": 280.84375, ""height"": 337, ""top"": 137, ""right"": 446.421875, ""bottom"": 474, ""left"": 165.578125}, ""flip"": """"}]}","Director dialogue world/UI split; native270x480 env; actor80x96 anchor40,88 unless frozen metadata overrides; inspect source state/shot for seated/child/boss",INSPECTED WITH FIXTURE,js/frag/F15/roxy.js; js/scenes/adventure.js; js/data/art_registry.js; js/data/presentation_assets.js; js/data/btf/environments.js,"[[null, ""roxy wrapping her hands you late already"", {}], [""roxy"", ""day pass paid dont start"", {}], [""roxy"", ""no biting i know your ass"", {}], [""roxy"", ""light contact first to five clean shots"", {}], [null, ""roxy smiling until rich lands one"", {}], [""roxy"", ""alright now we boxing"", {}], [""roxy"", ""two one me obviously"", {}], [""roxy"", ""three one keep up"", {}], [null, ""rich lands clean she about to dispute it"", {}], [""roxy"", ""that didnt count"", {}], [""rich"", ""damn you can’t take losing at all"", {""canon"": true, ""ube"": true}], [""roxy"", ""losing fine i just dont do it"", {}], [""roxy"", ""run that back"", {}]]; route={}; fight={}; minigame={}",Approved stillness/off-screen speaker accepted; important action gaps only those identified in ASSET_GAP_MATRIX. No missing image inferred from empty authored props.
F15_ROXY_L2:bout,INHERITED from selected predecessor,inherit/dynamic — see source and predecessors,"""INHERITED from selected predecessor""",,[],"{""method"": ""SOURCE-ONLY""}","Director dialogue world/UI split; native270x480 env; actor80x96 anchor40,88 unless frozen metadata overrides; inspect source state/shot for seated/child/boss",SOURCE-ONLY,js/frag/F15/roxy.js; js/scenes/adventure.js; js/data/art_registry.js; js/data/presentation_assets.js; js/data/btf/environments.js,"[]; route={}; fight={""enemy"": ""f15_roxy_spar"", ""params"": {""function"": ""()=>({env:'f15_gym',noPenalty:spar().noPenalty,intro:'FIRST TO FIVE CLEAN SHOTS. LIGHT CONTACT.'})""}, ""win"": ""after"", ""lose"": ""after"", ""spared"": ""after"", ""run"": ""after""}; minigame={}",Approved stillness/off-screen speaker accepted; important action gaps only those identified in ASSET_GAP_MATRIX. No missing image inferred from empty authored props.
F15_ROXY_L2:after,f15_gym,assets/f15/environments/boxing_gym_270x480.png,"{""function"": ""()=>stage(R)""}",,[],"{""env"": ""f15_gym"", ""placeholder"": false, ""actors"": [{""id"": ""rich"", ""slot"": ""left"", ""src"": ""assets/rich_standing_right.png"", ""placeholder"": false, ""loaded"": true, ""rect"": {""x"": -16.234375, ""y"": 137, ""width"": 280.84375, ""height"": 337, ""top"": 137, ""right"": 264.609375, ""bottom"": 474, ""left"": -16.234375}, ""flip"": """"}, {""id"": ""roxy"", ""slot"": ""right"", ""src"": ""inline PNG generated by registered frozen-asset loader; see asset census"", ""placeholder"": false, ""loaded"": true, ""rect"": {""x"": 165.578125, ""y"": 137, ""width"": 280.84375, ""height"": 337, ""top"": 137, ""right"": 446.421875, ""bottom"": 474, ""left"": 165.578125}, ""flip"": """"}]}","Director dialogue world/UI split; native270x480 env; actor80x96 anchor40,88 unless frozen metadata overrides; inspect source state/shot for seated/child/boss",INSPECTED WITH FIXTURE,js/frag/F15/roxy.js; js/scenes/adventure.js; js/data/art_registry.js; js/data/presentation_assets.js; js/data/btf/environments.js,"[[""roxy"", ""five game go think about it"", {}], [""roxy"", ""you drop your left after every jab fourteen times bro"", {}], [""roxy"", ""im fixing that dont take it personal"", {}], [""rich"", ""why are you pocket watching me like that lol"", {""canon"": true, ""ube"": true}], [""roxy"", ""cant pocket watch if i tell you"", {}]]; route={}; fight={}; minigame={}",Approved stillness/off-screen speaker accepted; important action gaps only those identified in ASSET_GAP_MATRIX. No missing image inferred from empty authored props.
F15_ROXY_L2:ramen,little_tokyo,assets/before_the_fame/environments/little_tokyo/little_tokyo_night_270x480.png,"{""function"": ""()=>stage(R)""}",,[],"{""env"": ""little_tokyo"", ""placeholder"": false, ""actors"": [{""id"": ""rich"", ""slot"": ""left"", ""src"": ""assets/rich_standing_right.png"", ""placeholder"": false, ""loaded"": true, ""rect"": {""x"": -16.234375, ""y"": 137, ""width"": 280.84375, ""height"": 337, ""top"": 137, ""right"": 264.609375, ""bottom"": 474, ""left"": -16.234375}, ""flip"": """"}, {""id"": ""roxy"", ""slot"": ""right"", ""src"": ""inline PNG generated by registered frozen-asset loader; see asset census"", ""placeholder"": false, ""loaded"": true, ""rect"": {""x"": 165.578125, ""y"": 137, ""width"": 280.84375, ""height"": 337, ""top"": 137, ""right"": 446.421875, ""bottom"": 474, ""left"": 165.578125}, ""flip"": """"}]}","Director dialogue world/UI split; native270x480 env; actor80x96 anchor40,88 unless frozen metadata overrides; inspect source state/shot for seated/child/boss",INSPECTED WITH FIXTURE,js/frag/F15/roxy.js; js/scenes/adventure.js; js/data/art_registry.js; js/data/presentation_assets.js; js/data/btf/environments.js,"[[null, ""roxy orders ramen rich tries his wallet again"", {}]]; route={}; fight={}; minigame={}",Approved stillness/off-screen speaker accepted; important action gaps only those identified in ASSET_GAP_MATRIX. No missing image inferred from empty authored props.
F15_ROXY_L2:wallet,INHERITED from selected predecessor,inherit/dynamic — see source and predecessors,"""INHERITED from selected predecessor""",,[],"{""method"": ""SOURCE-ONLY""}","Director dialogue world/UI split; native270x480 env; actor80x96 anchor40,88 unless frozen metadata overrides; inspect source state/shot for seated/child/boss",INSPECTED WITH FIXTURE,js/frag/F15/roxy.js; js/scenes/adventure.js; js/data/art_registry.js; js/data/presentation_assets.js; js/data/btf/environments.js,"[[""roxy"", ""put that away before i put it away for you"", {}], [null, ""dog at the window roxy changes her whole voice"", {}], [""roxy"", ""hey baby look at your little face"", {}], [""roxy"", ""animals better than people i got data"", {}], [""roxy"", ""pigs smarter than half my study group goats underrated"", {}], [""roxy"", ""yard and three dogs thats the plan"", {}], [""roxy"", ""love animals"", {}], [""roxy"", ""hate cats"", {}], [""roxy"", ""dont ask me shit"", {}]]; route={}; fight={}; minigame={}",Approved stillness/off-screen speaker accepted; important action gaps only those identified in ASSET_GAP_MATRIX. No missing image inferred from empty authored props.
F15_ROXY_L2:cat,INHERITED from selected predecessor,inherit/dynamic — see source and predecessors,"""INHERITED from selected predecessor""",,[],"{""method"": ""SOURCE-ONLY""}","Director dialogue world/UI split; native270x480 env; actor80x96 anchor40,88 unless frozen metadata overrides; inspect source state/shot for seated/child/boss",INSPECTED WITH FIXTURE,js/frag/F15/roxy.js; js/scenes/adventure.js; js/data/art_registry.js; js/data/presentation_assets.js; js/data/btf/environments.js,"[[""rich"", ""well…all cats aren’t bad."", {""canon"": true, ""ube"": true}], [""roxy"", ""you got a cat dont you"", {}], [""roxy"", ""damn your score just changed"", {}]]; route={}; fight={}; minigame={}",Approved stillness/off-screen speaker accepted; important action gaps only those identified in ASSET_GAP_MATRIX. No missing image inferred from empty authored props.
F15_ROXY_L2:pays,INHERITED from selected predecessor,inherit/dynamic — see source and predecessors,"""INHERITED from selected predecessor""",,[],"{""method"": ""SOURCE-ONLY""}","Director dialogue world/UI split; native270x480 env; actor80x96 anchor40,88 unless frozen metadata overrides; inspect source state/shot for seated/child/boss",INSPECTED WITH FIXTURE,js/frag/F15/roxy.js; js/scenes/adventure.js; js/data/art_registry.js; js/data/presentation_assets.js; js/data/btf/environments.js,"[[null, ""roxy pays again rich getting sponsored"", {}], [""roxy"", ""thursday bring your left hand"", {}]]; route={}; fight={}; minigame={}",Approved stillness/off-screen speaker accepted; important action gaps only those identified in ASSET_GAP_MATRIX. No missing image inferred from empty authored props.
F15_ROXY_L2:end,INHERITED from selected predecessor,inherit/dynamic — see source and predecessors,"""INHERITED from selected predecessor""",,[],"{""method"": ""SOURCE-ONLY""}","Director dialogue world/UI split; native270x480 env; actor80x96 anchor40,88 unless frozen metadata overrides; inspect source state/shot for seated/child/boss",SOURCE-ONLY,js/frag/F15/roxy.js; js/scenes/adventure.js; js/data/art_registry.js; js/data/presentation_assets.js; js/data/btf/environments.js,[]; route={}; fight={}; minigame={},Approved stillness/off-screen speaker accepted; important action gaps only those identified in ASSET_GAP_MATRIX. No missing image inferred from empty authored props.
F15_ROXY_L3:ring,f15_gym,assets/f15/environments/boxing_gym_270x480.png,"{""function"": ""()=>stage(R)""}",,[],"{""env"": ""f15_gym"", ""placeholder"": false, ""actors"": [{""id"": ""rich"", ""slot"": ""left"", ""src"": ""assets/rich_standing_right.png"", ""placeholder"": false, ""loaded"": true, ""rect"": {""x"": -16.234375, ""y"": 137, ""width"": 280.84375, ""height"": 337, ""top"": 137, ""right"": 264.609375, ""bottom"": 474, ""left"": -16.234375}, ""flip"": """"}, {""id"": ""roxy"", ""slot"": ""right"", ""src"": ""inline PNG generated by registered frozen-asset loader; see asset census"", ""placeholder"": false, ""loaded"": true, ""rect"": {""x"": 165.578125, ""y"": 137, ""width"": 280.84375, ""height"": 337, ""top"": 137, ""right"": 446.421875, ""bottom"": 474, ""left"": 165.578125}, ""flip"": """"}]}","Director dialogue world/UI split; native270x480 env; actor80x96 anchor40,88 unless frozen metadata overrides; inspect source state/shot for seated/child/boss",INSPECTED WITH FIXTURE,js/frag/F15/roxy.js; js/scenes/adventure.js; js/data/art_registry.js; js/data/presentation_assets.js; js/data/btf/environments.js,"[[null, ""text just says gym no trash talk this time"", {}], [null, ""roxy in the ring with somebody else"", {}], [null, ""no score calls phone still in her bag"", {}], [null, ""other fighter lands hard"", {}], [null, ""roxy resets her feet doesnt make a sound"", {}], [null, ""bell rings she climbs out slow"", {}], [""rich"", ""Hey Roxy, are you okay?"", {""canon"": true, ""ube"": true}], [""roxy"", ""...I've gotten used to it."", {}], [""roxy"", ""show me your left"", {}], [""roxy"", ""you fix it or what"", {}], [""rich"", ""It’s feeling better..thanks."", {""canon"": true, ""ube"": true}], [""roxy"", ""better aint fixed"", {}], [""roxy"", ""thursday"", {}]]; route={}; fight={}; minigame={}",Approved stillness/off-screen speaker accepted; important action gaps only those identified in ASSET_GAP_MATRIX. No missing image inferred from empty authored props.
F15_ROXY_L3:after,INHERITED from selected predecessor,inherit/dynamic — see source and predecessors,"""INHERITED from selected predecessor""",,[],"{""method"": ""SOURCE-ONLY""}","Director dialogue world/UI split; native270x480 env; actor80x96 anchor40,88 unless frozen metadata overrides; inspect source state/shot for seated/child/boss",INSPECTED WITH FIXTURE,js/frag/F15/roxy.js; js/scenes/adventure.js; js/data/art_registry.js; js/data/presentation_assets.js; js/data/btf/environments.js,"[[null, ""takes the towel keeps it doesnt look up"", {}], [null, ""buys two waters hands rich one"", {}], [""roxy"", ""dont start"", {}], [""roxy"", ""thursday same time you coming right"", {}]]; route={}; fight={}; minigame={}",Approved stillness/off-screen speaker accepted; important action gaps only those identified in ASSET_GAP_MATRIX. No missing image inferred from empty authored props.
F15_ROXY_L3:end,INHERITED from selected predecessor,inherit/dynamic — see source and predecessors,"""INHERITED from selected predecessor""",,[],"{""method"": ""SOURCE-ONLY""}","Director dialogue world/UI split; native270x480 env; actor80x96 anchor40,88 unless frozen metadata overrides; inspect source state/shot for seated/child/boss",SOURCE-ONLY,js/frag/F15/roxy.js; js/scenes/adventure.js; js/data/art_registry.js; js/data/presentation_assets.js; js/data/btf/environments.js,[]; route={}; fight={}; minigame={},Approved stillness/off-screen speaker accepted; important action gaps only those identified in ASSET_GAP_MATRIX. No missing image inferred from empty authored props.
F15_ROXY_L4:texts,bedroom,assets/rich_bedroom_environment_270x480.png,"{""function"": ""()=>({left:'rich'})""}",,[],"{""env"": ""bedroom"", ""placeholder"": false, ""actors"": [{""id"": ""rich"", ""slot"": ""left"", ""src"": ""assets/rich_standing_right.png"", ""placeholder"": false, ""loaded"": true, ""rect"": {""x"": -3.734375, ""y"": 94, ""width"": 320, ""height"": 384, ""top"": 94, ""right"": 316.265625, ""bottom"": 478, ""left"": -3.734375}, ""flip"": """"}]}","Director dialogue world/UI split; native270x480 env; actor80x96 anchor40,88 unless frozen metadata overrides; inspect source state/shot for seated/child/boss",INSPECTED WITH FIXTURE,js/frag/F15/roxy.js; js/scenes/adventure.js; js/data/art_registry.js; js/data/presentation_assets.js; js/data/btf/environments.js,"[[""roxy"", ""cant do thursday"", {}], [""rich"", ""What happened - you good?"", {""canon"": true, ""ube"": true}], [""roxy"", ""sick im fine stop"", {}], [null, ""address sent guess you going"", {}], [""roxy"", ""dont make it weird"", {}]]; route={}; fight={}; minigame={}",Approved stillness/off-screen speaker accepted; important action gaps only those identified in ASSET_GAP_MATRIX. No missing image inferred from empty authored props.
F15_ROXY_L4:door,f15_roxy_apartment,assets/f15/environments/roxy_apartment_270x480.png,"{""function"": ""()=>stage(R)""}",,[],"{""env"": ""f15_roxy_apartment"", ""placeholder"": false, ""actors"": [{""id"": ""rich"", ""slot"": ""left"", ""src"": ""assets/rich_standing_right.png"", ""placeholder"": false, ""loaded"": true, ""rect"": {""x"": -16.234375, ""y"": 137, ""width"": 280.84375, ""height"": 337, ""top"": 137, ""right"": 264.609375, ""bottom"": 474, ""left"": -16.234375}, ""flip"": """"}, {""id"": ""roxy"", ""slot"": ""right"", ""src"": ""inline PNG generated by registered frozen-asset loader; see asset census"", ""placeholder"": false, ""loaded"": true, ""rect"": {""x"": 165.578125, ""y"": 137, ""width"": 280.84375, ""height"": 337, ""top"": 137, ""right"": 446.421875, ""bottom"": 474, ""left"": 165.578125}, ""flip"": """"}]}","Director dialogue world/UI split; native270x480 env; actor80x96 anchor40,88 unless frozen metadata overrides; inspect source state/shot for seated/child/boss",INSPECTED WITH FIXTURE,js/frag/F15/roxy.js; js/scenes/adventure.js; js/data/art_registry.js; js/data/presentation_assets.js; js/data/btf/environments.js,"[[null, ""rich brings beef curry cubes big as fists"", {}], [null, ""roxy answers wrapped in a blanket"", {}], [""roxy"", ""food? damn you made it weird"", {}], [""roxy"", ""why the beef built like that"", {}], [""roxy"", ""dont change it though"", {}], [null, ""semester countdown dog calendar gloves by the door thats roxy"", {}], [null, ""she eats then reaches for her phone"", {}], [""roxy"", ""how much"", {}], [""rich"", ""Roxy i got this please - my ego needs this"", {""canon"": true, ""ube"": true}], [""roxy"", ""your ego gonna live"", {}], [""roxy"", ""im paying dont argue with a sick woman"", {}], [null, ""amount typed thumb over send"", {}], [""roxy"", ""pick a terrible vampire movie"", {}], [null, ""movie vampire hisses at a cross"", {}], [""roxy"", ""yall really do that"", {}], [""roxy"", ""writing that down"", {}], [null, ""second movie her head on richs shoulder payment still unsent"", {}], [null, ""roxy asleep finally off the clock"", {}]]; route={}; fight={}; minigame={}",Approved stillness/off-screen speaker accepted; important action gaps only those identified in ASSET_GAP_MATRIX. No missing image inferred from empty authored props.
F15_ROXY_L4:wake,INHERITED from selected predecessor,inherit/dynamic — see source and predecessors,"""INHERITED from selected predecessor""",,[],"{""method"": ""SOURCE-ONLY""}","Director dialogue world/UI split; native270x480 env; actor80x96 anchor40,88 unless frozen metadata overrides; inspect source state/shot for seated/child/boss",INSPECTED WITH FIXTURE,js/frag/F15/roxy.js; js/scenes/adventure.js; js/data/art_registry.js; js/data/presentation_assets.js; js/data/btf/environments.js,"[[null, ""credits roxy sees the payment never sent"", {}], [null, ""leaves the phone alone"", {}], [""roxy"", ""you stayed huh"", {}], [""roxy"", ""stay for the next one if you want"", {}], [""roxy"", ""dont read into it"", {}], [""roxy"", ""okay a little"", {}], [null, ""looks at his mouth hides hers in the blanket"", {}], [""roxy"", ""id kiss you but im contagious"", {}], [""roxy"", ""rain check my treat"", {}], [""rich"", ""I love being sick, it was actually my major in college."", {""canon"": true, ""ube"": true}], [null, ""laugh turns into a cough"", {}], [""roxy"", ""dont make me laugh im sick as hell"", {}], [null, ""next movie starts"", {}]]; route={}; fight={}; minigame={}",Approved stillness/off-screen speaker accepted; important action gaps only those identified in ASSET_GAP_MATRIX. No missing image inferred from empty authored props.
F15_ROXY_L4:end,INHERITED from selected predecessor,inherit/dynamic — see source and predecessors,"""INHERITED from selected predecessor""",,[],"{""method"": ""SOURCE-ONLY""}","Director dialogue world/UI split; native270x480 env; actor80x96 anchor40,88 unless frozen metadata overrides; inspect source state/shot for seated/child/boss",SOURCE-ONLY,js/frag/F15/roxy.js; js/scenes/adventure.js; js/data/art_registry.js; js/data/presentation_assets.js; js/data/btf/environments.js,[]; route={}; fight={}; minigame={},Approved stillness/off-screen speaker accepted; important action gaps only those identified in ASSET_GAP_MATRIX. No missing image inferred from empty authored props.
F15_ROSALYN_L1:bing,f15_bing,assets/f15/environments/the_bing_270x480.png,"{""function"": ""()=>stage(R)""}",,[],"{""env"": ""f15_bing"", ""placeholder"": false, ""actors"": [{""id"": ""rich"", ""slot"": ""left"", ""src"": ""assets/rich_standing_right.png"", ""placeholder"": false, ""loaded"": true, ""rect"": {""x"": -2.90625, ""y"": 191, ""width"": 213.765625, ""height"": 256.53125, ""top"": 191, ""right"": 210.859375, ""bottom"": 447.53125, ""left"": -2.90625}, ""flip"": """"}, {""id"": ""rosalyn"", ""slot"": ""right"", ""src"": ""inline PNG generated by registered frozen-asset loader; see asset census"", ""placeholder"": false, ""loaded"": true, ""rect"": {""x"": 179.078125, ""y"": 191, ""width"": 213.765625, ""height"": 256.53125, ""top"": 191, ""right"": 392.84375, ""bottom"": 447.53125, ""left"": 179.078125}, ""flip"": """"}]}","Director dialogue world/UI split; native270x480 env; actor80x96 anchor40,88 unless frozen metadata overrides; inspect source state/shot for seated/child/boss",INSPECTED WITH FIXTURE,js/frag/F15/rosalyn.js; js/scenes/adventure.js; js/data/art_registry.js; js/data/presentation_assets.js; js/data/btf/environments.js,[]; route={}; fight={}; minigame={},Approved stillness/off-screen speaker accepted; important action gaps only those identified in ASSET_GAP_MATRIX. No missing image inferred from empty authored props.
F15_ROSALYN_L1:yes,INHERITED from selected predecessor,inherit/dynamic — see source and predecessors,"""INHERITED from selected predecessor""",,[],"{""method"": ""SOURCE-ONLY""}","Director dialogue world/UI split; native270x480 env; actor80x96 anchor40,88 unless frozen metadata overrides; inspect source state/shot for seated/child/boss",INSPECTED WITH FIXTURE,js/frag/F15/rosalyn.js; js/scenes/adventure.js; js/data/art_registry.js; js/data/presentation_assets.js; js/data/btf/environments.js,"[[""rosalyn"", ""yeah id like that"", {}], [""rosalyn"", ""you pick wherever you like"", {}]]; route={}; fight={}; minigame={}",Approved stillness/off-screen speaker accepted; important action gaps only those identified in ASSET_GAP_MATRIX. No missing image inferred from empty authored props.
F15_ROSALYN_L1:plenitude,f15_plenitude,assets/f15/environments/plenitude_270x480.png,"{""function"": ""()=>stage(R)""}",,[],"{""env"": ""f15_plenitude"", ""placeholder"": false, ""actors"": [{""id"": ""rich"", ""slot"": ""left"", ""src"": ""assets/rich_standing_right.png"", ""placeholder"": false, ""loaded"": true, ""rect"": {""x"": -2.90625, ""y"": 191, ""width"": 213.765625, ""height"": 256.53125, ""top"": 191, ""right"": 210.859375, ""bottom"": 447.53125, ""left"": -2.90625}, ""flip"": """"}, {""id"": ""rosalyn"", ""slot"": ""right"", ""src"": ""inline PNG generated by registered frozen-asset loader; see asset census"", ""placeholder"": false, ""loaded"": true, ""rect"": {""x"": 179.078125, ""y"": 191, ""width"": 213.765625, ""height"": 256.53125, ""top"": 191, ""right"": 392.84375, ""bottom"": 447.53125, ""left"": 179.078125}, ""flip"": """"}]}","Director dialogue world/UI split; native270x480 env; actor80x96 anchor40,88 unless frozen metadata overrides; inspect source state/shot for seated/child/boss",INSPECTED WITH FIXTURE,js/frag/F15/rosalyn.js; js/scenes/adventure.js; js/data/art_registry.js; js/data/presentation_assets.js; js/data/btf/environments.js,"[[null, ""rosalyn early sits right after rich like shes following a tutorial"", {}], [""rosalyn"", ""perfect you got taste"", {}]]; route={}; fight={}; minigame={}",Approved stillness/off-screen speaker accepted; important action gaps only those identified in ASSET_GAP_MATRIX. No missing image inferred from empty authored props.
F15_ROSALYN_L1:order,INHERITED from selected predecessor,inherit/dynamic — see source and predecessors,"""INHERITED from selected predecessor""",,[],"{""method"": ""SOURCE-ONLY""}","Director dialogue world/UI split; native270x480 env; actor80x96 anchor40,88 unless frozen metadata overrides; inspect source state/shot for seated/child/boss",INSPECTED WITH FIXTURE,js/frag/F15/rosalyn.js; js/scenes/adventure.js; js/data/art_registry.js; js/data/presentation_assets.js; js/data/btf/environments.js,"[[""rosalyn"", ""ill have the same"", {}], [null, ""bright lock screen flipped down fast"", {}], [""rosalyn"", ""tell me about you"", {}]]; route={}; fight={}; minigame={}",Approved stillness/off-screen speaker accepted; important action gaps only those identified in ASSET_GAP_MATRIX. No missing image inferred from empty authored props.
F15_ROSALYN_L1:opinion,INHERITED from selected predecessor,inherit/dynamic — see source and predecessors,"""INHERITED from selected predecessor""",,[],"{""method"": ""SOURCE-ONLY""}","Director dialogue world/UI split; native270x480 env; actor80x96 anchor40,88 unless frozen metadata overrides; inspect source state/shot for seated/child/boss",INSPECTED WITH FIXTURE,js/frag/F15/rosalyn.js; js/scenes/adventure.js; js/data/art_registry.js; js/data/presentation_assets.js; js/data/btf/environments.js,"[[""rich"", ""I think there’s aliens in the ocean and that turkey is overrated - you have to use a wet brine."", {""canon"": true, ""ube"": true}], [""rosalyn"", ""honestly same"", {}], [""rosalyn"", ""i like what you like"", {}], [null, ""same smile three minutes later copy paste"", {}]]; route={}; fight={}; minigame={}",Approved stillness/off-screen speaker accepted; important action gaps only those identified in ASSET_GAP_MATRIX. No missing image inferred from empty authored props.
F15_ROSALYN_L1:test,INHERITED from selected predecessor,inherit/dynamic — see source and predecessors,"""INHERITED from selected predecessor""",,[],"{""method"": ""SOURCE-ONLY""}","Director dialogue world/UI split; native270x480 env; actor80x96 anchor40,88 unless frozen metadata overrides; inspect source state/shot for seated/child/boss",INSPECTED WITH FIXTURE,js/frag/F15/rosalyn.js; js/scenes/adventure.js; js/data/art_registry.js; js/data/presentation_assets.js; js/data/btf/environments.js,"[[""rich"", ""I think hand sanitizer is one of the most slept on baking ingredients."", {""canon"": true, ""ube"": true}], [""rosalyn"", ""thats so true"", {}], [""rosalyn"", ""been saying that"", {}], [null, ""check lands rich reaches"", {}]]; route={}; fight={}; minigame={}",Approved stillness/off-screen speaker accepted; important action gaps only those identified in ASSET_GAP_MATRIX. No missing image inferred from empty authored props.
F15_ROSALYN_L1:split,INHERITED from selected predecessor,inherit/dynamic — see source and predecessors,"""INHERITED from selected predecessor""",,[],"{""method"": ""SOURCE-ONLY""}","Director dialogue world/UI split; native270x480 env; actor80x96 anchor40,88 unless frozen metadata overrides; inspect source state/shot for seated/child/boss",INSPECTED WITH FIXTURE,js/frag/F15/rosalyn.js; js/scenes/adventure.js; js/data/art_registry.js; js/data/presentation_assets.js; js/data/btf/environments.js,"[[""rich"", ""Thanks for coming out - I got the check."", {""canon"": true, ""ube"": true}], [""rosalyn"", ""nah we splitting"", {}], [null, ""calculator already open romance with receipts"", {}], [""rosalyn"", ""$212.47 half is $106.235"", {}], [""rosalyn"", ""ill take the extra cent"", {}], [null, ""she pays $106.24 his half $106.23 damn exact"", {}], [""rosalyn"", ""there we even"", {}], [null, ""first real smile of the night one cent did that"", {}], [""rosalyn"", ""perfect night text whenever 😊"", {}], [null, ""two receipts one cent apart"", {}], [""rich"", ""...something felt off."", {""canon"": true, ""thought"": true}]]; route={}; fight={}; minigame={}",Approved stillness/off-screen speaker accepted; important action gaps only those identified in ASSET_GAP_MATRIX. No missing image inferred from empty authored props.
F15_ROSALYN_L1:end,INHERITED from selected predecessor,inherit/dynamic — see source and predecessors,"""INHERITED from selected predecessor""",,[],"{""method"": ""SOURCE-ONLY""}","Director dialogue world/UI split; native270x480 env; actor80x96 anchor40,88 unless frozen metadata overrides; inspect source state/shot for seated/child/boss",SOURCE-ONLY,js/frag/F15/rosalyn.js; js/scenes/adventure.js; js/data/art_registry.js; js/data/presentation_assets.js; js/data/btf/environments.js,[]; route={}; fight={}; minigame={},Approved stillness/off-screen speaker accepted; important action gaps only those identified in ASSET_GAP_MATRIX. No missing image inferred from empty authored props.
F15_ROSALYN_L2:boba,boba_shop,assets/before_the_fame/environments/boba_shop/boba_shop_night_270x480.png,"{""function"": ""()=>stage(R)""}",,[],"{""env"": ""boba_shop"", ""placeholder"": false, ""actors"": [{""id"": ""rich"", ""slot"": ""left"", ""src"": ""assets/rich_standing_right.png"", ""placeholder"": false, ""loaded"": true, ""rect"": {""x"": -2.90625, ""y"": 191, ""width"": 213.765625, ""height"": 256.53125, ""top"": 191, ""right"": 210.859375, ""bottom"": 447.53125, ""left"": -2.90625}, ""flip"": """"}, {""id"": ""rosalyn"", ""slot"": ""right"", ""src"": ""inline PNG generated by registered frozen-asset loader; see asset census"", ""placeholder"": false, ""loaded"": true, ""rect"": {""x"": 179.078125, ""y"": 191, ""width"": 213.765625, ""height"": 256.53125, ""top"": 191, ""right"": 392.84375, ""bottom"": 447.53125, ""left"": 179.078125}, ""flip"": """"}]}","Director dialogue world/UI split; native270x480 env; actor80x96 anchor40,88 unless frozen metadata overrides; inspect source state/shot for seated/child/boss",INSPECTED WITH FIXTURE,js/frag/F15/rosalyn.js; js/scenes/adventure.js; js/data/art_registry.js; js/data/presentation_assets.js; js/data/btf/environments.js,"[[null, ""same boba as rich kiki side eyes both cups"", {}], [""rosalyn"", ""cute spot you got taste"", {}], [null, ""every answer still a mirror"", {}]]; route={}; fight={}; minigame={}",Approved stillness/off-screen speaker accepted; important action gaps only those identified in ASSET_GAP_MATRIX. No missing image inferred from empty authored props.
F15_ROSALYN_L2:yuck,INHERITED from selected predecessor,inherit/dynamic — see source and predecessors,"""INHERITED from selected predecessor""",,[],"{""method"": ""SOURCE-ONLY""}","Director dialogue world/UI split; native270x480 env; actor80x96 anchor40,88 unless frozen metadata overrides; inspect source state/shot for seated/child/boss",INSPECTED WITH FIXTURE,js/frag/F15/rosalyn.js; js/scenes/adventure.js; js/data/art_registry.js; js/data/presentation_assets.js; js/data/btf/environments.js,"[[""rich"", ""Have you seen the new Yuck Wars movie? It just came out today."", {""canon"": true, ""ube"": true}], [null, ""rosalyns straw stops midair"", {}], [""rosalyn"", ""you know it came out today"", {}], [""rosalyn"", ""midnight show then nine am dont judge"", {}], [""rosalyn"", ""which era? pearman cool but snake king xanther the real shit"", {}], [""rosalyn"", ""pomelopete had a point i got a whole document"", {}], [""rosalyn"", ""best on the vine thats the line everybody fucks it up"", {}], [null, ""she drawing diagrams with both hands now"", {}], [null, ""hears herself say document damn"", {}], [null, ""next table listening kiki too"", {}], [""rosalyn"", ""i know a normal amount okay"", {}], [null, ""stands counts out half the bill even while panicking"", {}], [""rosalyn"", ""i gotta go theres a thing"", {}], [null, ""gone bell still swinging"", {}]]; route={}; fight={}; minigame={}",Approved stillness/off-screen speaker accepted; important action gaps only those identified in ASSET_GAP_MATRIX. No missing image inferred from empty authored props.
F15_ROSALYN_L2:texts,bedroom,assets/rich_bedroom_environment_270x480.png,"{""function"": ""()=>({left:'rich'})""}",,[],"{""env"": ""bedroom"", ""placeholder"": false, ""actors"": [{""id"": ""rich"", ""slot"": ""left"", ""src"": ""assets/rich_standing_right.png"", ""placeholder"": false, ""loaded"": true, ""rect"": {""x"": -3.734375, ""y"": 94, ""width"": 320, ""height"": 384, ""top"": 94, ""right"": 316.265625, ""bottom"": 478, ""left"": -3.734375}, ""flip"": """"}]}","Director dialogue world/UI split; native270x480 env; actor80x96 anchor40,88 unless frozen metadata overrides; inspect source state/shot for seated/child/boss",INSPECTED WITH FIXTURE,js/frag/F15/rosalyn.js; js/scenes/adventure.js; js/data/art_registry.js; js/data/presentation_assets.js; js/data/btf/environments.js,"[[""rosalyn"", ""sorry i dont usually talk that much 😊"", {}], [""rich"", ""i liked it when you talked that much"", {""canon"": true, ""ube"": true}], [""rosalyn"", ""okay"", {}], [null, ""lowercase no emoji this ones hers"", {}]]; route={}; fight={}; minigame={}",Approved stillness/off-screen speaker accepted; important action gaps only those identified in ASSET_GAP_MATRIX. No missing image inferred from empty authored props.
F15_ROSALYN_L2:end,INHERITED from selected predecessor,inherit/dynamic — see source and predecessors,"""INHERITED from selected predecessor""",,[],"{""method"": ""SOURCE-ONLY""}","Director dialogue world/UI split; native270x480 env; actor80x96 anchor40,88 unless frozen metadata overrides; inspect source state/shot for seated/child/boss",SOURCE-ONLY,js/frag/F15/rosalyn.js; js/scenes/adventure.js; js/data/art_registry.js; js/data/presentation_assets.js; js/data/btf/environments.js,[]; route={}; fight={}; minigame={},Approved stillness/off-screen speaker accepted; important action gaps only those identified in ASSET_GAP_MATRIX. No missing image inferred from empty authored props.
F15_ROSALYN_L3:hall,f15_convention,assets/f15/environments/convention_hall_270x480.png,"{""function"": ""()=>stage(R)""}",,[],"{""env"": ""f15_convention"", ""placeholder"": false, ""actors"": [{""id"": ""rich"", ""slot"": ""left"", ""src"": ""assets/rich_standing_right.png"", ""placeholder"": false, ""loaded"": true, ""rect"": {""x"": -2.90625, ""y"": 191, ""width"": 213.765625, ""height"": 256.53125, ""top"": 191, ""right"": 210.859375, ""bottom"": 447.53125, ""left"": -2.90625}, ""flip"": """"}, {""id"": ""rosalyn"", ""slot"": ""right"", ""src"": ""inline PNG generated by registered frozen-asset loader; see asset census"", ""placeholder"": false, ""loaded"": true, ""rect"": {""x"": 179.078125, ""y"": 191, ""width"": 213.765625, ""height"": 256.53125, ""top"": 191, ""right"": 392.84375, ""bottom"": 447.53125, ""left"": 179.078125}, ""flip"": """"}]}","Director dialogue world/UI split; native270x480 env; actor80x96 anchor40,88 unless frozen metadata overrides; inspect source state/shot for seated/child/boss",INSPECTED WITH FIXTURE,js/frag/F15/rosalyn.js; js/scenes/adventure.js; js/data/art_registry.js; js/data/presentation_assets.js; js/data/btf/environments.js,"[[null, ""tristan disappears pearman forty feet tall everywhere"", {}], [null, ""snake king xanther costume by the booth seams all right"", {}], [null, ""glasses under the costume"", {}], [null, ""rosalyn arguing about a three eye cat hat"", {}], [""rosalyn"", ""third eye faces left bro hold this"", {}], [null, ""laughing snorting doesnt care who hears"", {}], [null, ""same girl who said same to everything"", {}]]; route={}; fight={}; minigame={}",Approved stillness/off-screen speaker accepted; important action gaps only those identified in ASSET_GAP_MATRIX. No missing image inferred from empty authored props.
F15_ROSALYN_L3:name,INHERITED from selected predecessor,inherit/dynamic — see source and predecessors,"""INHERITED from selected predecessor""",,[],"{""method"": ""SOURCE-ONLY""}","Director dialogue world/UI split; native270x480 env; actor80x96 anchor40,88 unless frozen metadata overrides; inspect source state/shot for seated/child/boss",SOURCE-ONLY,js/frag/F15/rosalyn.js; js/scenes/adventure.js; js/data/art_registry.js; js/data/presentation_assets.js; js/data/btf/environments.js,"[[""rich"", ""Rosalyn - girl is that you?"", {""canon"": true, ""ube"": true}]]; route={}; fight={}; minigame={}",Approved stillness/off-screen speaker accepted; important action gaps only those identified in ASSET_GAP_MATRIX. No missing image inferred from empty authored props.
F15_ROSALYN_L3:seen,INHERITED from selected predecessor,inherit/dynamic — see source and predecessors,"""INHERITED from selected predecessor""",,[],"{""method"": ""SOURCE-ONLY""}","Director dialogue world/UI split; native270x480 env; actor80x96 anchor40,88 unless frozen metadata overrides; inspect source state/shot for seated/child/boss",INSPECTED WITH FIXTURE,js/frag/F15/rosalyn.js; js/scenes/adventure.js; js/data/art_registry.js; js/data/presentation_assets.js; js/data/btf/environments.js,"[[null, ""she sees rich freezes"", {}], [null, ""runs cape and all"", {}]]; route={}; fight={}; minigame={}",Approved stillness/off-screen speaker accepted; important action gaps only those identified in ASSET_GAP_MATRIX. No missing image inferred from empty authored props.
F15_ROSALYN_L3:texts,bedroom,assets/rich_bedroom_environment_270x480.png,"{""function"": ""()=>({left:'rich'})""}",,[],"{""env"": ""bedroom"", ""placeholder"": false, ""actors"": [{""id"": ""rich"", ""slot"": ""left"", ""src"": ""assets/rich_standing_right.png"", ""placeholder"": false, ""loaded"": true, ""rect"": {""x"": -3.734375, ""y"": 94, ""width"": 320, ""height"": 384, ""top"": 94, ""right"": 316.265625, ""bottom"": 478, ""left"": -3.734375}, ""flip"": """"}]}","Director dialogue world/UI split; native270x480 env; actor80x96 anchor40,88 unless frozen metadata overrides; inspect source state/shot for seated/child/boss",INSPECTED WITH FIXTURE,js/frag/F15/rosalyn.js; js/scenes/adventure.js; js/data/art_registry.js; js/data/presentation_assets.js; js/data/btf/environments.js,"[[""rich"", ""Hey Rosalyn - just wanted to check in on how you're doing <3"", {""canon"": true, ""ube"": true}], [null, ""read"", {}], [null, ""typing stops"", {}], [null, ""no reply damn"", {}]]; route={}; fight={}; minigame={}",Approved stillness/off-screen speaker accepted; important action gaps only those identified in ASSET_GAP_MATRIX. No missing image inferred from empty authored props.
F15_ROSALYN_L3:end,INHERITED from selected predecessor,inherit/dynamic — see source and predecessors,"""INHERITED from selected predecessor""",,[],"{""method"": ""SOURCE-ONLY""}","Director dialogue world/UI split; native270x480 env; actor80x96 anchor40,88 unless frozen metadata overrides; inspect source state/shot for seated/child/boss",SOURCE-ONLY,js/frag/F15/rosalyn.js; js/scenes/adventure.js; js/data/art_registry.js; js/data/presentation_assets.js; js/data/btf/environments.js,[]; route={}; fight={}; minigame={},Approved stillness/off-screen speaker accepted; important action gaps only those identified in ASSET_GAP_MATRIX. No missing image inferred from empty authored props.
F15_ROSALYN_L4:call,bedroom,assets/rich_bedroom_environment_270x480.png,"{""function"": ""()=>({left:'rich'})""}",,[],"{""env"": ""bedroom"", ""placeholder"": false, ""actors"": [{""id"": ""rich"", ""slot"": ""left"", ""src"": ""assets/rich_standing_right.png"", ""placeholder"": false, ""loaded"": true, ""rect"": {""x"": -3.734375, ""y"": 94, ""width"": 320, ""height"": 384, ""top"": 94, ""right"": 316.265625, ""bottom"": 478, ""left"": -3.734375}, ""flip"": """"}]}","Director dialogue world/UI split; native270x480 env; actor80x96 anchor40,88 unless frozen metadata overrides; inspect source state/shot for seated/child/boss",INSPECTED WITH FIXTURE,js/frag/F15/rosalyn.js; js/scenes/adventure.js; js/data/art_registry.js; js/data/presentation_assets.js; js/data/btf/environments.js,"[[""rosalyn"", ""rich you awake vampires awake right"", {}], [""rosalyn"", ""roach huge as fuck it looked at me"", {}], [""rosalyn"", ""twenty minutes on the counter please come"", {}], [""rich"", ""I’m on my way and not Nigerian on the way - like German on the way. Anyways im on the way"", {""canon"": true, ""ube"": true}], [""rosalyn"", ""its doing antenna shit hurry"", {}], [""rosalyn"", ""doors open dont let it loose"", {}]]; route={}; fight={}; minigame={}",Approved stillness/off-screen speaker accepted; important action gaps only those identified in ASSET_GAP_MATRIX. No missing image inferred from empty authored props.
F15_ROSALYN_L4:dark,f15_rosalyn_apartment_dark,assets/f15/environments/rosalyn_apartment_270x480.png,"{""function"": ""()=>({farLeft:'rich',mid:{id:'spirit_of_uncle_bunmi',lineScale:global.RAF15Dates.ROACH.scale},farRight:stage(R).right})""}",,[],"{""env"": ""f15_rosalyn_apartment_dark"", ""placeholder"": false, ""actors"": [{""id"": ""rich"", ""slot"": ""farLeft"", ""src"": ""assets/rich_standing_right.png"", ""placeholder"": false, ""loaded"": true, ""rect"": {""x"": -56.96875, ""y"": 211, ""width"": 213.765625, ""height"": 256.53125, ""top"": 211, ""right"": 156.796875, ""bottom"": 467.53125, ""left"": -56.96875}, ""flip"": """"}, {""id"": ""spirit_of_uncle_bunmi"", ""slot"": ""mid"", ""src"": ""assets/f15/characters/spirit_of_uncle_bunmi_444x222.png"", ""placeholder"": false, ""loaded"": true, ""rect"": {""x"": 89.25, ""y"": 352, ""width"": 192.390625, ""height"": 96.1875, ""top"": 352, ""right"": 281.640625, ""bottom"": 448.1875, ""left"": 89.25}, ""flip"": """"}, {""id"": ""rosalyn"", ""slot"": ""farRight"", ""src"": ""inline PNG generated by registered frozen-asset loader; see asset census"", ""placeholder"": false, ""loaded"": true, ""rect"": {""x"": 236.0625, ""y"": 211, ""width"": 213.765625, ""height"": 256.53125, ""top"": 211, ""right"": 449.828125, ""bottom"": 467.53125, ""left"": 236.0625}, ""flip"": """"}]}","Director dialogue world/UI split; native270x480 env; actor80x96 anchor40,88 unless frozen metadata overrides; inspect source state/shot for seated/child/boss",INSPECTED WITH FIXTURE,js/frag/F15/rosalyn.js; js/scenes/adventure.js; js/data/art_registry.js; js/data/presentation_assets.js; js/data/btf/environments.js,"[[null, ""rosalyn on the counter glasses on poster sword ready"", {}]]; route={}; fight={}; minigame={}",Approved stillness/off-screen speaker accepted; important action gaps only those identified in ASSET_GAP_MATRIX. No missing image inferred from empty authored props.
F15_ROSALYN_L4:boss,INHERITED from selected predecessor,inherit/dynamic — see source and predecessors,"""INHERITED from selected predecessor""",,[],"{""method"": ""SOURCE-ONLY""}","Director dialogue world/UI split; native270x480 env; actor80x96 anchor40,88 unless frozen metadata overrides; inspect source state/shot for seated/child/boss",SOURCE-ONLY,js/frag/F15/rosalyn.js; js/scenes/adventure.js; js/data/art_registry.js; js/data/presentation_assets.js; js/data/btf/environments.js,"[]; route={}; fight={""enemy"": ""f15_uncle_bunmi"", ""params"": {""function"": ""()=>({env:'f15_rosalyn_apartment_dark',noPenalty:global.RAF15Tunables.COMBAT.roach.noPenalty,\n   intro:'ROSALYN: FLANK IT! LIKE PEARMAN AT THE\u2026 NEVER MIND, JUST FLANK IT.'})""}, ""win"": ""mug"", ""lose"": ""mug"", ""spared"": ""mug"", ""run"": ""mug""}; minigame={}",Approved stillness/off-screen speaker accepted; important action gaps only those identified in ASSET_GAP_MATRIX. No missing image inferred from empty authored props.
F15_ROSALYN_L4:mug,f15_rosalyn_apartment_dark,assets/f15/environments/rosalyn_apartment_270x480.png,"{""function"": ""()=>({left:'rich',right:stage(R).right})""}",,[],"{""env"": ""f15_rosalyn_apartment_dark"", ""placeholder"": false, ""actors"": [{""id"": ""rich"", ""slot"": ""left"", ""src"": ""assets/rich_standing_right.png"", ""placeholder"": false, ""loaded"": true, ""rect"": {""x"": -2.90625, ""y"": 191, ""width"": 213.765625, ""height"": 256.53125, ""top"": 191, ""right"": 210.859375, ""bottom"": 447.53125, ""left"": -2.90625}, ""flip"": """"}, {""id"": ""rosalyn"", ""slot"": ""right"", ""src"": ""inline PNG generated by registered frozen-asset loader; see asset census"", ""placeholder"": false, ""loaded"": true, ""rect"": {""x"": 179.078125, ""y"": 191, ""width"": 213.765625, ""height"": 256.53125, ""top"": 191, ""right"": 392.84375, ""bottom"": 447.53125, ""left"": 179.078125}, ""flip"": """"}]}","Director dialogue world/UI split; native270x480 env; actor80x96 anchor40,88 unless frozen metadata overrides; inspect source state/shot for seated/child/boss",INSPECTED WITH FIXTURE,js/frag/F15/rosalyn.js; js/scenes/adventure.js; js/data/art_registry.js; js/data/presentation_assets.js; js/data/btf/environments.js,"[[""rosalyn"", ""use the mug"", {}], [""rosalyn"", ""limited edition three eye cat mug still got the box ill replace it"", {}], [""rosalyn"", ""i cant replace it just use the damn mug"", {}], [null, ""mug magazine window roach evicted"", {}]]; route={}; fight={}; minigame={}",Approved stillness/off-screen speaker accepted; important action gaps only those identified in ASSET_GAP_MATRIX. No missing image inferred from empty authored props.
F15_ROSALYN_L4:lights,f15_rosalyn_apartment,assets/f15/environments/rosalyn_apartment_270x480.png,"{""function"": ""()=>stage(R)""}",,[],"{""env"": ""f15_rosalyn_apartment"", ""placeholder"": false, ""actors"": [{""id"": ""rich"", ""slot"": ""left"", ""src"": ""assets/rich_standing_right.png"", ""placeholder"": false, ""loaded"": true, ""rect"": {""x"": -2.90625, ""y"": 191, ""width"": 213.765625, ""height"": 256.53125, ""top"": 191, ""right"": 210.859375, ""bottom"": 447.53125, ""left"": -2.90625}, ""flip"": """"}, {""id"": ""rosalyn"", ""slot"": ""right"", ""src"": ""inline PNG generated by registered frozen-asset loader; see asset census"", ""placeholder"": false, ""loaded"": true, ""rect"": {""x"": 179.078125, ""y"": 191, ""width"": 213.765625, ""height"": 256.53125, ""top"": 191, ""right"": 392.84375, ""bottom"": 447.53125, ""left"": 179.078125}, ""flip"": """"}]}","Director dialogue world/UI split; native270x480 env; actor80x96 anchor40,88 unless frozen metadata overrides; inspect source state/shot for seated/child/boss",INSPECTED WITH FIXTURE,js/frag/F15/rosalyn.js; js/scenes/adventure.js; js/data/art_registry.js; js/data/presentation_assets.js; js/data/btf/environments.js,"[[null, ""yuck wars everywhere snake king costume cherry cruel cherry on the top shelf"", {}], [null, ""her apartment nowhere to hide this time"", {}], [""rosalyn"", ""yeah this is all mine"", {}], [""rosalyn"", ""you can laugh everybody does"", {}], [""rich"", ""Damn this is so dope - I’ve always wanted to see the Cherry-Cruel Cherry figure in person."", {""canon"": true, ""ube"": true}], [""rosalyn"", ""you know cherry cruel cherry"", {}], [""rosalyn"", ""top shelf left look dont touch"", {}], [""rosalyn"", ""wanna watch one ill pick the best"", {}], [null, ""movie starts she talks through every frame"", {}], [""rosalyn"", ""watch his hand damn im rewinding"", {}], [""rosalyn"", ""reshot you can tell by the boots"", {}], [""rosalyn"", ""whos your favorite"", {}], [""rosalyn"", ""nah i dont agree"", {}], [""rosalyn"", ""wait i dont agree with you"", {}], [null, ""she laughs like she surprised herself"", {}], [""rosalyn"", ""damn i can say that"", {}], [null, ""big moment on screen she looks at rich instead"", {}], [null, ""she kisses him"", {}], [""rosalyn"", ""fans got this scene put back thats why the lighting off damn i kissed you and im explaining lighting"", {}], [""rosalyn"", ""next episode or what"", {}]]; route={}; fight={}; minigame={}",Approved stillness/off-screen speaker accepted; important action gaps only those identified in ASSET_GAP_MATRIX. No missing image inferred from empty authored props.
F15_ROSALYN_L4:end,INHERITED from selected predecessor,inherit/dynamic — see source and predecessors,"""INHERITED from selected predecessor""",,[],"{""method"": ""SOURCE-ONLY""}","Director dialogue world/UI split; native270x480 env; actor80x96 anchor40,88 unless frozen metadata overrides; inspect source state/shot for seated/child/boss",SOURCE-ONLY,js/frag/F15/rosalyn.js; js/scenes/adventure.js; js/data/art_registry.js; js/data/presentation_assets.js; js/data/btf/environments.js,[]; route={}; fight={}; minigame={},Approved stillness/off-screen speaker accepted; important action gaps only those identified in ASSET_GAP_MATRIX. No missing image inferred from empty authored props.
F15_EMERALD_L1:bing,f15_bing,assets/f15/environments/the_bing_270x480.png,"{""function"": ""()=>stage(R)""}",,[],"{""env"": ""f15_bing"", ""placeholder"": false, ""actors"": [{""id"": ""rich"", ""slot"": ""left"", ""src"": ""assets/rich_standing_right.png"", ""placeholder"": false, ""loaded"": true, ""rect"": {""x"": -16.734375, ""y"": 128, ""width"": 289.140625, ""height"": 346.96875, ""top"": 128, ""right"": 272.40625, ""bottom"": 474.96875, ""left"": -16.734375}, ""flip"": """"}, {""id"": ""emerald"", ""slot"": ""right"", ""src"": ""inline PNG generated by registered frozen-asset loader; see asset census"", ""placeholder"": false, ""loaded"": true, ""rect"": {""x"": 164.078125, ""y"": 128, ""width"": 289.140625, ""height"": 346.96875, ""top"": 128, ""right"": 453.21875, ""bottom"": 474.96875, ""left"": 164.078125}, ""flip"": """"}]}","Director dialogue world/UI split; native270x480 env; actor80x96 anchor40,88 unless frozen metadata overrides; inspect source state/shot for seated/child/boss",INSPECTED WITH FIXTURE,js/frag/F15/emerald.js; js/scenes/adventure.js; js/data/art_registry.js; js/data/presentation_assets.js; js/data/btf/environments.js,"[[null, ""emerald holds up your vampgram castle photo evidence"", {}], [""emerald"", ""this your castle"", {}], [""emerald"", ""ketchup on the throne? damn"", {}], [""emerald"", ""saturday nine am im bringing gloves"", {}], [""emerald"", ""you helping"", {}], [""emerald"", ""im not your maid dont tip me either"", {}], [""emerald"", ""school work never end floors do"", {}]]; route={}; fight={}; minigame={}",Approved stillness/off-screen speaker accepted; important action gaps only those identified in ASSET_GAP_MATRIX. No missing image inferred from empty authored props.
F15_EMERALD_L1:throne,throne_party_mess,assets/throne_room_scene_portrait.png,"{""function"": ""()=>stage(R)""}",,[],"{""env"": ""throne_party_mess"", ""placeholder"": false, ""actors"": [{""id"": ""rich"", ""slot"": ""left"", ""src"": ""assets/rich_standing_right.png"", ""placeholder"": false, ""loaded"": true, ""rect"": {""x"": -16.734375, ""y"": 128, ""width"": 289.140625, ""height"": 346.96875, ""top"": 128, ""right"": 272.40625, ""bottom"": 474.96875, ""left"": -16.734375}, ""flip"": """"}, {""id"": ""emerald"", ""slot"": ""right"", ""src"": ""inline PNG generated by registered frozen-asset loader; see asset census"", ""placeholder"": false, ""loaded"": true, ""rect"": {""x"": 164.078125, ""y"": 128, ""width"": 289.140625, ""height"": 346.96875, ""top"": 128, ""right"": 453.21875, ""bottom"": 474.96875, ""left"": 164.078125}, ""flip"": """"}]}","Director dialogue world/UI split; native270x480 env; actor80x96 anchor40,88 unless frozen metadata overrides; inspect source state/shot for seated/child/boss",INSPECTED WITH FIXTURE,js/frag/F15/emerald.js; js/scenes/adventure.js; js/data/art_registry.js; js/data/presentation_assets.js; js/data/btf/environments.js,"[[null, ""emerald got gloves mop three bags and concerns"", {}], [""emerald"", ""seen worse"", {}], [""emerald"", ""nah i lied this shit bad"", {}], [""emerald"", ""gloves bag move"", {}]]; route={}; fight={}; minigame={}",Approved stillness/off-screen speaker accepted; important action gaps only those identified in ASSET_GAP_MATRIX. No missing image inferred from empty authored props.
F15_EMERALD_L1:tasks,INHERITED from selected predecessor,inherit/dynamic — see source and predecessors,"""INHERITED from selected predecessor""",,[],"{""method"": ""SOURCE-ONLY""}","Director dialogue world/UI split; native270x480 env; actor80x96 anchor40,88 unless frozen metadata overrides; inspect source state/shot for seated/child/boss",SOURCE-ONLY,js/frag/F15/emerald.js; js/scenes/adventure.js; js/data/art_registry.js; js/data/presentation_assets.js; js/data/btf/environments.js,[]; route={}; fight={}; minigame={},Approved stillness/off-screen speaker accepted; important action gaps only those identified in ASSET_GAP_MATRIX. No missing image inferred from empty authored props.
F15_EMERALD_L1:chair,INHERITED from selected predecessor,inherit/dynamic — see source and predecessors,"""INHERITED from selected predecessor""",,[],"{""method"": ""SOURCE-ONLY""}","Director dialogue world/UI split; native270x480 env; actor80x96 anchor40,88 unless frozen metadata overrides; inspect source state/shot for seated/child/boss",INSPECTED WITH FIXTURE,js/frag/F15/emerald.js; js/scenes/adventure.js; js/data/art_registry.js; js/data/presentation_assets.js; js/data/btf/environments.js,"[[null, ""cold wing strangers shoe forty dollars under the cushion"", {}], [""emerald"", ""forty dollars in a chair damn"", {}], [""emerald"", ""you got furniture money"", {}], [""emerald"", ""take it im not here for that"", {}]]; route={}; fight={}; minigame={}",Approved stillness/off-screen speaker accepted; important action gaps only those identified in ASSET_GAP_MATRIX. No missing image inferred from empty authored props.
F15_EMERALD_L1:floor,INHERITED from selected predecessor,inherit/dynamic — see source and predecessors,"""INHERITED from selected predecessor""",,[],"{""method"": ""SOURCE-ONLY""}","Director dialogue world/UI split; native270x480 env; actor80x96 anchor40,88 unless frozen metadata overrides; inspect source state/shot for seated/child/boss",INSPECTED WITH FIXTURE,js/frag/F15/emerald.js; js/scenes/adventure.js; js/data/art_registry.js; js/data/presentation_assets.js; js/data/btf/environments.js,"[[""emerald"", ""figure eights bro like this"", {}], [null, ""she starts humming while mopping catches rich listening stops"", {}], [""emerald"", ""mopping got tempo dont look at me"", {}]]; route={}; fight={}; minigame={}",Approved stillness/off-screen speaker accepted; important action gaps only those identified in ASSET_GAP_MATRIX. No missing image inferred from empty authored props.
F15_EMERALD_L1:trash,INHERITED from selected predecessor,inherit/dynamic — see source and predecessors,"""INHERITED from selected predecessor""",,[],"{""method"": ""SOURCE-ONLY""}","Director dialogue world/UI split; native270x480 env; actor80x96 anchor40,88 unless frozen metadata overrides; inspect source state/shot for seated/child/boss",INSPECTED WITH FIXTURE,js/frag/F15/emerald.js; js/scenes/adventure.js; js/data/art_registry.js; js/data/presentation_assets.js; js/data/btf/environments.js,"[[""emerald"", ""open the bag wider how you own a castle and no broom"", {}], [""rich"", ""I just realized now i dont have one lol."", {""canon"": true, ""ube"": true}], [""emerald"", ""just realized now? standing in this shit"", {}], [""emerald"", ""wider bro"", {}]]; route={}; fight={}; minigame={}",Approved stillness/off-screen speaker accepted; important action gaps only those identified in ASSET_GAP_MATRIX. No missing image inferred from empty authored props.
F15_EMERALD_L1:finished,INHERITED from selected predecessor,inherit/dynamic — see source and predecessors,"""INHERITED from selected predecessor""",,[],"{""method"": ""SOURCE-ONLY""}","Director dialogue world/UI split; native270x480 env; actor80x96 anchor40,88 unless frozen metadata overrides; inspect source state/shot for seated/child/boss",INSPECTED WITH FIXTURE,js/frag/F15/emerald.js; js/scenes/adventure.js; js/data/art_registry.js; js/data/presentation_assets.js; js/data/btf/environments.js,"[[null, ""clean room gloves off claws stretched"", {}], [""emerald"", ""you better at this than you look"", {}], [""emerald"", ""worse too both true"", {}], [""emerald"", ""lift with your legs your back gonna bill you tomorrow"", {}]]; route={}; fight={}; minigame={}",Approved stillness/off-screen speaker accepted; important action gaps only those identified in ASSET_GAP_MATRIX. No missing image inferred from empty authored props.
F15_EMERALD_L1:kitchen,kitchen,assets/before_the_fame/environments/kitchen/castle_kitchen_270x480.png,"{""function"": ""()=>stage(R)""}",,[],"{""env"": ""kitchen"", ""placeholder"": false, ""actors"": [{""id"": ""rich"", ""slot"": ""left"", ""src"": ""assets/rich_standing_right.png"", ""placeholder"": false, ""loaded"": true, ""rect"": {""x"": -16.734375, ""y"": 128, ""width"": 289.140625, ""height"": 346.96875, ""top"": 128, ""right"": 272.40625, ""bottom"": 474.96875, ""left"": -16.734375}, ""flip"": """"}, {""id"": ""emerald"", ""slot"": ""right"", ""src"": ""inline PNG generated by registered frozen-asset loader; see asset census"", ""placeholder"": false, ""loaded"": true, ""rect"": {""x"": 164.078125, ""y"": 128, ""width"": 289.140625, ""height"": 346.96875, ""top"": 128, ""right"": 453.21875, ""bottom"": 474.96875, ""left"": 164.078125}, ""flip"": """"}]}","Director dialogue world/UI split; native270x480 env; actor80x96 anchor40,88 unless frozen metadata overrides; inspect source state/shot for seated/child/boss",INSPECTED WITH FIXTURE,js/frag/F15/emerald.js; js/scenes/adventure.js; js/data/art_registry.js; js/data/presentation_assets.js; js/data/btf/environments.js,[]; route={}; fight={}; minigame={},Approved stillness/off-screen speaker accepted; important action gaps only those identified in ASSET_GAP_MATRIX. No missing image inferred from empty authored props.
F15_EMERALD_L1:cook,INHERITED from selected predecessor,inherit/dynamic — see source and predecessors,"""INHERITED from selected predecessor""",,[],"{""method"": ""SOURCE-ONLY""}","Director dialogue world/UI split; native270x480 env; actor80x96 anchor40,88 unless frozen metadata overrides; inspect source state/shot for seated/child/boss",INSPECTED WITH FIXTURE,js/frag/F15/emerald.js; js/scenes/adventure.js; js/data/art_registry.js; js/data/presentation_assets.js; js/data/btf/environments.js,"[[null, ""emerald gets up before the stove on"", {}], [""emerald"", ""ill chop where you keep the knives"", {}]]; route={}; fight={}; minigame={}",Approved stillness/off-screen speaker accepted; important action gaps only those identified in ASSET_GAP_MATRIX. No missing image inferred from empty authored props.
F15_EMERALD_L1:sit,INHERITED from selected predecessor,inherit/dynamic — see source and predecessors,"""INHERITED from selected predecessor""",,[],"{""method"": ""SOURCE-ONLY""}","Director dialogue world/UI split; native270x480 env; actor80x96 anchor40,88 unless frozen metadata overrides; inspect source state/shot for seated/child/boss",INSPECTED WITH FIXTURE,js/frag/F15/emerald.js; js/scenes/adventure.js; js/data/art_registry.js; js/data/presentation_assets.js; js/data/btf/environments.js,"[[null, ""sits down fidgets watches rich cook like its an exam"", {}], [""emerald"", ""you cook like you get paid for it"", {}], [null, ""red stew broth fried turkey thats richs ramen"", {}], [""emerald"", ""this aint ramen"", {}], [null, ""first bite eyes closed"", {}], [""emerald"", ""alright its ramen"", {}], [null, ""she grabs the bowl heads for the sink"", {}]]; route={}; fight={}; minigame={}",Approved stillness/off-screen speaker accepted; important action gaps only those identified in ASSET_GAP_MATRIX. No missing image inferred from empty authored props.
F15_EMERALD_L1:bowl,INHERITED from selected predecessor,inherit/dynamic — see source and predecessors,"""INHERITED from selected predecessor""",,[],"{""method"": ""SOURCE-ONLY""}","Director dialogue world/UI split; native270x480 env; actor80x96 anchor40,88 unless frozen metadata overrides; inspect source state/shot for seated/child/boss",INSPECTED WITH FIXTURE,js/frag/F15/emerald.js; js/scenes/adventure.js; js/data/art_registry.js; js/data/presentation_assets.js; js/data/btf/environments.js,"[[null, ""rich takes it she finally lets go"", {}], [""emerald"", ""fine damn"", {}], [""emerald"", ""kitchen next week this shit a crime scene too"", {}]]; route={}; fight={}; minigame={}",Approved stillness/off-screen speaker accepted; important action gaps only those identified in ASSET_GAP_MATRIX. No missing image inferred from empty authored props.
F15_EMERALD_L1:end,INHERITED from selected predecessor,inherit/dynamic — see source and predecessors,"""INHERITED from selected predecessor""",,[],"{""method"": ""SOURCE-ONLY""}","Director dialogue world/UI split; native270x480 env; actor80x96 anchor40,88 unless frozen metadata overrides; inspect source state/shot for seated/child/boss",SOURCE-ONLY,js/frag/F15/emerald.js; js/scenes/adventure.js; js/data/art_registry.js; js/data/presentation_assets.js; js/data/btf/environments.js,[]; route={}; fight={}; minigame={},Approved stillness/off-screen speaker accepted; important action gaps only those identified in ASSET_GAP_MATRIX. No missing image inferred from empty authored props.
F15_EMERALD_L2:texts,bedroom,assets/rich_bedroom_environment_270x480.png,"{""function"": ""()=>({left:'rich'})""}",,[],"{""env"": ""bedroom"", ""placeholder"": false, ""actors"": [{""id"": ""rich"", ""slot"": ""left"", ""src"": ""assets/rich_standing_right.png"", ""placeholder"": false, ""loaded"": true, ""rect"": {""x"": -3.734375, ""y"": 94, ""width"": 320, ""height"": 384, ""top"": 94, ""right"": 316.265625, ""bottom"": 478, ""left"": -3.734375}, ""flip"": """"}]}","Director dialogue world/UI split; native270x480 env; actor80x96 anchor40,88 unless frozen metadata overrides; inspect source state/shot for seated/child/boss",INSPECTED WITH FIXTURE,js/frag/F15/emerald.js; js/scenes/adventure.js; js/data/art_registry.js; js/data/presentation_assets.js; js/data/btf/environments.js,"[[""emerald"", ""exam thursday quiz me dont be nice"", {}], [""emerald"", ""your kitchen got good light"", {}]]; route={}; fight={}; minigame={}",Approved stillness/off-screen speaker accepted; important action gaps only those identified in ASSET_GAP_MATRIX. No missing image inferred from empty authored props.
F15_EMERALD_L2:table,kitchen,assets/before_the_fame/environments/kitchen/castle_kitchen_270x480.png,"{""function"": ""()=>stage(R)""}",,[],"{""env"": ""kitchen"", ""placeholder"": false, ""actors"": [{""id"": ""rich"", ""slot"": ""left"", ""src"": ""assets/rich_standing_right.png"", ""placeholder"": false, ""loaded"": true, ""rect"": {""x"": -16.734375, ""y"": 128, ""width"": 289.140625, ""height"": 346.96875, ""top"": 128, ""right"": 272.40625, ""bottom"": 474.96875, ""left"": -16.734375}, ""flip"": """"}, {""id"": ""emerald"", ""slot"": ""right"", ""src"": ""inline PNG generated by registered frozen-asset loader; see asset census"", ""placeholder"": false, ""loaded"": true, ""rect"": {""x"": 164.078125, ""y"": 128, ""width"": 289.140625, ""height"": 346.96875, ""top"": 128, ""right"": 453.21875, ""bottom"": 474.96875, ""left"": 164.078125}, ""flip"": """"}]}","Director dialogue world/UI split; native270x480 env; actor80x96 anchor40,88 unless frozen metadata overrides; inspect source state/shot for seated/child/boss",INSPECTED WITH FIXTURE,js/frag/F15/emerald.js; js/scenes/adventure.js; js/data/art_registry.js; js/data/presentation_assets.js; js/data/btf/environments.js,"[[null, ""flashcard brick biology chemistry anatomy"", {}], [""emerald"", ""pre med read the front dont help"", {}], [null, ""card says BRACHIAL PLEXUS good luck"", {}], [""emerald"", ""close like atlanta to tokyo"", {}], [null, ""three right one wrong forehead hits table"", {}], [""emerald"", ""knew that run it back"", {}], [""emerald"", ""you squinting when you last check your eyes"", {}], [null, ""alarm BABA 7:00"", {}], [""emerald"", ""gotta take this every day"", {}], [null, ""at the window speaking farsi"", {}], [null, ""different voice laughing rolling her eyes exam thursday im fine"", {}], [null, ""call ends bank app opens"", {}], [null, ""transfer sent phone down family handled for the week"", {}]]; route={}; fight={}; minigame={}",Approved stillness/off-screen speaker accepted; important action gaps only those identified in ASSET_GAP_MATRIX. No missing image inferred from empty authored props.
F15_EMERALD_L2:talk,INHERITED from selected predecessor,inherit/dynamic — see source and predecessors,"""INHERITED from selected predecessor""",,[],"{""method"": ""SOURCE-ONLY""}","Director dialogue world/UI split; native270x480 env; actor80x96 anchor40,88 unless frozen metadata overrides; inspect source state/shot for seated/child/boss",INSPECTED WITH FIXTURE,js/frag/F15/emerald.js; js/scenes/adventure.js; js/data/art_registry.js; js/data/presentation_assets.js; js/data/btf/environments.js,"[[""emerald"", ""my dad everybody back home"", {}], [""emerald"", ""they counting on me"", {}], [""emerald"", ""aint sad just true"", {}], [""rich"", ""Hey Emerald - you are enough okay, your family is lucky to have you but remember you are enough"", {""canon"": true, ""ube"": true}], [""emerald"", ""thanks for saying that"", {}], [""emerald"", ""next card dont get soft"", {}], [null, ""card says LARYNX"", {}], [null, ""she pauses on this one"", {}], [""emerald"", ""larynx voice box"", {}], [""emerald"", ""pass thursday im making you something"", {}], [""rich"", ""Good bye Emmie."", {""canon"": true, ""ube"": true}], [""emerald"", ""emmie huh"", {}], [""emerald"", ""alright you can keep that one"", {}], [""emerald"", ""go sleep you look like a vampire"", {}], [""emerald"", ""free joke im allowed one"", {}]]; route={}; fight={}; minigame={}",Approved stillness/off-screen speaker accepted; important action gaps only those identified in ASSET_GAP_MATRIX. No missing image inferred from empty authored props.
F15_EMERALD_L2:end,INHERITED from selected predecessor,inherit/dynamic — see source and predecessors,"""INHERITED from selected predecessor""",,[],"{""method"": ""SOURCE-ONLY""}","Director dialogue world/UI split; native270x480 env; actor80x96 anchor40,88 unless frozen metadata overrides; inspect source state/shot for seated/child/boss",SOURCE-ONLY,js/frag/F15/emerald.js; js/scenes/adventure.js; js/data/art_registry.js; js/data/presentation_assets.js; js/data/btf/environments.js,[]; route={}; fight={}; minigame={},Approved stillness/off-screen speaker accepted; important action gaps only those identified in ASSET_GAP_MATRIX. No missing image inferred from empty authored props.
F15_EMERALD_L3:call,bedroom,assets/rich_bedroom_environment_270x480.png,"{""function"": ""()=>({left:'rich'})""}",,[],"{""env"": ""bedroom"", ""placeholder"": false, ""actors"": [{""id"": ""rich"", ""slot"": ""left"", ""src"": ""assets/rich_standing_right.png"", ""placeholder"": false, ""loaded"": true, ""rect"": {""x"": -3.734375, ""y"": 94, ""width"": 320, ""height"": 384, ""top"": 94, ""right"": 316.265625, ""bottom"": 478, ""left"": -3.734375}, ""flip"": """"}]}","Director dialogue world/UI split; native270x480 env; actor80x96 anchor40,88 unless frozen metadata overrides; inspect source state/shot for seated/child/boss",INSPECTED WITH FIXTURE,js/frag/F15/emerald.js; js/scenes/adventure.js; js/data/art_registry.js; js/data/presentation_assets.js; js/data/btf/environments.js,"[[""emerald"", ""rich i lost my sheet music for the recital"", {}], [""emerald"", ""months of notes on it cant print that shit again"", {}], [""emerald"", ""exam in ten minutes cant leave"", {}], [""emerald"", ""im not saying never mind this time"", {}], [""emerald"", ""i need help"", {}], [""rich"", ""Got it - on my way."", {""canon"": true, ""ube"": true}], [""emerald"", ""library waffle haven bing bingo night then my shift"", {}], [""emerald"", ""text either way even if you find nothing"", {}]]; route={}; fight={}; minigame={}",Approved stillness/off-screen speaker accepted; important action gaps only those identified in ASSET_GAP_MATRIX. No missing image inferred from empty authored props.
F15_EMERALD_L3:search,INHERITED from selected predecessor,inherit/dynamic — see source and predecessors,"""INHERITED from selected predecessor""",,[],"{""method"": ""SOURCE-ONLY""}","Director dialogue world/UI split; native270x480 env; actor80x96 anchor40,88 unless frozen metadata overrides; inspect source state/shot for seated/child/boss",SOURCE-ONLY,js/frag/F15/emerald.js; js/scenes/adventure.js; js/data/art_registry.js; js/data/presentation_assets.js; js/data/btf/environments.js,[]; route={}; fight={}; minigame={},Approved stillness/off-screen speaker accepted; important action gaps only those identified in ASSET_GAP_MATRIX. No missing image inferred from empty authored props.
F15_EMERALD_L3:library,f15_library,assets/build4/p_d/p_d_f15_library.png,"{""function"": ""()=>({left:'rich'})""}",,[],"{""env"": ""f15_library"", ""placeholder"": false, ""actors"": [{""id"": ""rich"", ""slot"": ""left"", ""src"": ""assets/rich_standing_right.png"", ""placeholder"": false, ""loaded"": true, ""rect"": {""x"": -3.734375, ""y"": 94, ""width"": 320, ""height"": 384, ""top"": 94, ""right"": 316.265625, ""bottom"": 478, ""left"": -3.734375}, ""flip"": """"}]}","Director dialogue world/UI split; native270x480 env; actor80x96 anchor40,88 unless frozen metadata overrides; inspect source state/shot for seated/child/boss",INSPECTED WITH FIXTURE,js/frag/F15/emerald.js; js/scenes/adventure.js; js/data/art_registry.js; js/data/presentation_assets.js; js/data/btf/environments.js,"[[null, ""library table somebody elses highlighters no music"", {}], [""emerald"", ""alright"", {}]]; route={}; fight={}; minigame={}",Approved stillness/off-screen speaker accepted; important action gaps only those identified in ASSET_GAP_MATRIX. No missing image inferred from empty authored props.
F15_EMERALD_L3:waffle,waffle_haven,assets/before_the_fame/environments/waffle_haven/waffle_haven_1am_270x480.png,"{""function"": ""()=>({left:'rich'})""}",,[],"{""env"": ""waffle_haven"", ""placeholder"": false, ""actors"": [{""id"": ""rich"", ""slot"": ""left"", ""src"": ""assets/rich_standing_right.png"", ""placeholder"": false, ""loaded"": true, ""rect"": {""x"": -4.578125, ""y"": 94, ""width"": 320, ""height"": 384, ""top"": 94, ""right"": 315.421875, ""bottom"": 478, ""left"": -4.578125}, ""flip"": """"}]}","Director dialogue world/UI split; native270x480 env; actor80x96 anchor40,88 unless frozen metadata overrides; inspect source state/shot for seated/child/boss",INSPECTED WITH FIXTURE,js/frag/F15/emerald.js; js/scenes/adventure.js; js/data/art_registry.js; js/data/presentation_assets.js; js/data/btf/environments.js,"[[null, ""waffle booth coffee ring no folder damn"", {}], [""emerald"", ""okay thanks for checking"", {}], [null, ""replies getting shorter exam still going"", {}]]; route={}; fight={}; minigame={}",Approved stillness/off-screen speaker accepted; important action gaps only those identified in ASSET_GAP_MATRIX. No missing image inferred from empty authored props.
F15_EMERALD_L3:bing,f15_bing,assets/f15/environments/the_bing_270x480.png,"{""function"": ""()=>({left:'rich',right:{id:'granny_bing'}})""}",,[],"{""env"": ""f15_bing"", ""placeholder"": false, ""actors"": [{""id"": ""rich"", ""slot"": ""left"", ""src"": ""assets/rich_standing_right.png"", ""placeholder"": false, ""loaded"": true, ""rect"": {""x"": -17.234375, ""y"": 117, ""width"": 298.921875, ""height"": 358.71875, ""top"": 117, ""right"": 281.6875, ""bottom"": 475.71875, ""left"": -17.234375}, ""flip"": """"}, {""id"": ""granny_bing"", ""slot"": ""right"", ""src"": ""assets/before_the_fame/characters/granny_bing/cga_f2_032/granny_bing_neutral_calling_numbers_anchor_80x96_v1.png"", ""placeholder"": false, ""loaded"": true, ""rect"": {""x"": 176.921875, ""y"": 117, ""width"": 298.921875, ""height"": 358.71875, ""top"": 117, ""right"": 475.84375, ""bottom"": 475.71875, ""left"": 176.921875}, ""flip"": """"}]}","Director dialogue world/UI split; native270x480 env; actor80x96 anchor40,88 unless frozen metadata overrides; inspect source state/shot for seated/child/boss",INSPECTED WITH FIXTURE,js/frag/F15/emerald.js; js/scenes/adventure.js; js/data/art_registry.js; js/data/presentation_assets.js; js/data/btf/environments.js,"[[null, ""granny bing calling numbers in the dj mic"", {}], [null, ""sheet music folder under the bingo cage dry safe found"", {}], [""granny_bing"", ""all these pencil marks somebody been singing their ass off"", {}], [""granny_bing"", ""those shoes though damn"", {}], [null, ""I Am What I Am from La Cage aux Folles her notes all over it farsi in the margins"", {}], [""rich"", ""hey emerald -got the folder thank god."", {""canon"": true, ""ube"": true}], [null, ""read no reply exam still got her"", {}]]; route={}; fight={}; minigame={}",Approved stillness/off-screen speaker accepted; important action gaps only those identified in ASSET_GAP_MATRIX. No missing image inferred from empty authored props.
F15_EMERALD_L3:steps,f15_exam_hall,assets/build4/p_d/p_d_f15_exam_hall.png,"{""function"": ""()=>stage(R)""}",,[],"{""env"": ""f15_exam_hall"", ""placeholder"": false, ""actors"": [{""id"": ""rich"", ""slot"": ""left"", ""src"": ""assets/rich_standing_right.png"", ""placeholder"": false, ""loaded"": true, ""rect"": {""x"": -2.875, ""y"": 128, ""width"": 289.140625, ""height"": 346.96875, ""top"": 128, ""right"": 286.265625, ""bottom"": 474.96875, ""left"": -2.875}, ""flip"": """"}, {""id"": ""emerald"", ""slot"": ""right"", ""src"": ""inline PNG generated by registered frozen-asset loader; see asset census"", ""placeholder"": false, ""loaded"": true, ""rect"": {""x"": 179.109375, ""y"": 128, ""width"": 289.140625, ""height"": 346.96875, ""top"": 128, ""right"": 468.25, ""bottom"": 474.96875, ""left"": 179.109375}, ""flip"": """"}]}","Director dialogue world/UI split; native270x480 env; actor80x96 anchor40,88 unless frozen metadata overrides; inspect source state/shot for seated/child/boss",INSPECTED WITH FIXTURE,js/frag/F15/emerald.js; js/scenes/adventure.js; js/data/art_registry.js; js/data/presentation_assets.js; js/data/btf/environments.js,"[[null, ""she sees the folder in his hand"", {}], [null, ""sits on the steps laughs once like she can breathe again"", {}], [null, ""folder against her chest both arms"", {}], [""emerald"", ""whole exam thinking about breath marks"", {}], [""emerald"", ""think i passed ill worry tomorrow"", {}]]; route={}; fight={}; minigame={}",Approved stillness/off-screen speaker accepted; important action gaps only those identified in ASSET_GAP_MATRIX. No missing image inferred from empty authored props.
F15_EMERALD_L3:sit,INHERITED from selected predecessor,inherit/dynamic — see source and predecessors,"""INHERITED from selected predecessor""",,[],"{""method"": ""SOURCE-ONLY""}","Director dialogue world/UI split; native270x480 env; actor80x96 anchor40,88 unless frozen metadata overrides; inspect source state/shot for seated/child/boss",INSPECTED WITH FIXTURE,js/frag/F15/emerald.js; js/scenes/adventure.js; js/data/art_registry.js; js/data/presentation_assets.js; js/data/btf/environments.js,"[[""emerald"", ""i dont ask for help usually"", {}], [""emerald"", ""thank you for real"", {}]]; route={}; fight={}; minigame={}",Approved stillness/off-screen speaker accepted; important action gaps only those identified in ASSET_GAP_MATRIX. No missing image inferred from empty authored props.
F15_EMERALD_L3:music,INHERITED from selected predecessor,inherit/dynamic — see source and predecessors,"""INHERITED from selected predecessor""",,[],"{""method"": ""SOURCE-ONLY""}","Director dialogue world/UI split; native270x480 env; actor80x96 anchor40,88 unless frozen metadata overrides; inspect source state/shot for seated/child/boss",INSPECTED WITH FIXTURE,js/frag/F15/emerald.js; js/scenes/adventure.js; js/data/art_registry.js; js/data/presentation_assets.js; js/data/btf/environments.js,"[[""emerald"", ""just a hobby or whatever"", {}], [""emerald"", ""nah it aint nothing"", {}], [""emerald"", ""recital soon id like you there"", {}], [""emerald"", ""not yet let me think"", {}]]; route={}; fight={}; minigame={}",Approved stillness/off-screen speaker accepted; important action gaps only those identified in ASSET_GAP_MATRIX. No missing image inferred from empty authored props.
F15_EMERALD_L3:end,INHERITED from selected predecessor,inherit/dynamic — see source and predecessors,"""INHERITED from selected predecessor""",,[],"{""method"": ""SOURCE-ONLY""}","Director dialogue world/UI split; native270x480 env; actor80x96 anchor40,88 unless frozen metadata overrides; inspect source state/shot for seated/child/boss",SOURCE-ONLY,js/frag/F15/emerald.js; js/scenes/adventure.js; js/data/art_registry.js; js/data/presentation_assets.js; js/data/btf/environments.js,[]; route={}; fight={}; minigame={},Approved stillness/off-screen speaker accepted; important action gaps only those identified in ASSET_GAP_MATRIX. No missing image inferred from empty authored props.
F15_EMERALD_L4:texts,bedroom,assets/rich_bedroom_environment_270x480.png,"{""function"": ""()=>({left:'rich'})""}",,[],"{""env"": ""bedroom"", ""placeholder"": false, ""actors"": [{""id"": ""rich"", ""slot"": ""left"", ""src"": ""assets/rich_standing_right.png"", ""placeholder"": false, ""loaded"": true, ""rect"": {""x"": -3.734375, ""y"": 94, ""width"": 320, ""height"": 384, ""top"": 94, ""right"": 316.265625, ""bottom"": 478, ""left"": -3.734375}, ""flip"": """"}]}","Director dialogue world/UI split; native270x480 env; actor80x96 anchor40,88 unless frozen metadata overrides; inspect source state/shot for seated/child/boss",INSPECTED WITH FIXTURE,js/frag/F15/emerald.js; js/scenes/adventure.js; js/data/art_registry.js; js/data/presentation_assets.js; js/data/btf/environments.js,"[[null, ""recital program her name right there"", {}], [""emerald"", ""you dont have to come"", {}], [""emerald"", ""nah i want you there"", {}]]; route={}; fight={}; minigame={}",Approved stillness/off-screen speaker accepted; important action gaps only those identified in ASSET_GAP_MATRIX. No missing image inferred from empty authored props.
F15_EMERALD_L4:hall,f15_shrine,assets/f15/environments/shrine_auditorium_270x480.png,"{""function"": ""()=>stage(R)""}",,[],"{""env"": ""f15_shrine"", ""placeholder"": false, ""actors"": [{""id"": ""rich"", ""slot"": ""left"", ""src"": ""assets/rich_standing_right.png"", ""placeholder"": false, ""loaded"": true, ""rect"": {""x"": -16.734375, ""y"": 128, ""width"": 289.140625, ""height"": 346.96875, ""top"": 128, ""right"": 272.40625, ""bottom"": 474.96875, ""left"": -16.734375}, ""flip"": """"}, {""id"": ""emerald"", ""slot"": ""right"", ""src"": ""inline PNG generated by registered frozen-asset loader; see asset census"", ""placeholder"": false, ""loaded"": true, ""rect"": {""x"": 164.078125, ""y"": 128, ""width"": 289.140625, ""height"": 346.96875, ""top"": 128, ""right"": 453.21875, ""bottom"": 474.96875, ""left"": 164.078125}, ""flip"": """"}]}","Director dialogue world/UI split; native270x480 env; actor80x96 anchor40,88 unless frozen metadata overrides; inspect source state/shot for seated/child/boss",INSPECTED WITH FIXTURE,js/frag/F15/emerald.js; js/scenes/adventure.js; js/data/art_registry.js; js/data/presentation_assets.js; js/data/btf/environments.js,"[[null, ""huge hall mostly empty her outfit her folder still closed"", {}], [null, ""she sings I Am What I Am fills the whole damn room"", {}], [null, ""medicine the plan singing the dream"", {}], [null, ""rich almost reaches for cash catches himself claps"", {}]]; route={}; fight={}; minigame={}",Approved stillness/off-screen speaker accepted; important action gaps only those identified in ASSET_GAP_MATRIX. No missing image inferred from empty authored props.
F15_EMERALD_L4:outside,street_night,assets/before_the_fame/environments/street_night/street_night_270x480.png,"{""function"": ""()=>stage(R)""}",,[],"{""env"": ""street_night"", ""placeholder"": false, ""actors"": [{""id"": ""rich"", ""slot"": ""left"", ""src"": ""assets/rich_standing_right.png"", ""placeholder"": false, ""loaded"": true, ""rect"": {""x"": -16.734375, ""y"": 128, ""width"": 289.140625, ""height"": 346.96875, ""top"": 128, ""right"": 272.40625, ""bottom"": 474.96875, ""left"": -16.734375}, ""flip"": """"}, {""id"": ""emerald"", ""slot"": ""right"", ""src"": ""inline PNG generated by registered frozen-asset loader; see asset census"", ""placeholder"": false, ""loaded"": true, ""rect"": {""x"": 164.078125, ""y"": 128, ""width"": 289.140625, ""height"": 346.96875, ""top"": 128, ""right"": 453.21875, ""bottom"": 474.96875, ""left"": 164.078125}, ""flip"": """"}]}","Director dialogue world/UI split; native270x480 env; actor80x96 anchor40,88 unless frozen metadata overrides; inspect source state/shot for seated/child/boss",INSPECTED WITH FIXTURE,js/frag/F15/emerald.js; js/scenes/adventure.js; js/data/art_registry.js; js/data/presentation_assets.js; js/data/btf/environments.js,"[[null, ""emerald comes out still buzzing"", {}], [""emerald"", ""dont be nice was i good"", {}], [""emerald"", ""nah i know i was good i felt it"", {}], [""emerald"", ""medicine what everybody counting on"", {}], [""emerald"", ""this ones mine"", {}], [""rich"", ""Emmie you deserve your dreams of your own okay - its a good plan but honestly - just be you, yo."", {""canon"": true, ""ube"": true}], [""emerald"", ""nobody said that to me before"", {}], [""emerald"", ""dont know what to do with it"", {}], [""emerald"", ""one thing just for me"", {}], [null, ""she kisses him"", {}], [""rich"", ""wow."", {""canon"": true, ""ube"": true}], [null, ""phone buzzes BABA 7:00 every day"", {}], [null, ""farsi call then shrine i sang and richs name"", {}], [null, ""looks back at him flustered damn"", {}], [""emerald"", ""dad asked who you were"", {}], [""emerald"", ""i told him"", {}], [null, ""she doesnt say what"", {}]]; route={}; fight={}; minigame={}",Approved stillness/off-screen speaker accepted; important action gaps only those identified in ASSET_GAP_MATRIX. No missing image inferred from empty authored props.
F15_EMERALD_L4:end,INHERITED from selected predecessor,inherit/dynamic — see source and predecessors,"""INHERITED from selected predecessor""",,[],"{""method"": ""SOURCE-ONLY""}","Director dialogue world/UI split; native270x480 env; actor80x96 anchor40,88 unless frozen metadata overrides; inspect source state/shot for seated/child/boss",SOURCE-ONLY,js/frag/F15/emerald.js; js/scenes/adventure.js; js/data/art_registry.js; js/data/presentation_assets.js; js/data/btf/environments.js,[]; route={}; fight={}; minigame={},Approved stillness/off-screen speaker accepted; important action gaps only those identified in ASSET_GAP_MATRIX. No missing image inferred from empty authored props.
