id,family,title,kind,status,reason,evidence,files
A00:dream,A00,THE GOLDFISH YEARS,adventure node,INSPECTED WITH FIXTURE,Checkpoint renderer or normal dialogue controls after a seeded entry; acquisition/waiting not played naturally.,runtime-inventory.json; scene-browser.json; continuity-browser.json; SCENE_CRITIQUE.md,js/data/btf/adventures/w1_opening.js; js/systems/rc3.js
A00:floor,A00,THE GOLDFISH YEARS,adventure node,INSPECTED WITH FIXTURE,Checkpoint renderer or normal dialogue controls after a seeded entry; acquisition/waiting not played naturally.,runtime-inventory.json; scene-browser.json; continuity-browser.json; SCENE_CRITIQUE.md,js/data/btf/adventures/w1_opening.js; js/systems/rc3.js
A00:fall1,A00,THE GOLDFISH YEARS,adventure node,INSPECTED WITH FIXTURE,Checkpoint renderer or normal dialogue controls after a seeded entry; acquisition/waiting not played naturally.,runtime-inventory.json; scene-browser.json; continuity-browser.json; SCENE_CRITIQUE.md,js/data/btf/adventures/w1_opening.js; js/systems/rc3.js
A00:try2,A00,THE GOLDFISH YEARS,adventure node,CUT,Definition survives but production RC3 links/choices/default flag bypass this node.,runtime-inventory.json; scene-browser.json; continuity-browser.json; SCENE_CRITIQUE.md,js/data/btf/adventures/w1_opening.js; js/systems/rc3.js
A00:fall2,A00,THE GOLDFISH YEARS,adventure node,CUT,Definition survives but production RC3 links/choices/default flag bypass this node.,runtime-inventory.json; scene-browser.json; continuity-browser.json; SCENE_CRITIQUE.md,js/data/btf/adventures/w1_opening.js; js/systems/rc3.js
A00:try3,A00,THE GOLDFISH YEARS,adventure node,CUT,Definition survives but production RC3 links/choices/default flag bypass this node.,runtime-inventory.json; scene-browser.json; continuity-browser.json; SCENE_CRITIQUE.md,js/data/btf/adventures/w1_opening.js; js/systems/rc3.js
A00:fall3,A00,THE GOLDFISH YEARS,adventure node,CUT,Definition survives but production RC3 links/choices/default flag bypass this node.,runtime-inventory.json; scene-browser.json; continuity-browser.json; SCENE_CRITIQUE.md,js/data/btf/adventures/w1_opening.js; js/systems/rc3.js
A00:sensei,A00,THE GOLDFISH YEARS,adventure node,CUT,Definition survives but production RC3 links/choices/default flag bypass this node.,runtime-inventory.json; scene-browser.json; continuity-browser.json; SCENE_CRITIQUE.md,js/data/btf/adventures/w1_opening.js; js/systems/rc3.js
A00:sensei_point,A00,THE GOLDFISH YEARS,adventure node,INSPECTED WITH FIXTURE,Checkpoint renderer or normal dialogue controls after a seeded entry; acquisition/waiting not played naturally.,runtime-inventory.json; scene-browser.json; continuity-browser.json; SCENE_CRITIQUE.md,js/data/btf/adventures/w1_opening.js; js/systems/rc3.js
A00:sensei_listen,A00,THE GOLDFISH YEARS,adventure node,CUT,Definition survives but production RC3 links/choices/default flag bypass this node.,runtime-inventory.json; scene-browser.json; continuity-browser.json; SCENE_CRITIQUE.md,js/data/btf/adventures/w1_opening.js; js/systems/rc3.js
A00:brain,A00,THE GOLDFISH YEARS,adventure node,CUT,Definition survives but production RC3 links/choices/default flag bypass this node.,runtime-inventory.json; scene-browser.json; continuity-browser.json; SCENE_CRITIQUE.md,js/data/btf/adventures/w1_opening.js; js/systems/rc3.js
A00:brain_offer,A00,THE GOLDFISH YEARS,adventure node,INSPECTED WITH FIXTURE,Checkpoint renderer or normal dialogue controls after a seeded entry; acquisition/waiting not played naturally.,runtime-inventory.json; scene-browser.json; continuity-browser.json; SCENE_CRITIQUE.md,js/data/btf/adventures/w1_opening.js; js/systems/rc3.js
A00:brain_all,A00,THE GOLDFISH YEARS,adventure node,SOURCE-ONLY,"Dialogue, transitions, effects and branch conditions inspected; no complete player traversal at this node.",runtime-inventory.json; scene-browser.json; continuity-browser.json; SCENE_CRITIQUE.md,js/data/btf/adventures/w1_opening.js; js/systems/rc3.js
A00:brain_one,A00,THE GOLDFISH YEARS,adventure node,SOURCE-ONLY,"Dialogue, transitions, effects and branch conditions inspected; no complete player traversal at this node.",runtime-inventory.json; scene-browser.json; continuity-browser.json; SCENE_CRITIQUE.md,js/data/btf/adventures/w1_opening.js; js/systems/rc3.js
A00:brain_ask,A00,THE GOLDFISH YEARS,adventure node,SOURCE-ONLY,"Dialogue, transitions, effects and branch conditions inspected; no complete player traversal at this node.",runtime-inventory.json; scene-browser.json; continuity-browser.json; SCENE_CRITIQUE.md,js/data/btf/adventures/w1_opening.js; js/systems/rc3.js
A00:brain_done,A00,THE GOLDFISH YEARS,adventure node,SOURCE-ONLY,"Dialogue, transitions, effects and branch conditions inspected; no complete player traversal at this node.",runtime-inventory.json; scene-browser.json; continuity-browser.json; SCENE_CRITIQUE.md,js/data/btf/adventures/w1_opening.js; js/systems/rc3.js
A00:merge,A00,THE GOLDFISH YEARS,adventure node,CUT,Definition survives but production RC3 links/choices/default flag bypass this node.,runtime-inventory.json; scene-browser.json; continuity-browser.json; SCENE_CRITIQUE.md,js/data/btf/adventures/w1_opening.js; js/systems/rc3.js
A00:fork,A00,THE GOLDFISH YEARS,adventure node,SOURCE-ONLY,"Dialogue, transitions, effects and branch conditions inspected; no complete player traversal at this node.",runtime-inventory.json; scene-browser.json; continuity-browser.json; SCENE_CRITIQUE.md,js/data/btf/adventures/w1_opening.js; js/systems/rc3.js
A00:out_climb,A00,THE GOLDFISH YEARS,adventure node,SOURCE-ONLY,"Dialogue, transitions, effects and branch conditions inspected; no complete player traversal at this node.",runtime-inventory.json; scene-browser.json; continuity-browser.json; SCENE_CRITIQUE.md,js/data/btf/adventures/w1_opening.js; js/systems/rc3.js
A00:out_swim,A00,THE GOLDFISH YEARS,adventure node,SOURCE-ONLY,"Dialogue, transitions, effects and branch conditions inspected; no complete player traversal at this node.",runtime-inventory.json; scene-browser.json; continuity-browser.json; SCENE_CRITIQUE.md,js/data/btf/adventures/w1_opening.js; js/systems/rc3.js
A00:out_ask,A00,THE GOLDFISH YEARS,adventure node,SOURCE-ONLY,"Dialogue, transitions, effects and branch conditions inspected; no complete player traversal at this node.",runtime-inventory.json; scene-browser.json; continuity-browser.json; SCENE_CRITIQUE.md,js/data/btf/adventures/w1_opening.js; js/systems/rc3.js
A00:out,A00,THE GOLDFISH YEARS,adventure node,SOURCE-ONLY,"Dialogue, transitions, effects and branch conditions inspected; no complete player traversal at this node.",runtime-inventory.json; scene-browser.json; continuity-browser.json; SCENE_CRITIQUE.md,js/data/btf/adventures/w1_opening.js; js/systems/rc3.js
NEW_OGA_M1:pitch,NEW_OGA_M1,JUG THE PLUG,adventure node,INSPECTED WITH FIXTURE,Checkpoint renderer or normal dialogue controls after a seeded entry; acquisition/waiting not played naturally.,runtime-inventory.json; scene-browser.json; continuity-browser.json; SCENE_CRITIQUE.md,js/data/btf/adventures/new_oga_m1_m3.js; js/systems/rc3.js
NEW_OGA_M1:brief,NEW_OGA_M1,JUG THE PLUG,adventure node,SOURCE-ONLY,"Dialogue, transitions, effects and branch conditions inspected; no complete player traversal at this node.",runtime-inventory.json; scene-browser.json; continuity-browser.json; SCENE_CRITIQUE.md,js/data/btf/adventures/new_oga_m1_m3.js; js/systems/rc3.js
NEW_OGA_M1:nah,NEW_OGA_M1,JUG THE PLUG,adventure node,CUT,Definition survives but production RC3 links/choices/default flag bypass this node.,runtime-inventory.json; scene-browser.json; continuity-browser.json; SCENE_CRITIQUE.md,js/data/btf/adventures/new_oga_m1_m3.js; js/systems/rc3.js
NEW_OGA_M1:table,NEW_OGA_M1,JUG THE PLUG,adventure node,INSPECTED WITH FIXTURE,Checkpoint renderer or normal dialogue controls after a seeded entry; acquisition/waiting not played naturally.,runtime-inventory.json; scene-browser.json; continuity-browser.json; SCENE_CRITIQUE.md,js/data/btf/adventures/new_oga_m1_m3.js; js/systems/rc3.js
NEW_OGA_M1:fight_smallie,NEW_OGA_M1,JUG THE PLUG,adventure node,SOURCE-ONLY,"Dialogue, transitions, effects and branch conditions inspected; no complete player traversal at this node.",runtime-inventory.json; scene-browser.json; continuity-browser.json; SCENE_CRITIQUE.md,js/data/btf/adventures/new_oga_m1_m3.js; js/systems/rc3.js
NEW_OGA_M1:fight_cousin,NEW_OGA_M1,JUG THE PLUG,adventure node,SOURCE-ONLY,"Dialogue, transitions, effects and branch conditions inspected; no complete player traversal at this node.",runtime-inventory.json; scene-browser.json; continuity-browser.json; SCENE_CRITIQUE.md,js/data/btf/adventures/new_oga_m1_m3.js; js/systems/rc3.js
NEW_OGA_M1:stick_done,NEW_OGA_M1,JUG THE PLUG,adventure node,SOURCE-ONLY,"Dialogue, transitions, effects and branch conditions inspected; no complete player traversal at this node.",runtime-inventory.json; scene-browser.json; continuity-browser.json; SCENE_CRITIQUE.md,js/data/btf/adventures/new_oga_m1_m3.js; js/systems/rc3.js
NEW_OGA_M1:switch,NEW_OGA_M1,JUG THE PLUG,adventure node,BLOCKED,"Fresh acquisition/entry is stranded: car or Kiki relationship gate, or legacy Armory room route removed. Fixture render is supplemental, not reachability proof.",runtime-inventory.json; scene-browser.json; continuity-browser.json; SCENE_CRITIQUE.md,js/data/btf/adventures/new_oga_m1_m3.js; js/systems/rc3.js
NEW_OGA_M1:touge,NEW_OGA_M1,JUG THE PLUG,adventure node,BLOCKED,"Fresh acquisition/entry is stranded: car or Kiki relationship gate, or legacy Armory room route removed. Fixture render is supplemental, not reachability proof.",runtime-inventory.json; scene-browser.json; continuity-browser.json; SCENE_CRITIQUE.md,js/data/btf/adventures/new_oga_m1_m3.js; js/systems/rc3.js
NEW_OGA_M1:touge_done,NEW_OGA_M1,JUG THE PLUG,adventure node,BLOCKED,"Fresh acquisition/entry is stranded: car or Kiki relationship gate, or legacy Armory room route removed. Fixture render is supplemental, not reachability proof.",runtime-inventory.json; scene-browser.json; continuity-browser.json; SCENE_CRITIQUE.md,js/data/btf/adventures/new_oga_m1_m3.js; js/systems/rc3.js
NEW_OGA_M1:leave,NEW_OGA_M1,JUG THE PLUG,adventure node,CUT,Definition survives but production RC3 links/choices/default flag bypass this node.,runtime-inventory.json; scene-browser.json; continuity-browser.json; SCENE_CRITIQUE.md,js/data/btf/adventures/new_oga_m1_m3.js; js/systems/rc3.js
NEW_OGA_M2:voice,NEW_OGA_M2,THE INTERVIEW,adventure node,INSPECTED WITH FIXTURE,Checkpoint renderer or normal dialogue controls after a seeded entry; acquisition/waiting not played naturally.,runtime-inventory.json; scene-browser.json; continuity-browser.json; SCENE_CRITIQUE.md,js/data/btf/adventures/new_oga_m1_m3.js; js/systems/rc3.js
NEW_OGA_M2:arrive,NEW_OGA_M2,THE INTERVIEW,adventure node,INSPECTED WITH FIXTURE,Checkpoint renderer or normal dialogue controls after a seeded entry; acquisition/waiting not played naturally.,runtime-inventory.json; scene-browser.json; continuity-browser.json; SCENE_CRITIQUE.md,js/data/btf/adventures/new_oga_m1_m3.js; js/systems/rc3.js
NEW_OGA_M2:questions,NEW_OGA_M2,THE INTERVIEW,adventure node,INSPECTED WITH FIXTURE,Checkpoint renderer or normal dialogue controls after a seeded entry; acquisition/waiting not played naturally.,runtime-inventory.json; scene-browser.json; continuity-browser.json; SCENE_CRITIQUE.md,js/data/btf/adventures/new_oga_m1_m3.js; js/systems/rc3.js
NEW_OGA_M2:flex_voice,NEW_OGA_M2,THE INTERVIEW,adventure node,SOURCE-ONLY,"Dialogue, transitions, effects and branch conditions inspected; no complete player traversal at this node.",runtime-inventory.json; scene-browser.json; continuity-browser.json; SCENE_CRITIQUE.md,js/data/btf/adventures/new_oga_m1_m3.js; js/systems/rc3.js
NEW_OGA_M2:debt,NEW_OGA_M2,THE INTERVIEW,adventure node,INSPECTED WITH FIXTURE,Checkpoint renderer or normal dialogue controls after a seeded entry; acquisition/waiting not played naturally.,runtime-inventory.json; scene-browser.json; continuity-browser.json; SCENE_CRITIQUE.md,js/data/btf/adventures/new_oga_m1_m3.js; js/systems/rc3.js
NEW_OGA_M2:pay,NEW_OGA_M2,THE INTERVIEW,adventure node,CUT,Definition survives but production RC3 links/choices/default flag bypass this node.,runtime-inventory.json; scene-browser.json; continuity-browser.json; SCENE_CRITIQUE.md,js/data/btf/adventures/new_oga_m1_m3.js; js/systems/rc3.js
NEW_OGA_M2:work,NEW_OGA_M2,THE INTERVIEW,adventure node,INSPECTED WITH FIXTURE,Checkpoint renderer or normal dialogue controls after a seeded entry; acquisition/waiting not played naturally.,runtime-inventory.json; scene-browser.json; continuity-browser.json; SCENE_CRITIQUE.md,js/data/btf/adventures/new_oga_m1_m3.js; js/systems/rc3.js
NEW_OGA_M3:voice,NEW_OGA_M3,CANOPY DUTY,adventure node,INSPECTED WITH FIXTURE,Checkpoint renderer or normal dialogue controls after a seeded entry; acquisition/waiting not played naturally.,runtime-inventory.json; scene-browser.json; continuity-browser.json; SCENE_CRITIQUE.md,js/data/btf/adventures/new_oga_m1_m3.js; js/systems/rc3.js
NEW_OGA_M3:chairs,NEW_OGA_M3,CANOPY DUTY,adventure node,SOURCE-ONLY,"Dialogue, transitions, effects and branch conditions inspected; no complete player traversal at this node.",runtime-inventory.json; scene-browser.json; continuity-browser.json; SCENE_CRITIQUE.md,js/data/btf/adventures/new_oga_m1_m3.js; js/systems/rc3.js
NEW_OGA_M3:critique,NEW_OGA_M3,CANOPY DUTY,adventure node,INSPECTED WITH FIXTURE,Checkpoint renderer or normal dialogue controls after a seeded entry; acquisition/waiting not played naturally.,runtime-inventory.json; scene-browser.json; continuity-browser.json; SCENE_CRITIQUE.md,js/data/btf/adventures/new_oga_m1_m3.js; js/systems/rc3.js
NEW_OGA_M3:delivery,NEW_OGA_M3,CANOPY DUTY,adventure node,SOURCE-ONLY,"Dialogue, transitions, effects and branch conditions inspected; no complete player traversal at this node.",runtime-inventory.json; scene-browser.json; continuity-browser.json; SCENE_CRITIQUE.md,js/data/btf/adventures/new_oga_m1_m3.js; js/systems/rc3.js
NEW_OGA_M3:complete,NEW_OGA_M3,CANOPY DUTY,adventure node,SOURCE-ONLY,"Dialogue, transitions, effects and branch conditions inspected; no complete player traversal at this node.",runtime-inventory.json; scene-browser.json; continuity-browser.json; SCENE_CRITIQUE.md,js/data/btf/adventures/new_oga_m1_m3.js; js/systems/rc3.js
NEW_OGA_M3:backout,NEW_OGA_M3,CANOPY DUTY,adventure node,SOURCE-ONLY,"Dialogue, transitions, effects and branch conditions inspected; no complete player traversal at this node.",runtime-inventory.json; scene-browser.json; continuity-browser.json; SCENE_CRITIQUE.md,js/data/btf/adventures/new_oga_m1_m3.js; js/systems/rc3.js
NEW_OGA_M4:voice,NEW_OGA_M4,SET UP CARLOS,adventure node,INSPECTED WITH FIXTURE,Checkpoint renderer or normal dialogue controls after a seeded entry; acquisition/waiting not played naturally.,runtime-inventory.json; scene-browser.json; continuity-browser.json; SCENE_CRITIQUE.md,js/data/btf/adventures/new_oga_m4.js; js/systems/rc3.js
NEW_OGA_M4:beat1,NEW_OGA_M4,SET UP CARLOS,adventure node,INSPECTED WITH FIXTURE,Checkpoint renderer or normal dialogue controls after a seeded entry; acquisition/waiting not played naturally.,runtime-inventory.json; scene-browser.json; continuity-browser.json; SCENE_CRITIQUE.md,js/data/btf/adventures/new_oga_m4.js; js/systems/rc3.js
NEW_OGA_M4:beat1_out,NEW_OGA_M4,SET UP CARLOS,adventure node,SOURCE-ONLY,"Dialogue, transitions, effects and branch conditions inspected; no complete player traversal at this node.",runtime-inventory.json; scene-browser.json; continuity-browser.json; SCENE_CRITIQUE.md,js/data/btf/adventures/new_oga_m4.js; js/systems/rc3.js
NEW_OGA_M4:beat2,NEW_OGA_M4,SET UP CARLOS,adventure node,INSPECTED WITH FIXTURE,Checkpoint renderer or normal dialogue controls after a seeded entry; acquisition/waiting not played naturally.,runtime-inventory.json; scene-browser.json; continuity-browser.json; SCENE_CRITIQUE.md,js/data/btf/adventures/new_oga_m4.js; js/systems/rc3.js
NEW_OGA_M4:beat2_out,NEW_OGA_M4,SET UP CARLOS,adventure node,SOURCE-ONLY,"Dialogue, transitions, effects and branch conditions inspected; no complete player traversal at this node.",runtime-inventory.json; scene-browser.json; continuity-browser.json; SCENE_CRITIQUE.md,js/data/btf/adventures/new_oga_m4.js; js/systems/rc3.js
NEW_OGA_M4:beat3,NEW_OGA_M4,SET UP CARLOS,adventure node,INSPECTED WITH FIXTURE,Checkpoint renderer or normal dialogue controls after a seeded entry; acquisition/waiting not played naturally.,runtime-inventory.json; scene-browser.json; continuity-browser.json; SCENE_CRITIQUE.md,js/data/btf/adventures/new_oga_m4.js; js/systems/rc3.js
NEW_OGA_M4:beat3_out,NEW_OGA_M4,SET UP CARLOS,adventure node,SOURCE-ONLY,"Dialogue, transitions, effects and branch conditions inspected; no complete player traversal at this node.",runtime-inventory.json; scene-browser.json; continuity-browser.json; SCENE_CRITIQUE.md,js/data/btf/adventures/new_oga_m4.js; js/systems/rc3.js
NEW_OGA_M4:beat4,NEW_OGA_M4,SET UP CARLOS,adventure node,INSPECTED WITH FIXTURE,Checkpoint renderer or normal dialogue controls after a seeded entry; acquisition/waiting not played naturally.,runtime-inventory.json; scene-browser.json; continuity-browser.json; SCENE_CRITIQUE.md,js/data/btf/adventures/new_oga_m4.js; js/systems/rc3.js
NEW_OGA_M4:walk_in,NEW_OGA_M4,SET UP CARLOS,adventure node,INSPECTED WITH FIXTURE,Checkpoint renderer or normal dialogue controls after a seeded entry; acquisition/waiting not played naturally.,runtime-inventory.json; scene-browser.json; continuity-browser.json; SCENE_CRITIQUE.md,js/data/btf/adventures/new_oga_m4.js; js/systems/rc3.js
NEW_OGA_M4:run,NEW_OGA_M4,SET UP CARLOS,adventure node,INSPECTED WITH FIXTURE,Checkpoint renderer or normal dialogue controls after a seeded entry; acquisition/waiting not played naturally.,runtime-inventory.json; scene-browser.json; continuity-browser.json; SCENE_CRITIQUE.md,js/data/btf/adventures/new_oga_m4.js; js/systems/rc3.js
NEW_OGA_M4:run_low,NEW_OGA_M4,SET UP CARLOS,adventure node,SOURCE-ONLY,"Dialogue, transitions, effects and branch conditions inspected; no complete player traversal at this node.",runtime-inventory.json; scene-browser.json; continuity-browser.json; SCENE_CRITIQUE.md,js/data/btf/adventures/new_oga_m4.js; js/systems/rc3.js
NEW_OGA_M4:run_high,NEW_OGA_M4,SET UP CARLOS,adventure node,SOURCE-ONLY,"Dialogue, transitions, effects and branch conditions inspected; no complete player traversal at this node.",runtime-inventory.json; scene-browser.json; continuity-browser.json; SCENE_CRITIQUE.md,js/data/btf/adventures/new_oga_m4.js; js/systems/rc3.js
NEW_OGA_ALTERNATIVE:voice,NEW_OGA_ALTERNATIVE,THE ALTERNATIVE,adventure node,INSPECTED WITH FIXTURE,Checkpoint renderer or normal dialogue controls after a seeded entry; acquisition/waiting not played naturally.,runtime-inventory.json; scene-browser.json; continuity-browser.json; SCENE_CRITIQUE.md,js/data/btf/adventures/new_oga_m4.js; js/systems/rc3.js
NEW_OGA_ALTERNATIVE:delivery,NEW_OGA_ALTERNATIVE,THE ALTERNATIVE,adventure node,CUT,Definition survives but production RC3 links/choices/default flag bypass this node.,runtime-inventory.json; scene-browser.json; continuity-browser.json; SCENE_CRITIQUE.md,js/data/btf/adventures/new_oga_m4.js; js/systems/rc3.js
NEW_OGA_ALTERNATIVE:chairs,NEW_OGA_ALTERNATIVE,THE ALTERNATIVE,adventure node,SOURCE-ONLY,"Dialogue, transitions, effects and branch conditions inspected; no complete player traversal at this node.",runtime-inventory.json; scene-browser.json; continuity-browser.json; SCENE_CRITIQUE.md,js/data/btf/adventures/new_oga_m4.js; js/systems/rc3.js
NEW_OGA_ALTERNATIVE:critique,NEW_OGA_ALTERNATIVE,THE ALTERNATIVE,adventure node,INSPECTED WITH FIXTURE,Checkpoint renderer or normal dialogue controls after a seeded entry; acquisition/waiting not played naturally.,runtime-inventory.json; scene-browser.json; continuity-browser.json; SCENE_CRITIQUE.md,js/data/btf/adventures/new_oga_m4.js; js/systems/rc3.js
NEW_OGA_ALTERNATIVE:complete,NEW_OGA_ALTERNATIVE,THE ALTERNATIVE,adventure node,SOURCE-ONLY,"Dialogue, transitions, effects and branch conditions inspected; no complete player traversal at this node.",runtime-inventory.json; scene-browser.json; continuity-browser.json; SCENE_CRITIQUE.md,js/data/btf/adventures/new_oga_m4.js; js/systems/rc3.js
NEW_OGA_M5:voice,NEW_OGA_M5,THE OWAMBE COLLECTION,adventure node,INSPECTED WITH FIXTURE,Checkpoint renderer or normal dialogue controls after a seeded entry; acquisition/waiting not played naturally.,runtime-inventory.json; scene-browser.json; continuity-browser.json; SCENE_CRITIQUE.md,js/data/btf/adventures/new_oga_m5_m6.js; js/systems/rc3.js
NEW_OGA_M5:arrival,NEW_OGA_M5,THE OWAMBE COLLECTION,adventure node,INSPECTED WITH FIXTURE,Checkpoint renderer or normal dialogue controls after a seeded entry; acquisition/waiting not played naturally.,runtime-inventory.json; scene-browser.json; continuity-browser.json; SCENE_CRITIQUE.md,js/data/btf/adventures/new_oga_m5_m6.js; js/systems/rc3.js
NEW_OGA_M5:collect,NEW_OGA_M5,THE OWAMBE COLLECTION,adventure node,SOURCE-ONLY,"Dialogue, transitions, effects and branch conditions inspected; no complete player traversal at this node.",runtime-inventory.json; scene-browser.json; continuity-browser.json; SCENE_CRITIQUE.md,js/data/btf/adventures/new_oga_m5_m6.js; js/systems/rc3.js
NEW_OGA_M5:success,NEW_OGA_M5,THE OWAMBE COLLECTION,adventure node,SOURCE-ONLY,"Dialogue, transitions, effects and branch conditions inspected; no complete player traversal at this node.",runtime-inventory.json; scene-browser.json; continuity-browser.json; SCENE_CRITIQUE.md,js/data/btf/adventures/new_oga_m5_m6.js; js/systems/rc3.js
NEW_OGA_M5:short,NEW_OGA_M5,THE OWAMBE COLLECTION,adventure node,SOURCE-ONLY,"Dialogue, transitions, effects and branch conditions inspected; no complete player traversal at this node.",runtime-inventory.json; scene-browser.json; continuity-browser.json; SCENE_CRITIQUE.md,js/data/btf/adventures/new_oga_m5_m6.js; js/systems/rc3.js
NEW_OGA_M5:greedy,NEW_OGA_M5,THE OWAMBE COLLECTION,adventure node,INSPECTED WITH FIXTURE,Checkpoint renderer or normal dialogue controls after a seeded entry; acquisition/waiting not played naturally.,runtime-inventory.json; scene-browser.json; continuity-browser.json; SCENE_CRITIQUE.md,js/data/btf/adventures/new_oga_m5_m6.js; js/systems/rc3.js
NEW_OGA_M5:backout,NEW_OGA_M5,THE OWAMBE COLLECTION,adventure node,INSPECTED WITH FIXTURE,Checkpoint renderer or normal dialogue controls after a seeded entry; acquisition/waiting not played naturally.,runtime-inventory.json; scene-browser.json; continuity-browser.json; SCENE_CRITIQUE.md,js/data/btf/adventures/new_oga_m5_m6.js; js/systems/rc3.js
NEW_OGA_M6:voice,NEW_OGA_M6,SENATOR,adventure node,INSPECTED WITH FIXTURE,Checkpoint renderer or normal dialogue controls after a seeded entry; acquisition/waiting not played naturally.,runtime-inventory.json; scene-browser.json; continuity-browser.json; SCENE_CRITIQUE.md,js/data/btf/adventures/new_oga_m5_m6.js; js/systems/rc3.js
NEW_OGA_M6:egusi,NEW_OGA_M6,SENATOR,adventure node,INSPECTED WITH FIXTURE,Checkpoint renderer or normal dialogue controls after a seeded entry; acquisition/waiting not played naturally.,runtime-inventory.json; scene-browser.json; continuity-browser.json; SCENE_CRITIQUE.md,js/data/btf/adventures/new_oga_m5_m6.js; js/systems/rc3.js
NEW_OGA_M6:mazda,NEW_OGA_M6,SENATOR,adventure node,INSPECTED WITH FIXTURE,Checkpoint renderer or normal dialogue controls after a seeded entry; acquisition/waiting not played naturally.,runtime-inventory.json; scene-browser.json; continuity-browser.json; SCENE_CRITIQUE.md,js/data/btf/adventures/new_oga_m5_m6.js; js/systems/rc3.js
NEW_OGA_M6:bread,NEW_OGA_M6,SENATOR,adventure node,INSPECTED WITH FIXTURE,Checkpoint renderer or normal dialogue controls after a seeded entry; acquisition/waiting not played naturally.,runtime-inventory.json; scene-browser.json; continuity-browser.json; SCENE_CRITIQUE.md,js/data/btf/adventures/new_oga_m5_m6.js; js/systems/rc3.js
NEW_OGA_M6:care,NEW_OGA_M6,SENATOR,adventure node,SOURCE-ONLY,"Dialogue, transitions, effects and branch conditions inspected; no complete player traversal at this node.",runtime-inventory.json; scene-browser.json; continuity-browser.json; SCENE_CRITIQUE.md,js/data/btf/adventures/new_oga_m5_m6.js; js/systems/rc3.js
NEW_OGA_M6:walked,NEW_OGA_M6,SENATOR,adventure node,INSPECTED WITH FIXTURE,Checkpoint renderer or normal dialogue controls after a seeded entry; acquisition/waiting not played naturally.,runtime-inventory.json; scene-browser.json; continuity-browser.json; SCENE_CRITIQUE.md,js/data/btf/adventures/new_oga_m5_m6.js; js/systems/rc3.js
NEW_OGA_M6:lost,NEW_OGA_M6,SENATOR,adventure node,INSPECTED WITH FIXTURE,Checkpoint renderer or normal dialogue controls after a seeded entry; acquisition/waiting not played naturally.,runtime-inventory.json; scene-browser.json; continuity-browser.json; SCENE_CRITIQUE.md,js/data/btf/adventures/new_oga_m5_m6.js; js/systems/rc3.js
NEW_OGA_M7:arrival,NEW_OGA_M7,DINNER AT GBENGA'S,adventure node,INSPECTED WITH FIXTURE,Checkpoint renderer or normal dialogue controls after a seeded entry; acquisition/waiting not played naturally.,runtime-inventory.json; scene-browser.json; continuity-browser.json; SCENE_CRITIQUE.md,js/data/btf/adventures/new_oga_m7.js; js/systems/rc3.js
NEW_OGA_M7:dinner,NEW_OGA_M7,DINNER AT GBENGA'S,adventure node,INSPECTED WITH FIXTURE,Checkpoint renderer or normal dialogue controls after a seeded entry; acquisition/waiting not played naturally.,runtime-inventory.json; scene-browser.json; continuity-browser.json; SCENE_CRITIQUE.md,js/data/btf/adventures/new_oga_m7.js; js/systems/rc3.js
NEW_OGA_M7:patio,NEW_OGA_M7,DINNER AT GBENGA'S,adventure node,INSPECTED WITH FIXTURE,Checkpoint renderer or normal dialogue controls after a seeded entry; acquisition/waiting not played naturally.,runtime-inventory.json; scene-browser.json; continuity-browser.json; SCENE_CRITIQUE.md,js/data/btf/adventures/new_oga_m7.js; js/systems/rc3.js
NEW_OGA_M7:door,NEW_OGA_M7,DINNER AT GBENGA'S,adventure node,INSPECTED WITH FIXTURE,Checkpoint renderer or normal dialogue controls after a seeded entry; acquisition/waiting not played naturally.,runtime-inventory.json; scene-browser.json; continuity-browser.json; SCENE_CRITIQUE.md,js/data/btf/adventures/new_oga_m7.js; js/systems/rc3.js
NEW_OGA_M7:take,NEW_OGA_M7,DINNER AT GBENGA'S,adventure node,INSPECTED WITH FIXTURE,Checkpoint renderer or normal dialogue controls after a seeded entry; acquisition/waiting not played naturally.,runtime-inventory.json; scene-browser.json; continuity-browser.json; SCENE_CRITIQUE.md,js/data/btf/adventures/new_oga_m7.js; js/systems/rc3.js
NEW_OGA_M7:refuse,NEW_OGA_M7,DINNER AT GBENGA'S,adventure node,INSPECTED WITH FIXTURE,Checkpoint renderer or normal dialogue controls after a seeded entry; acquisition/waiting not played naturally.,runtime-inventory.json; scene-browser.json; continuity-browser.json; SCENE_CRITIQUE.md,js/data/btf/adventures/new_oga_m7.js; js/systems/rc3.js
NEW_OGA_M8:job,NEW_OGA_M8,THE TURF WAR,adventure node,INSPECTED WITH FIXTURE,Checkpoint renderer or normal dialogue controls after a seeded entry; acquisition/waiting not played naturally.,runtime-inventory.json; scene-browser.json; continuity-browser.json; SCENE_CRITIQUE.md,js/frag/F07/m8_and_finale.js; js/systems/rc3.js
NEW_OGA_M8:choice,NEW_OGA_M8,THE TURF WAR,adventure node,SOURCE-ONLY,"Dialogue, transitions, effects and branch conditions inspected; no complete player traversal at this node.",runtime-inventory.json; scene-browser.json; continuity-browser.json; SCENE_CRITIQUE.md,js/frag/F07/m8_and_finale.js; js/systems/rc3.js
NEW_OGA_M8:play,NEW_OGA_M8,THE TURF WAR,adventure node,SOURCE-ONLY,"Dialogue, transitions, effects and branch conditions inspected; no complete player traversal at this node.",runtime-inventory.json; scene-browser.json; continuity-browser.json; SCENE_CRITIQUE.md,js/frag/F07/m8_and_finale.js; js/systems/rc3.js
NEW_OGA_M8:won,NEW_OGA_M8,THE TURF WAR,adventure node,SOURCE-ONLY,"Dialogue, transitions, effects and branch conditions inspected; no complete player traversal at this node.",runtime-inventory.json; scene-browser.json; continuity-browser.json; SCENE_CRITIQUE.md,js/frag/F07/m8_and_finale.js; js/systems/rc3.js
NEW_OGA_M8:lost,NEW_OGA_M8,THE TURF WAR,adventure node,SOURCE-ONLY,"Dialogue, transitions, effects and branch conditions inspected; no complete player traversal at this node.",runtime-inventory.json; scene-browser.json; continuity-browser.json; SCENE_CRITIQUE.md,js/frag/F07/m8_and_finale.js; js/systems/rc3.js
NEW_OGA_M8:refused,NEW_OGA_M8,THE TURF WAR,adventure node,SOURCE-ONLY,"Dialogue, transitions, effects and branch conditions inspected; no complete player traversal at this node.",runtime-inventory.json; scene-browser.json; continuity-browser.json; SCENE_CRITIQUE.md,js/frag/F07/m8_and_finale.js; js/systems/rc3.js
NEW_OGA_M8:postponed,NEW_OGA_M8,THE TURF WAR,adventure node,SOURCE-ONLY,"Dialogue, transitions, effects and branch conditions inspected; no complete player traversal at this node.",runtime-inventory.json; scene-browser.json; continuity-browser.json; SCENE_CRITIQUE.md,js/frag/F07/m8_and_finale.js; js/systems/rc3.js
NEW_OGA_M8:send_boys,NEW_OGA_M8,THE TURF WAR,adventure node,SOURCE-ONLY,"Dialogue, transitions, effects and branch conditions inspected; no complete player traversal at this node.",runtime-inventory.json; scene-browser.json; continuity-browser.json; SCENE_CRITIQUE.md,js/frag/F07/m8_and_finale.js; js/systems/rc3.js
NEW_OGA_M9:voice,NEW_OGA_M9,THE TRIBUTE,adventure node,INSPECTED WITH FIXTURE,Checkpoint renderer or normal dialogue controls after a seeded entry; acquisition/waiting not played naturally.,runtime-inventory.json; scene-browser.json; continuity-browser.json; SCENE_CRITIQUE.md,js/frag/F03/new_oga_ladder_close.js; js/systems/rc3.js
NEW_OGA_M9:choice,NEW_OGA_M9,THE TRIBUTE,adventure node,INSPECTED WITH FIXTURE,Checkpoint renderer or normal dialogue controls after a seeded entry; acquisition/waiting not played naturally.,runtime-inventory.json; scene-browser.json; continuity-browser.json; SCENE_CRITIQUE.md,js/frag/F03/new_oga_ladder_close.js; js/systems/rc3.js
NEW_OGA_M9:give,NEW_OGA_M9,THE TRIBUTE,adventure node,SOURCE-ONLY,"Dialogue, transitions, effects and branch conditions inspected; no complete player traversal at this node.",runtime-inventory.json; scene-browser.json; continuity-browser.json; SCENE_CRITIQUE.md,js/frag/F03/new_oga_ladder_close.js; js/systems/rc3.js
NEW_OGA_M9:other,NEW_OGA_M9,THE TRIBUTE,adventure node,SOURCE-ONLY,"Dialogue, transitions, effects and branch conditions inspected; no complete player traversal at this node.",runtime-inventory.json; scene-browser.json; continuity-browser.json; SCENE_CRITIQUE.md,js/frag/F03/new_oga_ladder_close.js; js/systems/rc3.js
NEW_OGA_M9:nah,NEW_OGA_M9,THE TRIBUTE,adventure node,INSPECTED WITH FIXTURE,Checkpoint renderer or normal dialogue controls after a seeded entry; acquisition/waiting not played naturally.,runtime-inventory.json; scene-browser.json; continuity-browser.json; SCENE_CRITIQUE.md,js/frag/F03/new_oga_ladder_close.js; js/systems/rc3.js
NEW_OGA_M10:voice,NEW_OGA_M10,VICE PRESIDENT,adventure node,INSPECTED WITH FIXTURE,Checkpoint renderer or normal dialogue controls after a seeded entry; acquisition/waiting not played naturally.,runtime-inventory.json; scene-browser.json; continuity-browser.json; SCENE_CRITIQUE.md,js/frag/F03/new_oga_ladder_close.js; js/systems/rc3.js
NEW_OGA_M10:grant,NEW_OGA_M10,VICE PRESIDENT,adventure node,INSPECTED WITH FIXTURE,Checkpoint renderer or normal dialogue controls after a seeded entry; acquisition/waiting not played naturally.,runtime-inventory.json; scene-browser.json; continuity-browser.json; SCENE_CRITIQUE.md,js/frag/F03/new_oga_ladder_close.js; js/systems/rc3.js
NEW_OGA_VAMPGPT:vampgpt,NEW_OGA_VAMPGPT,VAMPGPT,adventure node,INSPECTED WITH FIXTURE,Checkpoint renderer or normal dialogue controls after a seeded entry; acquisition/waiting not played naturally.,runtime-inventory.json; scene-browser.json; continuity-browser.json; SCENE_CRITIQUE.md,js/frag/F03/new_oga_ladder_close.js; js/systems/rc3.js
NEW_OGA_VAMPGPT:say_less,NEW_OGA_VAMPGPT,VAMPGPT,adventure node,INSPECTED WITH FIXTURE,Checkpoint renderer or normal dialogue controls after a seeded entry; acquisition/waiting not played naturally.,runtime-inventory.json; scene-browser.json; continuity-browser.json; SCENE_CRITIQUE.md,js/frag/F03/new_oga_ladder_close.js; js/systems/rc3.js
NEW_OGA_VAMPGPT:nah_stay,NEW_OGA_VAMPGPT,VAMPGPT,adventure node,SOURCE-ONLY,"Dialogue, transitions, effects and branch conditions inspected; no complete player traversal at this node.",runtime-inventory.json; scene-browser.json; continuity-browser.json; SCENE_CRITIQUE.md,js/frag/F03/new_oga_ladder_close.js; js/systems/rc3.js
NEW_OGA_FINALE:plan,NEW_OGA_FINALE,NEW OGA,adventure node,INSPECTED WITH FIXTURE,Checkpoint renderer or normal dialogue controls after a seeded entry; acquisition/waiting not played naturally.,runtime-inventory.json; scene-browser.json; continuity-browser.json; SCENE_CRITIQUE.md,js/frag/F07/m8_and_finale.js; js/systems/rc3.js
NEW_OGA_FINALE:pick2,NEW_OGA_FINALE,NEW OGA,adventure node,INSPECTED WITH FIXTURE,Checkpoint renderer or normal dialogue controls after a seeded entry; acquisition/waiting not played naturally.,runtime-inventory.json; scene-browser.json; continuity-browser.json; SCENE_CRITIQUE.md,js/frag/F07/m8_and_finale.js; js/systems/rc3.js
NEW_OGA_FINALE:pick3,NEW_OGA_FINALE,NEW OGA,adventure node,SOURCE-ONLY,"Dialogue, transitions, effects and branch conditions inspected; no complete player traversal at this node.",runtime-inventory.json; scene-browser.json; continuity-browser.json; SCENE_CRITIQUE.md,js/frag/F07/m8_and_finale.js; js/systems/rc3.js
NEW_OGA_FINALE:replan,NEW_OGA_FINALE,NEW OGA,adventure node,SOURCE-ONLY,"Dialogue, transitions, effects and branch conditions inspected; no complete player traversal at this node.",runtime-inventory.json; scene-browser.json; continuity-browser.json; SCENE_CRITIQUE.md,js/frag/F07/m8_and_finale.js; js/systems/rc3.js
NEW_OGA_FINALE:crew,NEW_OGA_FINALE,NEW OGA,adventure node,INSPECTED WITH FIXTURE,Checkpoint renderer or normal dialogue controls after a seeded entry; acquisition/waiting not played naturally.,runtime-inventory.json; scene-browser.json; continuity-browser.json; SCENE_CRITIQUE.md,js/frag/F07/m8_and_finale.js; js/systems/rc3.js
NEW_OGA_FINALE:party,NEW_OGA_FINALE,NEW OGA,adventure node,INSPECTED WITH FIXTURE,Checkpoint renderer or normal dialogue controls after a seeded entry; acquisition/waiting not played naturally.,runtime-inventory.json; scene-browser.json; continuity-browser.json; SCENE_CRITIQUE.md,js/frag/F07/m8_and_finale.js; js/systems/rc3.js
NEW_OGA_FINALE:p1,NEW_OGA_FINALE,NEW OGA,adventure node,SOURCE-ONLY,"Dialogue, transitions, effects and branch conditions inspected; no complete player traversal at this node.",runtime-inventory.json; scene-browser.json; continuity-browser.json; SCENE_CRITIQUE.md,js/frag/F07/m8_and_finale.js; js/systems/rc3.js
NEW_OGA_FINALE:p1_lost,NEW_OGA_FINALE,NEW OGA,adventure node,SOURCE-ONLY,"Dialogue, transitions, effects and branch conditions inspected; no complete player traversal at this node.",runtime-inventory.json; scene-browser.json; continuity-browser.json; SCENE_CRITIQUE.md,js/frag/F07/m8_and_finale.js; js/systems/rc3.js
NEW_OGA_FINALE:p1_refused,NEW_OGA_FINALE,NEW OGA,adventure node,SOURCE-ONLY,"Dialogue, transitions, effects and branch conditions inspected; no complete player traversal at this node.",runtime-inventory.json; scene-browser.json; continuity-browser.json; SCENE_CRITIQUE.md,js/frag/F07/m8_and_finale.js; js/systems/rc3.js
NEW_OGA_FINALE:postponed,NEW_OGA_FINALE,NEW OGA,adventure node,SOURCE-ONLY,"Dialogue, transitions, effects and branch conditions inspected; no complete player traversal at this node.",runtime-inventory.json; scene-browser.json; continuity-browser.json; SCENE_CRITIQUE.md,js/frag/F07/m8_and_finale.js; js/systems/rc3.js
NEW_OGA_FINALE:office,NEW_OGA_FINALE,NEW OGA,adventure node,INSPECTED WITH FIXTURE,Checkpoint renderer or normal dialogue controls after a seeded entry; acquisition/waiting not played naturally.,runtime-inventory.json; scene-browser.json; continuity-browser.json; SCENE_CRITIQUE.md,js/frag/F07/m8_and_finale.js; js/systems/rc3.js
NEW_OGA_FINALE:duel,NEW_OGA_FINALE,NEW OGA,adventure node,SOURCE-ONLY,"Dialogue, transitions, effects and branch conditions inspected; no complete player traversal at this node.",runtime-inventory.json; scene-browser.json; continuity-browser.json; SCENE_CRITIQUE.md,js/frag/F07/m8_and_finale.js; js/systems/rc3.js
NEW_OGA_FINALE:office_lost,NEW_OGA_FINALE,NEW OGA,adventure node,SOURCE-ONLY,"Dialogue, transitions, effects and branch conditions inspected; no complete player traversal at this node.",runtime-inventory.json; scene-browser.json; continuity-browser.json; SCENE_CRITIQUE.md,js/frag/F07/m8_and_finale.js; js/systems/rc3.js
NEW_OGA_FINALE:blessing,NEW_OGA_FINALE,NEW OGA,adventure node,INSPECTED WITH FIXTURE,Checkpoint renderer or normal dialogue controls after a seeded entry; acquisition/waiting not played naturally.,runtime-inventory.json; scene-browser.json; continuity-browser.json; SCENE_CRITIQUE.md,js/frag/F07/m8_and_finale.js; js/systems/rc3.js
NEW_OGA_FINALE:consigliere,NEW_OGA_FINALE,NEW OGA,adventure node,INSPECTED WITH FIXTURE,Checkpoint renderer or normal dialogue controls after a seeded entry; acquisition/waiting not played naturally.,runtime-inventory.json; scene-browser.json; continuity-browser.json; SCENE_CRITIQUE.md,js/frag/F07/m8_and_finale.js; js/systems/rc3.js
NEW_OGA_FINALE:takeover,NEW_OGA_FINALE,NEW OGA,adventure node,INSPECTED WITH FIXTURE,Checkpoint renderer or normal dialogue controls after a seeded entry; acquisition/waiting not played naturally.,runtime-inventory.json; scene-browser.json; continuity-browser.json; SCENE_CRITIQUE.md,js/frag/F07/m8_and_finale.js; js/systems/rc3.js
YAM:arrive,YAM,THE YAM,adventure node,INSPECTED WITH FIXTURE,Checkpoint renderer or normal dialogue controls after a seeded entry; acquisition/waiting not played naturally.,runtime-inventory.json; scene-browser.json; continuity-browser.json; SCENE_CRITIQUE.md,js/data/btf/adventures/rc2_story.js; js/systems/rc3.js
YAM:warranty,YAM,THE YAM,adventure node,SOURCE-ONLY,"Dialogue, transitions, effects and branch conditions inspected; no complete player traversal at this node.",runtime-inventory.json; scene-browser.json; continuity-browser.json; SCENE_CRITIQUE.md,js/data/btf/adventures/rc2_story.js; js/systems/rc3.js
YAM:refuse,YAM,THE YAM,adventure node,SOURCE-ONLY,"Dialogue, transitions, effects and branch conditions inspected; no complete player traversal at this node.",runtime-inventory.json; scene-browser.json; continuity-browser.json; SCENE_CRITIQUE.md,js/data/btf/adventures/rc2_story.js; js/systems/rc3.js
YAM:carry,YAM,THE YAM,adventure node,INSPECTED WITH FIXTURE,Checkpoint renderer or normal dialogue controls after a seeded entry; acquisition/waiting not played naturally.,runtime-inventory.json; scene-browser.json; continuity-browser.json; SCENE_CRITIQUE.md,js/data/btf/adventures/rc2_story.js; js/systems/rc3.js
YAM:kitchen,YAM,THE YAM,adventure node,INSPECTED WITH FIXTURE,Checkpoint renderer or normal dialogue controls after a seeded entry; acquisition/waiting not played naturally.,runtime-inventory.json; scene-browser.json; continuity-browser.json; SCENE_CRITIQUE.md,js/data/btf/adventures/rc2_story.js; js/systems/rc3.js
YAM:phone,YAM,THE YAM,adventure node,INSPECTED WITH FIXTURE,Checkpoint renderer or normal dialogue controls after a seeded entry; acquisition/waiting not played naturally.,runtime-inventory.json; scene-browser.json; continuity-browser.json; SCENE_CRITIQUE.md,js/data/btf/adventures/rc2_story.js; js/systems/rc3.js
YAM:boil,YAM,THE YAM,adventure node,SOURCE-ONLY,"Dialogue, transitions, effects and branch conditions inspected; no complete player traversal at this node.",runtime-inventory.json; scene-browser.json; continuity-browser.json; SCENE_CRITIQUE.md,js/data/btf/adventures/rc2_story.js; js/systems/rc3.js
YAM:roast,YAM,THE YAM,adventure node,SOURCE-ONLY,"Dialogue, transitions, effects and branch conditions inspected; no complete player traversal at this node.",runtime-inventory.json; scene-browser.json; continuity-browser.json; SCENE_CRITIQUE.md,js/data/btf/adventures/rc2_story.js; js/systems/rc3.js
YAM:pound,YAM,THE YAM,adventure node,SOURCE-ONLY,"Dialogue, transitions, effects and branch conditions inspected; no complete player traversal at this node.",runtime-inventory.json; scene-browser.json; continuity-browser.json; SCENE_CRITIQUE.md,js/data/btf/adventures/rc2_story.js; js/systems/rc3.js
YAM:dragon,YAM,THE YAM,adventure node,SOURCE-ONLY,"Dialogue, transitions, effects and branch conditions inspected; no complete player traversal at this node.",runtime-inventory.json; scene-browser.json; continuity-browser.json; SCENE_CRITIQUE.md,js/data/btf/adventures/rc2_story.js; js/systems/rc3.js
YAM:end,YAM,THE YAM,adventure node,SOURCE-ONLY,"Dialogue, transitions, effects and branch conditions inspected; no complete player traversal at this node.",runtime-inventory.json; scene-browser.json; continuity-browser.json; SCENE_CRITIQUE.md,js/data/btf/adventures/rc2_story.js; js/systems/rc3.js
AUNTIES:arrive,AUNTIES,THE AUNTIE COUNCIL,adventure node,INSPECTED WITH FIXTURE,Checkpoint renderer or normal dialogue controls after a seeded entry; acquisition/waiting not played naturally.,runtime-inventory.json; scene-browser.json; continuity-browser.json; SCENE_CRITIQUE.md,js/data/btf/adventures/rc2_story.js; js/systems/rc3.js
AUNTIES:work,AUNTIES,THE AUNTIE COUNCIL,adventure node,SOURCE-ONLY,"Dialogue, transitions, effects and branch conditions inspected; no complete player traversal at this node.",runtime-inventory.json; scene-browser.json; continuity-browser.json; SCENE_CRITIQUE.md,js/data/btf/adventures/rc2_story.js; js/systems/rc3.js
AUNTIES:work_music,AUNTIES,THE AUNTIE COUNCIL,adventure node,SOURCE-ONLY,"Dialogue, transitions, effects and branch conditions inspected; no complete player traversal at this node.",runtime-inventory.json; scene-browser.json; continuity-browser.json; SCENE_CRITIQUE.md,js/data/btf/adventures/rc2_story.js; js/systems/rc3.js
AUNTIES:work_castle,AUNTIES,THE AUNTIE COUNCIL,adventure node,SOURCE-ONLY,"Dialogue, transitions, effects and branch conditions inspected; no complete player traversal at this node.",runtime-inventory.json; scene-browser.json; continuity-browser.json; SCENE_CRITIQUE.md,js/data/btf/adventures/rc2_story.js; js/systems/rc3.js
AUNTIES:work_vamp,AUNTIES,THE AUNTIE COUNCIL,adventure node,SOURCE-ONLY,"Dialogue, transitions, effects and branch conditions inspected; no complete player traversal at this node.",runtime-inventory.json; scene-browser.json; continuity-browser.json; SCENE_CRITIQUE.md,js/data/btf/adventures/rc2_story.js; js/systems/rc3.js
AUNTIES:wed,AUNTIES,THE AUNTIE COUNCIL,adventure node,SOURCE-ONLY,"Dialogue, transitions, effects and branch conditions inspected; no complete player traversal at this node.",runtime-inventory.json; scene-browser.json; continuity-browser.json; SCENE_CRITIQUE.md,js/data/btf/adventures/rc2_story.js; js/systems/rc3.js
AUNTIES:wed_no,AUNTIES,THE AUNTIE COUNCIL,adventure node,SOURCE-ONLY,"Dialogue, transitions, effects and branch conditions inspected; no complete player traversal at this node.",runtime-inventory.json; scene-browser.json; continuity-browser.json; SCENE_CRITIQUE.md,js/data/btf/adventures/rc2_story.js; js/systems/rc3.js
AUNTIES:wed_comp,AUNTIES,THE AUNTIE COUNCIL,adventure node,SOURCE-ONLY,"Dialogue, transitions, effects and branch conditions inspected; no complete player traversal at this node.",runtime-inventory.json; scene-browser.json; continuity-browser.json; SCENE_CRITIQUE.md,js/data/btf/adventures/rc2_story.js; js/systems/rc3.js
AUNTIES:wed_busy,AUNTIES,THE AUNTIE COUNCIL,adventure node,SOURCE-ONLY,"Dialogue, transitions, effects and branch conditions inspected; no complete player traversal at this node.",runtime-inventory.json; scene-browser.json; continuity-browser.json; SCENE_CRITIQUE.md,js/data/btf/adventures/rc2_story.js; js/systems/rc3.js
AUNTIES:eat,AUNTIES,THE AUNTIE COUNCIL,adventure node,SOURCE-ONLY,"Dialogue, transitions, effects and branch conditions inspected; no complete player traversal at this node.",runtime-inventory.json; scene-browser.json; continuity-browser.json; SCENE_CRITIQUE.md,js/data/btf/adventures/rc2_story.js; js/systems/rc3.js
AUNTIES:verdict,AUNTIES,THE AUNTIE COUNCIL,adventure node,SOURCE-ONLY,"Dialogue, transitions, effects and branch conditions inspected; no complete player traversal at this node.",runtime-inventory.json; scene-browser.json; continuity-browser.json; SCENE_CRITIQUE.md,js/data/btf/adventures/rc2_story.js; js/systems/rc3.js
FUFU:arrive,FUFU,FUFU FRIDAY,adventure node,INSPECTED WITH FIXTURE,Checkpoint renderer or normal dialogue controls after a seeded entry; acquisition/waiting not played naturally.,runtime-inventory.json; scene-browser.json; continuity-browser.json; SCENE_CRITIQUE.md,js/data/btf/adventures/rc2_story.js; js/systems/rc3.js
FUFU:mom,FUFU,FUFU FRIDAY,adventure node,INSPECTED WITH FIXTURE,Checkpoint renderer or normal dialogue controls after a seeded entry; acquisition/waiting not played naturally.,runtime-inventory.json; scene-browser.json; continuity-browser.json; SCENE_CRITIQUE.md,js/data/btf/adventures/rc2_story.js; js/systems/rc3.js
FUFU:rule,FUFU,FUFU FRIDAY,adventure node,INSPECTED WITH FIXTURE,Checkpoint renderer or normal dialogue controls after a seeded entry; acquisition/waiting not played naturally.,runtime-inventory.json; scene-browser.json; continuity-browser.json; SCENE_CRITIQUE.md,js/data/btf/adventures/rc2_story.js; js/systems/rc3.js
FUFU:swallow,FUFU,FUFU FRIDAY,adventure node,SOURCE-ONLY,"Dialogue, transitions, effects and branch conditions inspected; no complete player traversal at this node.",runtime-inventory.json; scene-browser.json; continuity-browser.json; SCENE_CRITIQUE.md,js/data/btf/adventures/rc2_story.js; js/systems/rc3.js
FUFU:chew,FUFU,FUFU FRIDAY,adventure node,SOURCE-ONLY,"Dialogue, transitions, effects and branch conditions inspected; no complete player traversal at this node.",runtime-inventory.json; scene-browser.json; continuity-browser.json; SCENE_CRITIQUE.md,js/data/btf/adventures/rc2_story.js; js/systems/rc3.js
FUFU:octo,FUFU,FUFU FRIDAY,adventure node,SOURCE-ONLY,"Dialogue, transitions, effects and branch conditions inspected; no complete player traversal at this node.",runtime-inventory.json; scene-browser.json; continuity-browser.json; SCENE_CRITIQUE.md,js/data/btf/adventures/rc2_story.js; js/systems/rc3.js
FUFU:soup,FUFU,FUFU FRIDAY,adventure node,SOURCE-ONLY,"Dialogue, transitions, effects and branch conditions inspected; no complete player traversal at this node.",runtime-inventory.json; scene-browser.json; continuity-browser.json; SCENE_CRITIQUE.md,js/data/btf/adventures/rc2_story.js; js/systems/rc3.js
FUFU:end,FUFU,FUFU FRIDAY,adventure node,SOURCE-ONLY,"Dialogue, transitions, effects and branch conditions inspected; no complete player traversal at this node.",runtime-inventory.json; scene-browser.json; continuity-browser.json; SCENE_CRITIQUE.md,js/data/btf/adventures/rc2_story.js; js/systems/rc3.js
PLATES:knock,PLATES,THE FOIL PLATES,adventure node,INSPECTED WITH FIXTURE,Checkpoint renderer or normal dialogue controls after a seeded entry; acquisition/waiting not played naturally.,runtime-inventory.json; scene-browser.json; continuity-browser.json; SCENE_CRITIQUE.md,js/data/btf/adventures/rc2_story.js; js/systems/rc3.js
PLATES:hub,PLATES,THE FOIL PLATES,adventure node,INSPECTED WITH FIXTURE,Checkpoint renderer or normal dialogue controls after a seeded entry; acquisition/waiting not played naturally.,runtime-inventory.json; scene-browser.json; continuity-browser.json; SCENE_CRITIQUE.md,js/data/btf/adventures/rc2_story.js; js/systems/rc3.js
PLATES:tunde,PLATES,THE FOIL PLATES,adventure node,INSPECTED WITH FIXTURE,Checkpoint renderer or normal dialogue controls after a seeded entry; acquisition/waiting not played naturally.,runtime-inventory.json; scene-browser.json; continuity-browser.json; SCENE_CRITIQUE.md,js/data/btf/adventures/rc2_story.js; js/systems/rc3.js
PLATES:coffe,PLATES,THE FOIL PLATES,adventure node,INSPECTED WITH FIXTURE,Checkpoint renderer or normal dialogue controls after a seeded entry; acquisition/waiting not played naturally.,runtime-inventory.json; scene-browser.json; continuity-browser.json; SCENE_CRITIQUE.md,js/data/btf/adventures/rc2_story.js; js/systems/rc3.js
PLATES:dre,PLATES,THE FOIL PLATES,adventure node,INSPECTED WITH FIXTURE,Checkpoint renderer or normal dialogue controls after a seeded entry; acquisition/waiting not played naturally.,runtime-inventory.json; scene-browser.json; continuity-browser.json; SCENE_CRITIQUE.md,js/data/btf/adventures/rc2_story.js; js/systems/rc3.js
PLATES:lil_smack,PLATES,THE FOIL PLATES,adventure node,INSPECTED WITH FIXTURE,Checkpoint renderer or normal dialogue controls after a seeded entry; acquisition/waiting not played naturally.,runtime-inventory.json; scene-browser.json; continuity-browser.json; SCENE_CRITIQUE.md,js/data/btf/adventures/rc2_story.js; js/systems/rc3.js
PLATES:end,PLATES,THE FOIL PLATES,adventure node,INSPECTED WITH FIXTURE,Checkpoint renderer or normal dialogue controls after a seeded entry; acquisition/waiting not played naturally.,runtime-inventory.json; scene-browser.json; continuity-browser.json; SCENE_CRITIQUE.md,js/data/btf/adventures/rc2_story.js; js/systems/rc3.js
A30:wake,A30,BAD PORTOBELLOS,adventure node,INSPECTED WITH FIXTURE,Checkpoint renderer or normal dialogue controls after a seeded entry; acquisition/waiting not played naturally.,runtime-inventory.json; scene-browser.json; continuity-browser.json; SCENE_CRITIQUE.md,js/data/btf/adventures/w5.js; js/systems/rc3.js
A30:breakfast,A30,BAD PORTOBELLOS,adventure node,INSPECTED WITH FIXTURE,Checkpoint renderer or normal dialogue controls after a seeded entry; acquisition/waiting not played naturally.,runtime-inventory.json; scene-browser.json; continuity-browser.json; SCENE_CRITIQUE.md,js/data/btf/adventures/w5.js; js/systems/rc3.js
A30:commute,A30,BAD PORTOBELLOS,adventure node,SOURCE-ONLY,"Dialogue, transitions, effects and branch conditions inspected; no complete player traversal at this node.",runtime-inventory.json; scene-browser.json; continuity-browser.json; SCENE_CRITIQUE.md,js/data/btf/adventures/w5.js; js/systems/rc3.js
A30:kpi1,A30,BAD PORTOBELLOS,adventure node,INSPECTED WITH FIXTURE,Checkpoint renderer or normal dialogue controls after a seeded entry; acquisition/waiting not played naturally.,runtime-inventory.json; scene-browser.json; continuity-browser.json; SCENE_CRITIQUE.md,js/data/btf/adventures/w5.js; js/systems/rc3.js
A30:kpi2,A30,BAD PORTOBELLOS,adventure node,INSPECTED WITH FIXTURE,Checkpoint renderer or normal dialogue controls after a seeded entry; acquisition/waiting not played naturally.,runtime-inventory.json; scene-browser.json; continuity-browser.json; SCENE_CRITIQUE.md,js/data/btf/adventures/w5.js; js/systems/rc3.js
A30:kpi3,A30,BAD PORTOBELLOS,adventure node,INSPECTED WITH FIXTURE,Checkpoint renderer or normal dialogue controls after a seeded entry; acquisition/waiting not played naturally.,runtime-inventory.json; scene-browser.json; continuity-browser.json; SCENE_CRITIQUE.md,js/data/btf/adventures/w5.js; js/systems/rc3.js
A30:approve,A30,BAD PORTOBELLOS,adventure node,INSPECTED WITH FIXTURE,Checkpoint renderer or normal dialogue controls after a seeded entry; acquisition/waiting not played naturally.,runtime-inventory.json; scene-browser.json; continuity-browser.json; SCENE_CRITIQUE.md,js/data/btf/adventures/w5.js; js/systems/rc3.js
A30:bedtime,A30,BAD PORTOBELLOS,adventure node,INSPECTED WITH FIXTURE,Checkpoint renderer or normal dialogue controls after a seeded entry; acquisition/waiting not played naturally.,runtime-inventory.json; scene-browser.json; continuity-browser.json; SCENE_CRITIQUE.md,js/data/btf/adventures/w5.js; js/systems/rc3.js
A30:porch,A30,BAD PORTOBELLOS,adventure node,INSPECTED WITH FIXTURE,Checkpoint renderer or normal dialogue controls after a seeded entry; acquisition/waiting not played naturally.,runtime-inventory.json; scene-browser.json; continuity-browser.json; SCENE_CRITIQUE.md,js/data/btf/adventures/w5.js; js/systems/rc3.js
A30:bed,A30,BAD PORTOBELLOS,adventure node,INSPECTED WITH FIXTURE,Checkpoint renderer or normal dialogue controls after a seeded entry; acquisition/waiting not played naturally.,runtime-inventory.json; scene-browser.json; continuity-browser.json; SCENE_CRITIQUE.md,js/data/btf/adventures/w5.js; js/systems/rc3.js
A30:wakeup,A30,BAD PORTOBELLOS,adventure node,INSPECTED WITH FIXTURE,Checkpoint renderer or normal dialogue controls after a seeded entry; acquisition/waiting not played naturally.,runtime-inventory.json; scene-browser.json; continuity-browser.json; SCENE_CRITIQUE.md,js/data/btf/adventures/w5.js; js/systems/rc3.js
A57:stop,A57,OFFICER NODD,adventure node,INSPECTED WITH FIXTURE,Checkpoint renderer or normal dialogue controls after a seeded entry; acquisition/waiting not played naturally.,runtime-inventory.json; scene-browser.json; continuity-browser.json; SCENE_CRITIQUE.md,js/data/btf/adventures/w3.js; js/systems/rc3.js
A57:leave,A57,OFFICER NODD,adventure node,INSPECTED WITH FIXTURE,Checkpoint renderer or normal dialogue controls after a seeded entry; acquisition/waiting not played naturally.,runtime-inventory.json; scene-browser.json; continuity-browser.json; SCENE_CRITIQUE.md,js/data/btf/adventures/w3.js; js/systems/rc3.js
A57:end,A57,OFFICER NODD,adventure node,SOURCE-ONLY,"Dialogue, transitions, effects and branch conditions inspected; no complete player traversal at this node.",runtime-inventory.json; scene-browser.json; continuity-browser.json; SCENE_CRITIQUE.md,js/data/btf/adventures/w3.js; js/systems/rc3.js
A18:arrive,A18,FORTY KEVINS,adventure node,INSPECTED WITH FIXTURE,Checkpoint renderer or normal dialogue controls after a seeded entry; acquisition/waiting not played naturally.,runtime-inventory.json; scene-browser.json; continuity-browser.json; SCENE_CRITIQUE.md,js/data/btf/adventures/w3.js; js/systems/rc3.js
A18:drop,A18,FORTY KEVINS,adventure node,INSPECTED WITH FIXTURE,Checkpoint renderer or normal dialogue controls after a seeded entry; acquisition/waiting not played naturally.,runtime-inventory.json; scene-browser.json; continuity-browser.json; SCENE_CRITIQUE.md,js/data/btf/adventures/w3.js; js/systems/rc3.js
A18:talk,A18,FORTY KEVINS,adventure node,INSPECTED WITH FIXTURE,Checkpoint renderer or normal dialogue controls after a seeded entry; acquisition/waiting not played naturally.,runtime-inventory.json; scene-browser.json; continuity-browser.json; SCENE_CRITIQUE.md,js/data/btf/adventures/w3.js; js/systems/rc3.js
A18:fight,A18,FORTY KEVINS,adventure node,SOURCE-ONLY,"Dialogue, transitions, effects and branch conditions inspected; no complete player traversal at this node.",runtime-inventory.json; scene-browser.json; continuity-browser.json; SCENE_CRITIQUE.md,js/data/btf/adventures/w3.js; js/systems/rc3.js
A18:after,A18,FORTY KEVINS,adventure node,SOURCE-ONLY,"Dialogue, transitions, effects and branch conditions inspected; no complete player traversal at this node.",runtime-inventory.json; scene-browser.json; continuity-browser.json; SCENE_CRITIQUE.md,js/data/btf/adventures/w3.js; js/systems/rc3.js
A18:behavior,A18,FORTY KEVINS,adventure node,SOURCE-ONLY,"Dialogue, transitions, effects and branch conditions inspected; no complete player traversal at this node.",runtime-inventory.json; scene-browser.json; continuity-browser.json; SCENE_CRITIQUE.md,js/data/btf/adventures/w3.js; js/systems/rc3.js
A18:end,A18,FORTY KEVINS,adventure node,SOURCE-ONLY,"Dialogue, transitions, effects and branch conditions inspected; no complete player traversal at this node.",runtime-inventory.json; scene-browser.json; continuity-browser.json; SCENE_CRITIQUE.md,js/data/btf/adventures/w3.js; js/systems/rc3.js
A19:arrive,A19,BRUCE LOOSE AT THE FOOD COURT,adventure node,INSPECTED WITH FIXTURE,Checkpoint renderer or normal dialogue controls after a seeded entry; acquisition/waiting not played naturally.,runtime-inventory.json; scene-browser.json; continuity-browser.json; SCENE_CRITIQUE.md,js/data/btf/adventures/w3.js; js/systems/rc3.js
A19:fight,A19,BRUCE LOOSE AT THE FOOD COURT,adventure node,SOURCE-ONLY,"Dialogue, transitions, effects and branch conditions inspected; no complete player traversal at this node.",runtime-inventory.json; scene-browser.json; continuity-browser.json; SCENE_CRITIQUE.md,js/data/btf/adventures/w3.js; js/systems/rc3.js
A19:lesson,A19,BRUCE LOOSE AT THE FOOD COURT,adventure node,SOURCE-ONLY,"Dialogue, transitions, effects and branch conditions inspected; no complete player traversal at this node.",runtime-inventory.json; scene-browser.json; continuity-browser.json; SCENE_CRITIQUE.md,js/data/btf/adventures/w3.js; js/systems/rc3.js
A19:armory,A19,BRUCE LOOSE AT THE FOOD COURT,adventure node,SOURCE-ONLY,"Dialogue, transitions, effects and branch conditions inspected; no complete player traversal at this node.",runtime-inventory.json; scene-browser.json; continuity-browser.json; SCENE_CRITIQUE.md,js/data/btf/adventures/w3.js; js/systems/rc3.js
A19:end,A19,BRUCE LOOSE AT THE FOOD COURT,adventure node,SOURCE-ONLY,"Dialogue, transitions, effects and branch conditions inspected; no complete player traversal at this node.",runtime-inventory.json; scene-browser.json; continuity-browser.json; SCENE_CRITIQUE.md,js/data/btf/adventures/w3.js; js/systems/rc3.js
A39:ghost,A39,HIRING MARISOL,adventure node,INSPECTED WITH FIXTURE,Checkpoint renderer or normal dialogue controls after a seeded entry; acquisition/waiting not played naturally.,runtime-inventory.json; scene-browser.json; continuity-browser.json; SCENE_CRITIQUE.md,js/data/btf/adventures/w4.js; js/systems/rc3.js
A39:bones,A39,HIRING MARISOL,adventure node,SOURCE-ONLY,"Dialogue, transitions, effects and branch conditions inspected; no complete player traversal at this node.",runtime-inventory.json; scene-browser.json; continuity-browser.json; SCENE_CRITIQUE.md,js/data/btf/adventures/w4.js; js/systems/rc3.js
A39:marisol,A39,HIRING MARISOL,adventure node,INSPECTED WITH FIXTURE,Checkpoint renderer or normal dialogue controls after a seeded entry; acquisition/waiting not played naturally.,runtime-inventory.json; scene-browser.json; continuity-browser.json; SCENE_CRITIQUE.md,js/data/btf/adventures/w4.js; js/systems/rc3.js
A39:hire,A39,HIRING MARISOL,adventure node,SOURCE-ONLY,"Dialogue, transitions, effects and branch conditions inspected; no complete player traversal at this node.",runtime-inventory.json; scene-browser.json; continuity-browser.json; SCENE_CRITIQUE.md,js/data/btf/adventures/w4.js; js/systems/rc3.js
A39:done,A39,HIRING MARISOL,adventure node,SOURCE-ONLY,"Dialogue, transitions, effects and branch conditions inspected; no complete player traversal at this node.",runtime-inventory.json; scene-browser.json; continuity-browser.json; SCENE_CRITIQUE.md,js/data/btf/adventures/w4.js; js/systems/rc3.js
A10:arrive,A10,UNCLE SUNDAY & THE AGEGE BREAD,adventure node,INSPECTED WITH FIXTURE,Checkpoint renderer or normal dialogue controls after a seeded entry; acquisition/waiting not played naturally.,runtime-inventory.json; scene-browser.json; continuity-browser.json; SCENE_CRITIQUE.md,js/data/btf/adventures/w2.js; js/systems/rc3.js
A10:fight,A10,UNCLE SUNDAY & THE AGEGE BREAD,adventure node,SOURCE-ONLY,"Dialogue, transitions, effects and branch conditions inspected; no complete player traversal at this node.",runtime-inventory.json; scene-browser.json; continuity-browser.json; SCENE_CRITIQUE.md,js/data/btf/adventures/w2.js; js/systems/rc3.js
A10:winbread,A10,UNCLE SUNDAY & THE AGEGE BREAD,adventure node,SOURCE-ONLY,"Dialogue, transitions, effects and branch conditions inspected; no complete player traversal at this node.",runtime-inventory.json; scene-browser.json; continuity-browser.json; SCENE_CRITIQUE.md,js/data/btf/adventures/w2.js; js/systems/rc3.js
A10:losebread,A10,UNCLE SUNDAY & THE AGEGE BREAD,adventure node,SOURCE-ONLY,"Dialogue, transitions, effects and branch conditions inspected; no complete player traversal at this node.",runtime-inventory.json; scene-browser.json; continuity-browser.json; SCENE_CRITIQUE.md,js/data/btf/adventures/w2.js; js/systems/rc3.js
A10:sparedbread,A10,UNCLE SUNDAY & THE AGEGE BREAD,adventure node,SOURCE-ONLY,"Dialogue, transitions, effects and branch conditions inspected; no complete player traversal at this node.",runtime-inventory.json; scene-browser.json; continuity-browser.json; SCENE_CRITIQUE.md,js/data/btf/adventures/w2.js; js/systems/rc3.js
A10:pay,A10,UNCLE SUNDAY & THE AGEGE BREAD,adventure node,INSPECTED WITH FIXTURE,Checkpoint renderer or normal dialogue controls after a seeded entry; acquisition/waiting not played naturally.,runtime-inventory.json; scene-browser.json; continuity-browser.json; SCENE_CRITIQUE.md,js/data/btf/adventures/w2.js; js/systems/rc3.js
A10:melt,A10,UNCLE SUNDAY & THE AGEGE BREAD,adventure node,INSPECTED WITH FIXTURE,Checkpoint renderer or normal dialogue controls after a seeded entry; acquisition/waiting not played naturally.,runtime-inventory.json; scene-browser.json; continuity-browser.json; SCENE_CRITIQUE.md,js/data/btf/adventures/w2.js; js/systems/rc3.js
A10:settle,A10,UNCLE SUNDAY & THE AGEGE BREAD,adventure node,INSPECTED WITH FIXTURE,Checkpoint renderer or normal dialogue controls after a seeded entry; acquisition/waiting not played naturally.,runtime-inventory.json; scene-browser.json; continuity-browser.json; SCENE_CRITIQUE.md,js/data/btf/adventures/w2.js; js/systems/rc3.js
A43:arrive,A43,NAIJA MART & THE MALT,adventure node,INSPECTED WITH FIXTURE,Checkpoint renderer or normal dialogue controls after a seeded entry; acquisition/waiting not played naturally.,runtime-inventory.json; scene-browser.json; continuity-browser.json; SCENE_CRITIQUE.md,js/data/btf/adventures/w1_life.js; js/systems/rc3.js
A43:q2,A43,NAIJA MART & THE MALT,adventure node,SOURCE-ONLY,"Dialogue, transitions, effects and branch conditions inspected; no complete player traversal at this node.",runtime-inventory.json; scene-browser.json; continuity-browser.json; SCENE_CRITIQUE.md,js/data/btf/adventures/w1_life.js; js/systems/rc3.js
A43:q2o,A43,NAIJA MART & THE MALT,adventure node,SOURCE-ONLY,"Dialogue, transitions, effects and branch conditions inspected; no complete player traversal at this node.",runtime-inventory.json; scene-browser.json; continuity-browser.json; SCENE_CRITIQUE.md,js/data/btf/adventures/w1_life.js; js/systems/rc3.js
A43:buy,A43,NAIJA MART & THE MALT,adventure node,SOURCE-ONLY,"Dialogue, transitions, effects and branch conditions inspected; no complete player traversal at this node.",runtime-inventory.json; scene-browser.json; continuity-browser.json; SCENE_CRITIQUE.md,js/data/btf/adventures/w1_life.js; js/systems/rc3.js
A43:curb,A43,NAIJA MART & THE MALT,adventure node,INSPECTED WITH FIXTURE,Checkpoint renderer or normal dialogue controls after a seeded entry; acquisition/waiting not played naturally.,runtime-inventory.json; scene-browser.json; continuity-browser.json; SCENE_CRITIQUE.md,js/data/btf/adventures/w1_life.js; js/systems/rc3.js
A50:arrive,A50,LAN NIGHT,adventure node,INSPECTED WITH FIXTURE,Checkpoint renderer or normal dialogue controls after a seeded entry; acquisition/waiting not played naturally.,runtime-inventory.json; scene-browser.json; continuity-browser.json; SCENE_CRITIQUE.md,js/data/btf/adventures/w3.js; js/systems/rc3.js
A50:civ,A50,LAN NIGHT,adventure node,SOURCE-ONLY,"Dialogue, transitions, effects and branch conditions inspected; no complete player traversal at this node.",runtime-inventory.json; scene-browser.json; continuity-browser.json; SCENE_CRITIQUE.md,js/data/btf/adventures/w3.js; js/systems/rc3.js
A50:xcom,A50,LAN NIGHT,adventure node,SOURCE-ONLY,"Dialogue, transitions, effects and branch conditions inspected; no complete player traversal at this node.",runtime-inventory.json; scene-browser.json; continuity-browser.json; SCENE_CRITIQUE.md,js/data/btf/adventures/w3.js; js/systems/rc3.js
A50:league,A50,LAN NIGHT,adventure node,SOURCE-ONLY,"Dialogue, transitions, effects and branch conditions inspected; no complete player traversal at this node.",runtime-inventory.json; scene-browser.json; continuity-browser.json; SCENE_CRITIQUE.md,js/data/btf/adventures/w3.js; js/systems/rc3.js
A50:sunrise,A50,LAN NIGHT,adventure node,SOURCE-ONLY,"Dialogue, transitions, effects and branch conditions inspected; no complete player traversal at this node.",runtime-inventory.json; scene-browser.json; continuity-browser.json; SCENE_CRITIQUE.md,js/data/btf/adventures/w3.js; js/systems/rc3.js
A50:end,A50,LAN NIGHT,adventure node,SOURCE-ONLY,"Dialogue, transitions, effects and branch conditions inspected; no complete player traversal at this node.",runtime-inventory.json; scene-browser.json; continuity-browser.json; SCENE_CRITIQUE.md,js/data/btf/adventures/w3.js; js/systems/rc3.js
A31:start,A31,GOD ON THE CURB,adventure node,INSPECTED WITH FIXTURE,Checkpoint renderer or normal dialogue controls after a seeded entry; acquisition/waiting not played naturally.,runtime-inventory.json; scene-browser.json; continuity-browser.json; SCENE_CRITIQUE.md,js/data/btf/adventures/w5.js; js/systems/rc3.js
A31:arrive,A31,GOD ON THE CURB,adventure node,INSPECTED WITH FIXTURE,Checkpoint renderer or normal dialogue controls after a seeded entry; acquisition/waiting not played naturally.,runtime-inventory.json; scene-browser.json; continuity-browser.json; SCENE_CRITIQUE.md,js/data/btf/adventures/w5.js; js/systems/rc3.js
A31:stars,A31,GOD ON THE CURB,adventure node,SOURCE-ONLY,"Dialogue, transitions, effects and branch conditions inspected; no complete player traversal at this node.",runtime-inventory.json; scene-browser.json; continuity-browser.json; SCENE_CRITIQUE.md,js/data/btf/adventures/w5.js; js/systems/rc3.js
A31:silence,A31,GOD ON THE CURB,adventure node,SOURCE-ONLY,"Dialogue, transitions, effects and branch conditions inspected; no complete player traversal at this node.",runtime-inventory.json; scene-browser.json; continuity-browser.json; SCENE_CRITIQUE.md,js/data/btf/adventures/w5.js; js/systems/rc3.js
A31:fade,A31,GOD ON THE CURB,adventure node,INSPECTED WITH FIXTURE,Checkpoint renderer or normal dialogue controls after a seeded entry; acquisition/waiting not played naturally.,runtime-inventory.json; scene-browser.json; continuity-browser.json; SCENE_CRITIQUE.md,js/data/btf/adventures/w5.js; js/systems/rc3.js
A56:arrive,A56,LIL SMACK #5,adventure node,INSPECTED WITH FIXTURE,Checkpoint renderer or normal dialogue controls after a seeded entry; acquisition/waiting not played naturally.,runtime-inventory.json; scene-browser.json; continuity-browser.json; SCENE_CRITIQUE.md,js/data/btf/adventures/w5.js; js/systems/rc3.js
A56:react,A56,LIL SMACK #5,adventure node,SOURCE-ONLY,"Dialogue, transitions, effects and branch conditions inspected; no complete player traversal at this node.",runtime-inventory.json; scene-browser.json; continuity-browser.json; SCENE_CRITIQUE.md,js/data/btf/adventures/w5.js; js/systems/rc3.js
A56:leave,A56,LIL SMACK #5,adventure node,SOURCE-ONLY,"Dialogue, transitions, effects and branch conditions inspected; no complete player traversal at this node.",runtime-inventory.json; scene-browser.json; continuity-browser.json; SCENE_CRITIQUE.md,js/data/btf/adventures/w5.js; js/systems/rc3.js
A20:arrive,A20,POWER LEVEL PHIL,adventure node,INSPECTED WITH FIXTURE,Checkpoint renderer or normal dialogue controls after a seeded entry; acquisition/waiting not played naturally.,runtime-inventory.json; scene-browser.json; continuity-browser.json; SCENE_CRITIQUE.md,js/data/btf/adventures/w3.js; js/systems/rc3.js
A20:fork,A20,POWER LEVEL PHIL,adventure node,SOURCE-ONLY,"Dialogue, transitions, effects and branch conditions inspected; no complete player traversal at this node.",runtime-inventory.json; scene-browser.json; continuity-browser.json; SCENE_CRITIQUE.md,js/data/btf/adventures/w3.js; js/systems/rc3.js
A20:ask,A20,POWER LEVEL PHIL,adventure node,SOURCE-ONLY,"Dialogue, transitions, effects and branch conditions inspected; no complete player traversal at this node.",runtime-inventory.json; scene-browser.json; continuity-browser.json; SCENE_CRITIQUE.md,js/data/btf/adventures/w3.js; js/systems/rc3.js
A20:fightnow,A20,POWER LEVEL PHIL,adventure node,SOURCE-ONLY,"Dialogue, transitions, effects and branch conditions inspected; no complete player traversal at this node.",runtime-inventory.json; scene-browser.json; continuity-browser.json; SCENE_CRITIQUE.md,js/data/btf/adventures/w3.js; js/systems/rc3.js
A20:food,A20,POWER LEVEL PHIL,adventure node,INSPECTED WITH FIXTURE,Checkpoint renderer or normal dialogue controls after a seeded entry; acquisition/waiting not played naturally.,runtime-inventory.json; scene-browser.json; continuity-browser.json; SCENE_CRITIQUE.md,js/data/btf/adventures/w3.js; js/systems/rc3.js
A20:wrap,A20,POWER LEVEL PHIL,adventure node,INSPECTED WITH FIXTURE,Checkpoint renderer or normal dialogue controls after a seeded entry; acquisition/waiting not played naturally.,runtime-inventory.json; scene-browser.json; continuity-browser.json; SCENE_CRITIQUE.md,js/data/btf/adventures/w3.js; js/systems/rc3.js
A20:end,A20,POWER LEVEL PHIL,adventure node,SOURCE-ONLY,"Dialogue, transitions, effects and branch conditions inspected; no complete player traversal at this node.",runtime-inventory.json; scene-browser.json; continuity-browser.json; SCENE_CRITIQUE.md,js/data/btf/adventures/w3.js; js/systems/rc3.js
A27:arrive,A27,SIR BONESWORTH,adventure node,INSPECTED WITH FIXTURE,Checkpoint renderer or normal dialogue controls after a seeded entry; acquisition/waiting not played naturally.,runtime-inventory.json; scene-browser.json; continuity-browser.json; SCENE_CRITIQUE.md,js/data/btf/adventures/w3.js; js/systems/rc3.js
A27:fight,A27,SIR BONESWORTH,adventure node,SOURCE-ONLY,"Dialogue, transitions, effects and branch conditions inspected; no complete player traversal at this node.",runtime-inventory.json; scene-browser.json; continuity-browser.json; SCENE_CRITIQUE.md,js/data/btf/adventures/w3.js; js/systems/rc3.js
A27:outcome,A27,SIR BONESWORTH,adventure node,SOURCE-ONLY,"Dialogue, transitions, effects and branch conditions inspected; no complete player traversal at this node.",runtime-inventory.json; scene-browser.json; continuity-browser.json; SCENE_CRITIQUE.md,js/data/btf/adventures/w3.js; js/systems/rc3.js
A27:sword,A27,SIR BONESWORTH,adventure node,SOURCE-ONLY,"Dialogue, transitions, effects and branch conditions inspected; no complete player traversal at this node.",runtime-inventory.json; scene-browser.json; continuity-browser.json; SCENE_CRITIQUE.md,js/data/btf/adventures/w3.js; js/systems/rc3.js
A27:resident,A27,SIR BONESWORTH,adventure node,SOURCE-ONLY,"Dialogue, transitions, effects and branch conditions inspected; no complete player traversal at this node.",runtime-inventory.json; scene-browser.json; continuity-browser.json; SCENE_CRITIQUE.md,js/data/btf/adventures/w3.js; js/systems/rc3.js
A27:end,A27,SIR BONESWORTH,adventure node,SOURCE-ONLY,"Dialogue, transitions, effects and branch conditions inspected; no complete player traversal at this node.",runtime-inventory.json; scene-browser.json; continuity-browser.json; SCENE_CRITIQUE.md,js/data/btf/adventures/w3.js; js/systems/rc3.js
A23:arrive,A23,HILT DOESN'T PLAY,adventure node,INSPECTED WITH FIXTURE,Checkpoint renderer or normal dialogue controls after a seeded entry; acquisition/waiting not played naturally.,runtime-inventory.json; scene-browser.json; continuity-browser.json; SCENE_CRITIQUE.md,js/data/btf/adventures/w3.js; js/systems/rc3.js
A23:fight,A23,HILT DOESN'T PLAY,adventure node,SOURCE-ONLY,"Dialogue, transitions, effects and branch conditions inspected; no complete player traversal at this node.",runtime-inventory.json; scene-browser.json; continuity-browser.json; SCENE_CRITIQUE.md,js/data/btf/adventures/w3.js; js/systems/rc3.js
A23:take,A23,HILT DOESN'T PLAY,adventure node,SOURCE-ONLY,"Dialogue, transitions, effects and branch conditions inspected; no complete player traversal at this node.",runtime-inventory.json; scene-browser.json; continuity-browser.json; SCENE_CRITIQUE.md,js/data/btf/adventures/w3.js; js/systems/rc3.js
A23:leave,A23,HILT DOESN'T PLAY,adventure node,INSPECTED WITH FIXTURE,Checkpoint renderer or normal dialogue controls after a seeded entry; acquisition/waiting not played naturally.,runtime-inventory.json; scene-browser.json; continuity-browser.json; SCENE_CRITIQUE.md,js/data/btf/adventures/w3.js; js/systems/rc3.js
A23:end,A23,HILT DOESN'T PLAY,adventure node,SOURCE-ONLY,"Dialogue, transitions, effects and branch conditions inspected; no complete player traversal at this node.",runtime-inventory.json; scene-browser.json; continuity-browser.json; SCENE_CRITIQUE.md,js/data/btf/adventures/w3.js; js/systems/rc3.js
A24:arrive,A24,GUNS AND GRACE,adventure node,INSPECTED WITH FIXTURE,Checkpoint renderer or normal dialogue controls after a seeded entry; acquisition/waiting not played naturally.,runtime-inventory.json; scene-browser.json; continuity-browser.json; SCENE_CRITIQUE.md,js/data/btf/adventures/w3.js; js/systems/rc3.js
A24:explain,A24,GUNS AND GRACE,adventure node,SOURCE-ONLY,"Dialogue, transitions, effects and branch conditions inspected; no complete player traversal at this node.",runtime-inventory.json; scene-browser.json; continuity-browser.json; SCENE_CRITIQUE.md,js/data/btf/adventures/w3.js; js/systems/rc3.js
A24:end,A24,GUNS AND GRACE,adventure node,SOURCE-ONLY,"Dialogue, transitions, effects and branch conditions inspected; no complete player traversal at this node.",runtime-inventory.json; scene-browser.json; continuity-browser.json; SCENE_CRITIQUE.md,js/data/btf/adventures/w3.js; js/systems/rc3.js
JOLLOF_WARS:arrive,JOLLOF_WARS,JOLLOF WARS,adventure node,INSPECTED WITH FIXTURE,Checkpoint renderer or normal dialogue controls after a seeded entry; acquisition/waiting not played naturally.,runtime-inventory.json; scene-browser.json; continuity-browser.json; SCENE_CRITIQUE.md,js/data/btf/adventures/w5.js; js/systems/rc3.js
JOLLOF_WARS:cook,JOLLOF_WARS,JOLLOF WARS,adventure node,SOURCE-ONLY,"Dialogue, transitions, effects and branch conditions inspected; no complete player traversal at this node.",runtime-inventory.json; scene-browser.json; continuity-browser.json; SCENE_CRITIQUE.md,js/data/btf/adventures/w5.js; js/systems/rc3.js
JOLLOF_WARS:win,JOLLOF_WARS,JOLLOF WARS,adventure node,SOURCE-ONLY,"Dialogue, transitions, effects and branch conditions inspected; no complete player traversal at this node.",runtime-inventory.json; scene-browser.json; continuity-browser.json; SCENE_CRITIQUE.md,js/data/btf/adventures/w5.js; js/systems/rc3.js
JOLLOF_WARS:lose,JOLLOF_WARS,JOLLOF WARS,adventure node,SOURCE-ONLY,"Dialogue, transitions, effects and branch conditions inspected; no complete player traversal at this node.",runtime-inventory.json; scene-browser.json; continuity-browser.json; SCENE_CRITIQUE.md,js/data/btf/adventures/w5.js; js/systems/rc3.js
A54:arrive,A54,JOLLOF WARS: THE FINAL,adventure node,INSPECTED WITH FIXTURE,Checkpoint renderer or normal dialogue controls after a seeded entry; acquisition/waiting not played naturally.,runtime-inventory.json; scene-browser.json; continuity-browser.json; SCENE_CRITIQUE.md,js/data/btf/adventures/w5.js; js/systems/rc3.js
A54:cook,A54,JOLLOF WARS: THE FINAL,adventure node,SOURCE-ONLY,"Dialogue, transitions, effects and branch conditions inspected; no complete player traversal at this node.",runtime-inventory.json; scene-browser.json; continuity-browser.json; SCENE_CRITIQUE.md,js/data/btf/adventures/w5.js; js/systems/rc3.js
A54:win,A54,JOLLOF WARS: THE FINAL,adventure node,SOURCE-ONLY,"Dialogue, transitions, effects and branch conditions inspected; no complete player traversal at this node.",runtime-inventory.json; scene-browser.json; continuity-browser.json; SCENE_CRITIQUE.md,js/data/btf/adventures/w5.js; js/systems/rc3.js
A54:lose,A54,JOLLOF WARS: THE FINAL,adventure node,SOURCE-ONLY,"Dialogue, transitions, effects and branch conditions inspected; no complete player traversal at this node.",runtime-inventory.json; scene-browser.json; continuity-browser.json; SCENE_CRITIQUE.md,js/data/btf/adventures/w5.js; js/systems/rc3.js
ARMORY:shop,ARMORY,THE ARMORY,adventure node,BLOCKED,"Fresh acquisition/entry is stranded: car or Kiki relationship gate, or legacy Armory room route removed. Fixture render is supplemental, not reachability proof.",runtime-inventory.json; scene-browser.json; continuity-browser.json; SCENE_CRITIQUE.md,js/data/btf/adventures/w3.js; js/systems/rc3.js
ARMORY:out,ARMORY,THE ARMORY,adventure node,BLOCKED,"Fresh acquisition/entry is stranded: car or Kiki relationship gate, or legacy Armory room route removed. Fixture render is supplemental, not reachability proof.",runtime-inventory.json; scene-browser.json; continuity-browser.json; SCENE_CRITIQUE.md,js/data/btf/adventures/w3.js; js/systems/rc3.js
ARMORY_WALL:look,ARMORY_WALL,THE ARMORY WALL,adventure node,BLOCKED,"Fresh acquisition/entry is stranded: car or Kiki relationship gate, or legacy Armory room route removed. Fixture render is supplemental, not reachability proof.",runtime-inventory.json; scene-browser.json; continuity-browser.json; SCENE_CRITIQUE.md,js/data/btf/adventures/w1_life.js; js/systems/rc3.js
A08:arrive,A08,FIRST SHIFT AT SLURP DYNASTY,adventure node,INSPECTED WITH FIXTURE,Checkpoint renderer or normal dialogue controls after a seeded entry; acquisition/waiting not played naturally.,runtime-inventory.json; scene-browser.json; continuity-browser.json; SCENE_CRITIQUE.md,js/data/btf/adventures/w2.js; js/systems/rc3.js
A08:hina,A08,FIRST SHIFT AT SLURP DYNASTY,adventure node,INSPECTED WITH FIXTURE,Checkpoint renderer or normal dialogue controls after a seeded entry; acquisition/waiting not played naturally.,runtime-inventory.json; scene-browser.json; continuity-browser.json; SCENE_CRITIQUE.md,js/data/btf/adventures/w2.js; js/systems/rc3.js
A08:shift,A08,FIRST SHIFT AT SLURP DYNASTY,adventure node,SOURCE-ONLY,"Dialogue, transitions, effects and branch conditions inspected; no complete player traversal at this node.",runtime-inventory.json; scene-browser.json; continuity-browser.json; SCENE_CRITIQUE.md,js/data/btf/adventures/w2.js; js/systems/rc3.js
A08:special,A08,FIRST SHIFT AT SLURP DYNASTY,adventure node,SOURCE-ONLY,"Dialogue, transitions, effects and branch conditions inspected; no complete player traversal at this node.",runtime-inventory.json; scene-browser.json; continuity-browser.json; SCENE_CRITIQUE.md,js/data/btf/adventures/w2.js; js/systems/rc3.js
A08:clockout,A08,FIRST SHIFT AT SLURP DYNASTY,adventure node,SOURCE-ONLY,"Dialogue, transitions, effects and branch conditions inspected; no complete player traversal at this node.",runtime-inventory.json; scene-browser.json; continuity-browser.json; SCENE_CRITIQUE.md,js/data/btf/adventures/w2.js; js/systems/rc3.js
SLURP:shift,SLURP,SLURP DYNASTY,adventure node,INSPECTED WITH FIXTURE,Checkpoint renderer or normal dialogue controls after a seeded entry; acquisition/waiting not played naturally.,runtime-inventory.json; scene-browser.json; continuity-browser.json; SCENE_CRITIQUE.md,js/data/btf/adventures/w2.js; js/systems/rc3.js
SLURP:done,SLURP,SLURP DYNASTY,adventure node,SOURCE-ONLY,"Dialogue, transitions, effects and branch conditions inspected; no complete player traversal at this node.",runtime-inventory.json; scene-browser.json; continuity-browser.json; SCENE_CRITIQUE.md,js/data/btf/adventures/w2.js; js/systems/rc3.js
RC3_FIGHT:brief,RC3_FIGHT,PROTECT THE CREW,adventure node,INSPECTED WITH FIXTURE,Checkpoint renderer or normal dialogue controls after a seeded entry; acquisition/waiting not played naturally.,runtime-inventory.json; scene-browser.json; continuity-browser.json; SCENE_CRITIQUE.md,js/systems/rc3.js
RC3_FIGHT:fight,RC3_FIGHT,PROTECT THE CREW,adventure node,SOURCE-ONLY,"Dialogue, transitions, effects and branch conditions inspected; no complete player traversal at this node.",runtime-inventory.json; scene-browser.json; continuity-browser.json; SCENE_CRITIQUE.md,js/systems/rc3.js
RC3_FIGHT:retry,RC3_FIGHT,PROTECT THE CREW,adventure node,SOURCE-ONLY,"Dialogue, transitions, effects and branch conditions inspected; no complete player traversal at this node.",runtime-inventory.json; scene-browser.json; continuity-browser.json; SCENE_CRITIQUE.md,js/systems/rc3.js
RC3_FIGHT:done,RC3_FIGHT,PROTECT THE CREW,adventure node,SOURCE-ONLY,"Dialogue, transitions, effects and branch conditions inspected; no complete player traversal at this node.",runtime-inventory.json; scene-browser.json; continuity-browser.json; SCENE_CRITIQUE.md,js/systems/rc3.js
F15_ROXY_L1:bing,F15_ROXY_L1,HER TREAT,adventure node,INSPECTED WITH FIXTURE,Checkpoint renderer or normal dialogue controls after a seeded entry; acquisition/waiting not played naturally.,runtime-inventory.json; scene-browser.json; continuity-browser.json; SCENE_CRITIQUE.md,js/frag/F15/roxy.js; js/systems/rc3.js
F15_ROXY_L1:declined,F15_ROXY_L1,HER TREAT,adventure node,SOURCE-ONLY,"Dialogue, transitions, effects and branch conditions inspected; no complete player traversal at this node.",runtime-inventory.json; scene-browser.json; continuity-browser.json; SCENE_CRITIQUE.md,js/frag/F15/roxy.js; js/systems/rc3.js
F15_ROXY_L1:waffle,F15_ROXY_L1,HER TREAT,adventure node,INSPECTED WITH FIXTURE,Checkpoint renderer or normal dialogue controls after a seeded entry; acquisition/waiting not played naturally.,runtime-inventory.json; scene-browser.json; continuity-browser.json; SCENE_CRITIQUE.md,js/frag/F15/roxy.js; js/systems/rc3.js
F15_ROXY_L1:club,F15_ROXY_L1,HER TREAT,adventure node,INSPECTED WITH FIXTURE,Checkpoint renderer or normal dialogue controls after a seeded entry; acquisition/waiting not played naturally.,runtime-inventory.json; scene-browser.json; continuity-browser.json; SCENE_CRITIQUE.md,js/frag/F15/roxy.js; js/systems/rc3.js
F15_ROXY_L1:textbook,F15_ROXY_L1,HER TREAT,adventure node,SOURCE-ONLY,"Dialogue, transitions, effects and branch conditions inspected; no complete player traversal at this node.",runtime-inventory.json; scene-browser.json; continuity-browser.json; SCENE_CRITIQUE.md,js/frag/F15/roxy.js; js/systems/rc3.js
F15_ROXY_L1:both,F15_ROXY_L1,HER TREAT,adventure node,INSPECTED WITH FIXTURE,Checkpoint renderer or normal dialogue controls after a seeded entry; acquisition/waiting not played naturally.,runtime-inventory.json; scene-browser.json; continuity-browser.json; SCENE_CRITIQUE.md,js/frag/F15/roxy.js; js/systems/rc3.js
F15_ROXY_L1:check,F15_ROXY_L1,HER TREAT,adventure node,INSPECTED WITH FIXTURE,Checkpoint renderer or normal dialogue controls after a seeded entry; acquisition/waiting not played naturally.,runtime-inventory.json; scene-browser.json; continuity-browser.json; SCENE_CRITIQUE.md,js/frag/F15/roxy.js; js/systems/rc3.js
F15_ROXY_L1:texts,F15_ROXY_L1,HER TREAT,adventure node,INSPECTED WITH FIXTURE,Checkpoint renderer or normal dialogue controls after a seeded entry; acquisition/waiting not played naturally.,runtime-inventory.json; scene-browser.json; continuity-browser.json; SCENE_CRITIQUE.md,js/frag/F15/roxy.js; js/systems/rc3.js
F15_ROXY_L1:end,F15_ROXY_L1,HER TREAT,adventure node,SOURCE-ONLY,"Dialogue, transitions, effects and branch conditions inspected; no complete player traversal at this node.",runtime-inventory.json; scene-browser.json; continuity-browser.json; SCENE_CRITIQUE.md,js/frag/F15/roxy.js; js/systems/rc3.js
F15_ROXY_L2:gym,F15_ROXY_L2,REMATCH,adventure node,INSPECTED WITH FIXTURE,Checkpoint renderer or normal dialogue controls after a seeded entry; acquisition/waiting not played naturally.,runtime-inventory.json; scene-browser.json; continuity-browser.json; SCENE_CRITIQUE.md,js/frag/F15/roxy.js; js/systems/rc3.js
F15_ROXY_L2:bout,F15_ROXY_L2,REMATCH,adventure node,SOURCE-ONLY,"Dialogue, transitions, effects and branch conditions inspected; no complete player traversal at this node.",runtime-inventory.json; scene-browser.json; continuity-browser.json; SCENE_CRITIQUE.md,js/frag/F15/roxy.js; js/systems/rc3.js
F15_ROXY_L2:after,F15_ROXY_L2,REMATCH,adventure node,INSPECTED WITH FIXTURE,Checkpoint renderer or normal dialogue controls after a seeded entry; acquisition/waiting not played naturally.,runtime-inventory.json; scene-browser.json; continuity-browser.json; SCENE_CRITIQUE.md,js/frag/F15/roxy.js; js/systems/rc3.js
F15_ROXY_L2:ramen,F15_ROXY_L2,REMATCH,adventure node,INSPECTED WITH FIXTURE,Checkpoint renderer or normal dialogue controls after a seeded entry; acquisition/waiting not played naturally.,runtime-inventory.json; scene-browser.json; continuity-browser.json; SCENE_CRITIQUE.md,js/frag/F15/roxy.js; js/systems/rc3.js
F15_ROXY_L2:wallet,F15_ROXY_L2,REMATCH,adventure node,INSPECTED WITH FIXTURE,Checkpoint renderer or normal dialogue controls after a seeded entry; acquisition/waiting not played naturally.,runtime-inventory.json; scene-browser.json; continuity-browser.json; SCENE_CRITIQUE.md,js/frag/F15/roxy.js; js/systems/rc3.js
F15_ROXY_L2:cat,F15_ROXY_L2,REMATCH,adventure node,INSPECTED WITH FIXTURE,Checkpoint renderer or normal dialogue controls after a seeded entry; acquisition/waiting not played naturally.,runtime-inventory.json; scene-browser.json; continuity-browser.json; SCENE_CRITIQUE.md,js/frag/F15/roxy.js; js/systems/rc3.js
F15_ROXY_L2:pays,F15_ROXY_L2,REMATCH,adventure node,INSPECTED WITH FIXTURE,Checkpoint renderer or normal dialogue controls after a seeded entry; acquisition/waiting not played naturally.,runtime-inventory.json; scene-browser.json; continuity-browser.json; SCENE_CRITIQUE.md,js/frag/F15/roxy.js; js/systems/rc3.js
F15_ROXY_L2:end,F15_ROXY_L2,REMATCH,adventure node,SOURCE-ONLY,"Dialogue, transitions, effects and branch conditions inspected; no complete player traversal at this node.",runtime-inventory.json; scene-browser.json; continuity-browser.json; SCENE_CRITIQUE.md,js/frag/F15/roxy.js; js/systems/rc3.js
F15_ROXY_L3:ring,F15_ROXY_L3,DIFFERENT,adventure node,INSPECTED WITH FIXTURE,Checkpoint renderer or normal dialogue controls after a seeded entry; acquisition/waiting not played naturally.,runtime-inventory.json; scene-browser.json; continuity-browser.json; SCENE_CRITIQUE.md,js/frag/F15/roxy.js; js/systems/rc3.js
F15_ROXY_L3:after,F15_ROXY_L3,DIFFERENT,adventure node,INSPECTED WITH FIXTURE,Checkpoint renderer or normal dialogue controls after a seeded entry; acquisition/waiting not played naturally.,runtime-inventory.json; scene-browser.json; continuity-browser.json; SCENE_CRITIQUE.md,js/frag/F15/roxy.js; js/systems/rc3.js
F15_ROXY_L3:end,F15_ROXY_L3,DIFFERENT,adventure node,SOURCE-ONLY,"Dialogue, transitions, effects and branch conditions inspected; no complete player traversal at this node.",runtime-inventory.json; scene-browser.json; continuity-browser.json; SCENE_CRITIQUE.md,js/frag/F15/roxy.js; js/systems/rc3.js
F15_ROXY_L4:texts,F15_ROXY_L4,SICK DAY,adventure node,INSPECTED WITH FIXTURE,Checkpoint renderer or normal dialogue controls after a seeded entry; acquisition/waiting not played naturally.,runtime-inventory.json; scene-browser.json; continuity-browser.json; SCENE_CRITIQUE.md,js/frag/F15/roxy.js; js/systems/rc3.js
F15_ROXY_L4:door,F15_ROXY_L4,SICK DAY,adventure node,INSPECTED WITH FIXTURE,Checkpoint renderer or normal dialogue controls after a seeded entry; acquisition/waiting not played naturally.,runtime-inventory.json; scene-browser.json; continuity-browser.json; SCENE_CRITIQUE.md,js/frag/F15/roxy.js; js/systems/rc3.js
F15_ROXY_L4:wake,F15_ROXY_L4,SICK DAY,adventure node,INSPECTED WITH FIXTURE,Checkpoint renderer or normal dialogue controls after a seeded entry; acquisition/waiting not played naturally.,runtime-inventory.json; scene-browser.json; continuity-browser.json; SCENE_CRITIQUE.md,js/frag/F15/roxy.js; js/systems/rc3.js
F15_ROXY_L4:end,F15_ROXY_L4,SICK DAY,adventure node,SOURCE-ONLY,"Dialogue, transitions, effects and branch conditions inspected; no complete player traversal at this node.",runtime-inventory.json; scene-browser.json; continuity-browser.json; SCENE_CRITIQUE.md,js/frag/F15/roxy.js; js/systems/rc3.js
F15_ROSALYN_L1:bing,F15_ROSALYN_L1,SAME,adventure node,INSPECTED WITH FIXTURE,Checkpoint renderer or normal dialogue controls after a seeded entry; acquisition/waiting not played naturally.,runtime-inventory.json; scene-browser.json; continuity-browser.json; SCENE_CRITIQUE.md,js/frag/F15/rosalyn.js; js/systems/rc3.js
F15_ROSALYN_L1:yes,F15_ROSALYN_L1,SAME,adventure node,INSPECTED WITH FIXTURE,Checkpoint renderer or normal dialogue controls after a seeded entry; acquisition/waiting not played naturally.,runtime-inventory.json; scene-browser.json; continuity-browser.json; SCENE_CRITIQUE.md,js/frag/F15/rosalyn.js; js/systems/rc3.js
F15_ROSALYN_L1:plenitude,F15_ROSALYN_L1,SAME,adventure node,INSPECTED WITH FIXTURE,Checkpoint renderer or normal dialogue controls after a seeded entry; acquisition/waiting not played naturally.,runtime-inventory.json; scene-browser.json; continuity-browser.json; SCENE_CRITIQUE.md,js/frag/F15/rosalyn.js; js/systems/rc3.js
F15_ROSALYN_L1:order,F15_ROSALYN_L1,SAME,adventure node,INSPECTED WITH FIXTURE,Checkpoint renderer or normal dialogue controls after a seeded entry; acquisition/waiting not played naturally.,runtime-inventory.json; scene-browser.json; continuity-browser.json; SCENE_CRITIQUE.md,js/frag/F15/rosalyn.js; js/systems/rc3.js
F15_ROSALYN_L1:opinion,F15_ROSALYN_L1,SAME,adventure node,INSPECTED WITH FIXTURE,Checkpoint renderer or normal dialogue controls after a seeded entry; acquisition/waiting not played naturally.,runtime-inventory.json; scene-browser.json; continuity-browser.json; SCENE_CRITIQUE.md,js/frag/F15/rosalyn.js; js/systems/rc3.js
F15_ROSALYN_L1:test,F15_ROSALYN_L1,SAME,adventure node,INSPECTED WITH FIXTURE,Checkpoint renderer or normal dialogue controls after a seeded entry; acquisition/waiting not played naturally.,runtime-inventory.json; scene-browser.json; continuity-browser.json; SCENE_CRITIQUE.md,js/frag/F15/rosalyn.js; js/systems/rc3.js
F15_ROSALYN_L1:split,F15_ROSALYN_L1,SAME,adventure node,INSPECTED WITH FIXTURE,Checkpoint renderer or normal dialogue controls after a seeded entry; acquisition/waiting not played naturally.,runtime-inventory.json; scene-browser.json; continuity-browser.json; SCENE_CRITIQUE.md,js/frag/F15/rosalyn.js; js/systems/rc3.js
F15_ROSALYN_L1:end,F15_ROSALYN_L1,SAME,adventure node,SOURCE-ONLY,"Dialogue, transitions, effects and branch conditions inspected; no complete player traversal at this node.",runtime-inventory.json; scene-browser.json; continuity-browser.json; SCENE_CRITIQUE.md,js/frag/F15/rosalyn.js; js/systems/rc3.js
F15_ROSALYN_L2:boba,F15_ROSALYN_L2,SPOILERS,adventure node,INSPECTED WITH FIXTURE,Checkpoint renderer or normal dialogue controls after a seeded entry; acquisition/waiting not played naturally.,runtime-inventory.json; scene-browser.json; continuity-browser.json; SCENE_CRITIQUE.md,js/frag/F15/rosalyn.js; js/systems/rc3.js
F15_ROSALYN_L2:yuck,F15_ROSALYN_L2,SPOILERS,adventure node,INSPECTED WITH FIXTURE,Checkpoint renderer or normal dialogue controls after a seeded entry; acquisition/waiting not played naturally.,runtime-inventory.json; scene-browser.json; continuity-browser.json; SCENE_CRITIQUE.md,js/frag/F15/rosalyn.js; js/systems/rc3.js
F15_ROSALYN_L2:texts,F15_ROSALYN_L2,SPOILERS,adventure node,INSPECTED WITH FIXTURE,Checkpoint renderer or normal dialogue controls after a seeded entry; acquisition/waiting not played naturally.,runtime-inventory.json; scene-browser.json; continuity-browser.json; SCENE_CRITIQUE.md,js/frag/F15/rosalyn.js; js/systems/rc3.js
F15_ROSALYN_L2:end,F15_ROSALYN_L2,SPOILERS,adventure node,SOURCE-ONLY,"Dialogue, transitions, effects and branch conditions inspected; no complete player traversal at this node.",runtime-inventory.json; scene-browser.json; continuity-browser.json; SCENE_CRITIQUE.md,js/frag/F15/rosalyn.js; js/systems/rc3.js
F15_ROSALYN_L3:hall,F15_ROSALYN_L3,GLASSES,adventure node,INSPECTED WITH FIXTURE,Checkpoint renderer or normal dialogue controls after a seeded entry; acquisition/waiting not played naturally.,runtime-inventory.json; scene-browser.json; continuity-browser.json; SCENE_CRITIQUE.md,js/frag/F15/rosalyn.js; js/systems/rc3.js
F15_ROSALYN_L3:name,F15_ROSALYN_L3,GLASSES,adventure node,SOURCE-ONLY,"Dialogue, transitions, effects and branch conditions inspected; no complete player traversal at this node.",runtime-inventory.json; scene-browser.json; continuity-browser.json; SCENE_CRITIQUE.md,js/frag/F15/rosalyn.js; js/systems/rc3.js
F15_ROSALYN_L3:seen,F15_ROSALYN_L3,GLASSES,adventure node,INSPECTED WITH FIXTURE,Checkpoint renderer or normal dialogue controls after a seeded entry; acquisition/waiting not played naturally.,runtime-inventory.json; scene-browser.json; continuity-browser.json; SCENE_CRITIQUE.md,js/frag/F15/rosalyn.js; js/systems/rc3.js
F15_ROSALYN_L3:texts,F15_ROSALYN_L3,GLASSES,adventure node,INSPECTED WITH FIXTURE,Checkpoint renderer or normal dialogue controls after a seeded entry; acquisition/waiting not played naturally.,runtime-inventory.json; scene-browser.json; continuity-browser.json; SCENE_CRITIQUE.md,js/frag/F15/rosalyn.js; js/systems/rc3.js
F15_ROSALYN_L3:end,F15_ROSALYN_L3,GLASSES,adventure node,SOURCE-ONLY,"Dialogue, transitions, effects and branch conditions inspected; no complete player traversal at this node.",runtime-inventory.json; scene-browser.json; continuity-browser.json; SCENE_CRITIQUE.md,js/frag/F15/rosalyn.js; js/systems/rc3.js
F15_ROSALYN_L4:call,F15_ROSALYN_L4,BOSS FIGHT,adventure node,INSPECTED WITH FIXTURE,Checkpoint renderer or normal dialogue controls after a seeded entry; acquisition/waiting not played naturally.,runtime-inventory.json; scene-browser.json; continuity-browser.json; SCENE_CRITIQUE.md,js/frag/F15/rosalyn.js; js/systems/rc3.js
F15_ROSALYN_L4:dark,F15_ROSALYN_L4,BOSS FIGHT,adventure node,INSPECTED WITH FIXTURE,Checkpoint renderer or normal dialogue controls after a seeded entry; acquisition/waiting not played naturally.,runtime-inventory.json; scene-browser.json; continuity-browser.json; SCENE_CRITIQUE.md,js/frag/F15/rosalyn.js; js/systems/rc3.js
F15_ROSALYN_L4:boss,F15_ROSALYN_L4,BOSS FIGHT,adventure node,SOURCE-ONLY,"Dialogue, transitions, effects and branch conditions inspected; no complete player traversal at this node.",runtime-inventory.json; scene-browser.json; continuity-browser.json; SCENE_CRITIQUE.md,js/frag/F15/rosalyn.js; js/systems/rc3.js
F15_ROSALYN_L4:mug,F15_ROSALYN_L4,BOSS FIGHT,adventure node,INSPECTED WITH FIXTURE,Checkpoint renderer or normal dialogue controls after a seeded entry; acquisition/waiting not played naturally.,runtime-inventory.json; scene-browser.json; continuity-browser.json; SCENE_CRITIQUE.md,js/frag/F15/rosalyn.js; js/systems/rc3.js
F15_ROSALYN_L4:lights,F15_ROSALYN_L4,BOSS FIGHT,adventure node,INSPECTED WITH FIXTURE,Checkpoint renderer or normal dialogue controls after a seeded entry; acquisition/waiting not played naturally.,runtime-inventory.json; scene-browser.json; continuity-browser.json; SCENE_CRITIQUE.md,js/frag/F15/rosalyn.js; js/systems/rc3.js
F15_ROSALYN_L4:end,F15_ROSALYN_L4,BOSS FIGHT,adventure node,SOURCE-ONLY,"Dialogue, transitions, effects and branch conditions inspected; no complete player traversal at this node.",runtime-inventory.json; scene-browser.json; continuity-browser.json; SCENE_CRITIQUE.md,js/frag/F15/rosalyn.js; js/systems/rc3.js
F15_EMERALD_L1:bing,F15_EMERALD_L1,"YOUR CASTLE, MY RULES",adventure node,INSPECTED WITH FIXTURE,Checkpoint renderer or normal dialogue controls after a seeded entry; acquisition/waiting not played naturally.,runtime-inventory.json; scene-browser.json; continuity-browser.json; SCENE_CRITIQUE.md,js/frag/F15/emerald.js; js/systems/rc3.js
F15_EMERALD_L1:throne,F15_EMERALD_L1,"YOUR CASTLE, MY RULES",adventure node,INSPECTED WITH FIXTURE,Checkpoint renderer or normal dialogue controls after a seeded entry; acquisition/waiting not played naturally.,runtime-inventory.json; scene-browser.json; continuity-browser.json; SCENE_CRITIQUE.md,js/frag/F15/emerald.js; js/systems/rc3.js
F15_EMERALD_L1:tasks,F15_EMERALD_L1,"YOUR CASTLE, MY RULES",adventure node,SOURCE-ONLY,"Dialogue, transitions, effects and branch conditions inspected; no complete player traversal at this node.",runtime-inventory.json; scene-browser.json; continuity-browser.json; SCENE_CRITIQUE.md,js/frag/F15/emerald.js; js/systems/rc3.js
F15_EMERALD_L1:chair,F15_EMERALD_L1,"YOUR CASTLE, MY RULES",adventure node,INSPECTED WITH FIXTURE,Checkpoint renderer or normal dialogue controls after a seeded entry; acquisition/waiting not played naturally.,runtime-inventory.json; scene-browser.json; continuity-browser.json; SCENE_CRITIQUE.md,js/frag/F15/emerald.js; js/systems/rc3.js
F15_EMERALD_L1:floor,F15_EMERALD_L1,"YOUR CASTLE, MY RULES",adventure node,INSPECTED WITH FIXTURE,Checkpoint renderer or normal dialogue controls after a seeded entry; acquisition/waiting not played naturally.,runtime-inventory.json; scene-browser.json; continuity-browser.json; SCENE_CRITIQUE.md,js/frag/F15/emerald.js; js/systems/rc3.js
F15_EMERALD_L1:trash,F15_EMERALD_L1,"YOUR CASTLE, MY RULES",adventure node,INSPECTED WITH FIXTURE,Checkpoint renderer or normal dialogue controls after a seeded entry; acquisition/waiting not played naturally.,runtime-inventory.json; scene-browser.json; continuity-browser.json; SCENE_CRITIQUE.md,js/frag/F15/emerald.js; js/systems/rc3.js
F15_EMERALD_L1:finished,F15_EMERALD_L1,"YOUR CASTLE, MY RULES",adventure node,INSPECTED WITH FIXTURE,Checkpoint renderer or normal dialogue controls after a seeded entry; acquisition/waiting not played naturally.,runtime-inventory.json; scene-browser.json; continuity-browser.json; SCENE_CRITIQUE.md,js/frag/F15/emerald.js; js/systems/rc3.js
F15_EMERALD_L1:kitchen,F15_EMERALD_L1,"YOUR CASTLE, MY RULES",adventure node,INSPECTED WITH FIXTURE,Checkpoint renderer or normal dialogue controls after a seeded entry; acquisition/waiting not played naturally.,runtime-inventory.json; scene-browser.json; continuity-browser.json; SCENE_CRITIQUE.md,js/frag/F15/emerald.js; js/systems/rc3.js
F15_EMERALD_L1:cook,F15_EMERALD_L1,"YOUR CASTLE, MY RULES",adventure node,INSPECTED WITH FIXTURE,Checkpoint renderer or normal dialogue controls after a seeded entry; acquisition/waiting not played naturally.,runtime-inventory.json; scene-browser.json; continuity-browser.json; SCENE_CRITIQUE.md,js/frag/F15/emerald.js; js/systems/rc3.js
F15_EMERALD_L1:sit,F15_EMERALD_L1,"YOUR CASTLE, MY RULES",adventure node,INSPECTED WITH FIXTURE,Checkpoint renderer or normal dialogue controls after a seeded entry; acquisition/waiting not played naturally.,runtime-inventory.json; scene-browser.json; continuity-browser.json; SCENE_CRITIQUE.md,js/frag/F15/emerald.js; js/systems/rc3.js
F15_EMERALD_L1:bowl,F15_EMERALD_L1,"YOUR CASTLE, MY RULES",adventure node,INSPECTED WITH FIXTURE,Checkpoint renderer or normal dialogue controls after a seeded entry; acquisition/waiting not played naturally.,runtime-inventory.json; scene-browser.json; continuity-browser.json; SCENE_CRITIQUE.md,js/frag/F15/emerald.js; js/systems/rc3.js
F15_EMERALD_L1:end,F15_EMERALD_L1,"YOUR CASTLE, MY RULES",adventure node,SOURCE-ONLY,"Dialogue, transitions, effects and branch conditions inspected; no complete player traversal at this node.",runtime-inventory.json; scene-browser.json; continuity-browser.json; SCENE_CRITIQUE.md,js/frag/F15/emerald.js; js/systems/rc3.js
F15_EMERALD_L2:texts,F15_EMERALD_L2,FLASHCARDS,adventure node,INSPECTED WITH FIXTURE,Checkpoint renderer or normal dialogue controls after a seeded entry; acquisition/waiting not played naturally.,runtime-inventory.json; scene-browser.json; continuity-browser.json; SCENE_CRITIQUE.md,js/frag/F15/emerald.js; js/systems/rc3.js
F15_EMERALD_L2:table,F15_EMERALD_L2,FLASHCARDS,adventure node,INSPECTED WITH FIXTURE,Checkpoint renderer or normal dialogue controls after a seeded entry; acquisition/waiting not played naturally.,runtime-inventory.json; scene-browser.json; continuity-browser.json; SCENE_CRITIQUE.md,js/frag/F15/emerald.js; js/systems/rc3.js
F15_EMERALD_L2:talk,F15_EMERALD_L2,FLASHCARDS,adventure node,INSPECTED WITH FIXTURE,Checkpoint renderer or normal dialogue controls after a seeded entry; acquisition/waiting not played naturally.,runtime-inventory.json; scene-browser.json; continuity-browser.json; SCENE_CRITIQUE.md,js/frag/F15/emerald.js; js/systems/rc3.js
F15_EMERALD_L2:end,F15_EMERALD_L2,FLASHCARDS,adventure node,SOURCE-ONLY,"Dialogue, transitions, effects and branch conditions inspected; no complete player traversal at this node.",runtime-inventory.json; scene-browser.json; continuity-browser.json; SCENE_CRITIQUE.md,js/frag/F15/emerald.js; js/systems/rc3.js
F15_EMERALD_L3:call,F15_EMERALD_L3,THE MUSIC,adventure node,INSPECTED WITH FIXTURE,Checkpoint renderer or normal dialogue controls after a seeded entry; acquisition/waiting not played naturally.,runtime-inventory.json; scene-browser.json; continuity-browser.json; SCENE_CRITIQUE.md,js/frag/F15/emerald.js; js/systems/rc3.js
F15_EMERALD_L3:search,F15_EMERALD_L3,THE MUSIC,adventure node,SOURCE-ONLY,"Dialogue, transitions, effects and branch conditions inspected; no complete player traversal at this node.",runtime-inventory.json; scene-browser.json; continuity-browser.json; SCENE_CRITIQUE.md,js/frag/F15/emerald.js; js/systems/rc3.js
F15_EMERALD_L3:library,F15_EMERALD_L3,THE MUSIC,adventure node,INSPECTED WITH FIXTURE,Checkpoint renderer or normal dialogue controls after a seeded entry; acquisition/waiting not played naturally.,runtime-inventory.json; scene-browser.json; continuity-browser.json; SCENE_CRITIQUE.md,js/frag/F15/emerald.js; js/systems/rc3.js
F15_EMERALD_L3:waffle,F15_EMERALD_L3,THE MUSIC,adventure node,INSPECTED WITH FIXTURE,Checkpoint renderer or normal dialogue controls after a seeded entry; acquisition/waiting not played naturally.,runtime-inventory.json; scene-browser.json; continuity-browser.json; SCENE_CRITIQUE.md,js/frag/F15/emerald.js; js/systems/rc3.js
F15_EMERALD_L3:bing,F15_EMERALD_L3,THE MUSIC,adventure node,INSPECTED WITH FIXTURE,Checkpoint renderer or normal dialogue controls after a seeded entry; acquisition/waiting not played naturally.,runtime-inventory.json; scene-browser.json; continuity-browser.json; SCENE_CRITIQUE.md,js/frag/F15/emerald.js; js/systems/rc3.js
F15_EMERALD_L3:steps,F15_EMERALD_L3,THE MUSIC,adventure node,INSPECTED WITH FIXTURE,Checkpoint renderer or normal dialogue controls after a seeded entry; acquisition/waiting not played naturally.,runtime-inventory.json; scene-browser.json; continuity-browser.json; SCENE_CRITIQUE.md,js/frag/F15/emerald.js; js/systems/rc3.js
F15_EMERALD_L3:sit,F15_EMERALD_L3,THE MUSIC,adventure node,INSPECTED WITH FIXTURE,Checkpoint renderer or normal dialogue controls after a seeded entry; acquisition/waiting not played naturally.,runtime-inventory.json; scene-browser.json; continuity-browser.json; SCENE_CRITIQUE.md,js/frag/F15/emerald.js; js/systems/rc3.js
F15_EMERALD_L3:music,F15_EMERALD_L3,THE MUSIC,adventure node,INSPECTED WITH FIXTURE,Checkpoint renderer or normal dialogue controls after a seeded entry; acquisition/waiting not played naturally.,runtime-inventory.json; scene-browser.json; continuity-browser.json; SCENE_CRITIQUE.md,js/frag/F15/emerald.js; js/systems/rc3.js
F15_EMERALD_L3:end,F15_EMERALD_L3,THE MUSIC,adventure node,SOURCE-ONLY,"Dialogue, transitions, effects and branch conditions inspected; no complete player traversal at this node.",runtime-inventory.json; scene-browser.json; continuity-browser.json; SCENE_CRITIQUE.md,js/frag/F15/emerald.js; js/systems/rc3.js
F15_EMERALD_L4:texts,F15_EMERALD_L4,RECITAL,adventure node,INSPECTED WITH FIXTURE,Checkpoint renderer or normal dialogue controls after a seeded entry; acquisition/waiting not played naturally.,runtime-inventory.json; scene-browser.json; continuity-browser.json; SCENE_CRITIQUE.md,js/frag/F15/emerald.js; js/systems/rc3.js
F15_EMERALD_L4:hall,F15_EMERALD_L4,RECITAL,adventure node,INSPECTED WITH FIXTURE,Checkpoint renderer or normal dialogue controls after a seeded entry; acquisition/waiting not played naturally.,runtime-inventory.json; scene-browser.json; continuity-browser.json; SCENE_CRITIQUE.md,js/frag/F15/emerald.js; js/systems/rc3.js
F15_EMERALD_L4:outside,F15_EMERALD_L4,RECITAL,adventure node,INSPECTED WITH FIXTURE,Checkpoint renderer or normal dialogue controls after a seeded entry; acquisition/waiting not played naturally.,runtime-inventory.json; scene-browser.json; continuity-browser.json; SCENE_CRITIQUE.md,js/frag/F15/emerald.js; js/systems/rc3.js
F15_EMERALD_L4:end,F15_EMERALD_L4,RECITAL,adventure node,SOURCE-ONLY,"Dialogue, transitions, effects and branch conditions inspected; no complete player traversal at this node.",runtime-inventory.json; scene-browser.json; continuity-browser.json; SCENE_CRITIQUE.md,js/frag/F15/emerald.js; js/systems/rc3.js
CUT:SHOP,SHOP,SHOPPING,registered definition,CUT,RARC3.allowed rejects this registered definition; retained source/art is not normal player entry.,js/systems/rc3.js; runtime-inventory.json,js/systems/rc3.js; js/scenes/adventure.js
CUT:COOK,COOK,COOK A TRACK,registered definition,CUT,RARC3.allowed rejects this registered definition; retained source/art is not normal player entry.,js/systems/rc3.js; runtime-inventory.json,js/systems/rc3.js; js/scenes/adventure.js
CUT:RE_VIEWING,RE_VIEWING,A VIEWING WITH SHANNON,registered definition,CUT,RARC3.allowed rejects this registered definition; retained source/art is not normal player entry.,js/systems/rc3.js; runtime-inventory.json,js/systems/rc3.js; js/scenes/adventure.js
CUT:RB_DELIVERY,RB_DELIVERY,RICHBOIMPORTS DELIVERY,registered definition,CUT,RARC3.allowed rejects this registered definition; retained source/art is not normal player entry.,js/systems/rc3.js; runtime-inventory.json,js/systems/rc3.js; js/scenes/adventure.js
CUT:TANDEM_BATTLE,TANDEM_BATTLE,MIDNIGHT MAFIA · TANDEM,registered definition,CUT,RARC3.allowed rejects this registered definition; retained source/art is not normal player entry.,js/systems/rc3.js; runtime-inventory.json,js/systems/rc3.js; js/scenes/adventure.js
CUT:DATE,DATE,A DATE,registered definition,CUT,RARC3.allowed rejects this registered definition; retained source/art is not normal player entry.,js/systems/rc3.js; runtime-inventory.json,js/systems/rc3.js; js/scenes/adventure.js
CUT:GRAVE,GRAVE,THE GRAVE,registered definition,CUT,RARC3.allowed rejects this registered definition; retained source/art is not normal player entry.,js/systems/rc3.js; runtime-inventory.json,js/systems/rc3.js; js/scenes/adventure.js
CUT:PEKING,PEKING,PEKING NAIJA,registered definition,CUT,RARC3.allowed rejects this registered definition; retained source/art is not normal player entry.,js/systems/rc3.js; runtime-inventory.json,js/systems/rc3.js; js/scenes/adventure.js
CUT:TACOS,TACOS,DON CHUY'S,registered definition,CUT,RARC3.allowed rejects this registered definition; retained source/art is not normal player entry.,js/systems/rc3.js; runtime-inventory.json,js/systems/rc3.js; js/scenes/adventure.js
CUT:NAIJA,NAIJA,NAIJA MART,registered definition,CUT,RARC3.allowed rejects this registered definition; retained source/art is not normal player entry.,js/systems/rc3.js; runtime-inventory.json,js/systems/rc3.js; js/scenes/adventure.js
CUT:THRONE,THRONE,THE THRONE ROOM,registered definition,CUT,RARC3.allowed rejects this registered definition; retained source/art is not normal player entry.,js/systems/rc3.js; runtime-inventory.json,js/systems/rc3.js; js/scenes/adventure.js
CUT:GARAGE_VIEW,GARAGE_VIEW,THE GARAGE,registered definition,CUT,RARC3.allowed rejects this registered definition; retained source/art is not normal player entry.,js/systems/rc3.js; runtime-inventory.json,js/systems/rc3.js; js/scenes/adventure.js
CUT:COFFIN,COFFIN,THE COFFIN,registered definition,CUT,RARC3.allowed rejects this registered definition; retained source/art is not normal player entry.,js/systems/rc3.js; runtime-inventory.json,js/systems/rc3.js; js/scenes/adventure.js
CUT:FISHTANK,FISHTANK,THE FISH TANK ROOM,registered definition,CUT,RARC3.allowed rejects this registered definition; retained source/art is not normal player entry.,js/systems/rc3.js; runtime-inventory.json,js/systems/rc3.js; js/scenes/adventure.js
CUT:A07,A07,BOBA AT THE GRAVE,registered definition,CUT,RARC3.allowed rejects this registered definition; retained source/art is not normal player entry.,js/systems/rc3.js; runtime-inventory.json,js/systems/rc3.js; js/scenes/adventure.js
CUT:A09,A09,REGGIE NOT KEEF,registered definition,CUT,RARC3.allowed rejects this registered definition; retained source/art is not normal player entry.,js/systems/rc3.js; runtime-inventory.json,js/systems/rc3.js; js/scenes/adventure.js
CUT:KUSH,KUSH,KUSH & CRYPT,registered definition,CUT,RARC3.allowed rejects this registered definition; retained source/art is not normal player entry.,js/systems/rc3.js; runtime-inventory.json,js/systems/rc3.js; js/scenes/adventure.js
CUT:A11,A11,HATCH NIGHT,registered definition,CUT,RARC3.allowed rejects this registered definition; retained source/art is not normal player entry.,js/systems/rc3.js; runtime-inventory.json,js/systems/rc3.js; js/scenes/adventure.js
CUT:A12,A12,FIRST CAST,registered definition,CUT,RARC3.allowed rejects this registered definition; retained source/art is not normal player entry.,js/systems/rc3.js; runtime-inventory.json,js/systems/rc3.js; js/scenes/adventure.js
CUT:PIER,PIER,SANTA MONICA PIER,registered definition,CUT,RARC3.allowed rejects this registered definition; retained source/art is not normal player entry.,js/systems/rc3.js; runtime-inventory.json,js/systems/rc3.js; js/scenes/adventure.js
CUT:A13,A13,ANGELES CREST AT MIDNIGHT,registered definition,CUT,RARC3.allowed rejects this registered definition; retained source/art is not normal player entry.,js/systems/rc3.js; runtime-inventory.json,js/systems/rc3.js; js/scenes/adventure.js
CUT:A14,A14,OPEN MIC AT THE CATACOMB,registered definition,CUT,RARC3.allowed rejects this registered definition; retained source/art is not normal player entry.,js/systems/rc3.js; runtime-inventory.json,js/systems/rc3.js; js/scenes/adventure.js
CUT:SHOW,SHOW,A SHOW AT THE CATACOMB,registered definition,CUT,RARC3.allowed rejects this registered definition; retained source/art is not normal player entry.,js/systems/rc3.js; runtime-inventory.json,js/systems/rc3.js; js/scenes/adventure.js
CUT:A15,A15,IRON JAW,registered definition,CUT,RARC3.allowed rejects this registered definition; retained source/art is not normal player entry.,js/systems/rc3.js; runtime-inventory.json,js/systems/rc3.js; js/scenes/adventure.js
CUT:A16,A16,CAFÉ LAPTOP NIGHT,registered definition,CUT,RARC3.allowed rejects this registered definition; retained source/art is not normal player entry.,js/systems/rc3.js; runtime-inventory.json,js/systems/rc3.js; js/scenes/adventure.js
CUT:CAFE,CAFE,BEAN THERE DEAD THAT,registered definition,CUT,RARC3.allowed rejects this registered definition; retained source/art is not normal player entry.,js/systems/rc3.js; runtime-inventory.json,js/systems/rc3.js; js/scenes/adventure.js
CUT:A17,A17,NNEKA'S BLOOD BANK,registered definition,CUT,RARC3.allowed rejects this registered definition; retained source/art is not normal player entry.,js/systems/rc3.js; runtime-inventory.json,js/systems/rc3.js; js/scenes/adventure.js
CUT:A48,A48,RETWIST,registered definition,CUT,RARC3.allowed rejects this registered definition; retained source/art is not normal player entry.,js/systems/rc3.js; runtime-inventory.json,js/systems/rc3.js; js/scenes/adventure.js
CUT:RETWIST,RETWIST,TWIST & SHOUT,registered definition,CUT,RARC3.allowed rejects this registered definition; retained source/art is not normal player entry.,js/systems/rc3.js; runtime-inventory.json,js/systems/rc3.js; js/scenes/adventure.js
CUT:A42,A42,TABLE FOR ONE,registered definition,CUT,RARC3.allowed rejects this registered definition; retained source/art is not normal player entry.,js/systems/rc3.js; runtime-inventory.json,js/systems/rc3.js; js/scenes/adventure.js
CUT:A45,A45,YU & ME ONSEN,registered definition,CUT,RARC3.allowed rejects this registered definition; retained source/art is not normal player entry.,js/systems/rc3.js; runtime-inventory.json,js/systems/rc3.js; js/scenes/adventure.js
CUT:A_TRISTAN,A_TRISTAN,TRISTAN,registered definition,CUT,RARC3.allowed rejects this registered definition; retained source/art is not normal player entry.,js/systems/rc3.js; runtime-inventory.json,js/systems/rc3.js; js/scenes/adventure.js
CUT:A_SMACK2,A_SMACK2,LIL SMACK AT THE FOOD COURT,registered definition,CUT,RARC3.allowed rejects this registered definition; retained source/art is not normal player entry.,js/systems/rc3.js; runtime-inventory.json,js/systems/rc3.js; js/scenes/adventure.js
CUT:HOOKAH,HOOKAH,HOOKAH ON THE ROOF,registered definition,CUT,RARC3.allowed rejects this registered definition; retained source/art is not normal player entry.,js/systems/rc3.js; runtime-inventory.json,js/systems/rc3.js; js/scenes/adventure.js
CUT:A23R,A23R,"HILT, AGAIN",registered definition,CUT,RARC3.allowed rejects this registered definition; retained source/art is not normal player entry.,js/systems/rc3.js; runtime-inventory.json,js/systems/rc3.js; js/scenes/adventure.js
CUT:A25,A25,NIGHTSHADE'S SÉANCE,registered definition,CUT,RARC3.allowed rejects this registered definition; retained source/art is not normal player entry.,js/systems/rc3.js; runtime-inventory.json,js/systems/rc3.js; js/scenes/adventure.js
CUT:A26,A26,THE FIRST CASTLE PARTY,registered definition,CUT,RARC3.allowed rejects this registered definition; retained source/art is not normal player entry.,js/systems/rc3.js; runtime-inventory.json,js/systems/rc3.js; js/scenes/adventure.js
CUT:HOST,HOST,HOST A PARTY,registered definition,CUT,RARC3.allowed rejects this registered definition; retained source/art is not normal player entry.,js/systems/rc3.js; runtime-inventory.json,js/systems/rc3.js; js/scenes/adventure.js
CUT:MOONIE_MEET,MOONIE_MEET,THE GYM AT VENICE,registered definition,CUT,RARC3.allowed rejects this registered definition; retained source/art is not normal player entry.,js/systems/rc3.js; runtime-inventory.json,js/systems/rc3.js; js/scenes/adventure.js
CUT:A28,A28,MOONIE'S FULL MOON,registered definition,CUT,RARC3.allowed rejects this registered definition; retained source/art is not normal player entry.,js/systems/rc3.js; runtime-inventory.json,js/systems/rc3.js; js/scenes/adventure.js
CUT:VENICE,VENICE,VENICE COURTS,registered definition,CUT,RARC3.allowed rejects this registered definition; retained source/art is not normal player entry.,js/systems/rc3.js; runtime-inventory.json,js/systems/rc3.js; js/scenes/adventure.js
CUT:A47,A47,THE HAIRLESS VISITOR,registered definition,CUT,RARC3.allowed rejects this registered definition; retained source/art is not normal player entry.,js/systems/rc3.js; runtime-inventory.json,js/systems/rc3.js; js/scenes/adventure.js
CUT:A49,A49,ROOKOKO'S SHOW,registered definition,CUT,RARC3.allowed rejects this registered definition; retained source/art is not normal player entry.,js/systems/rc3.js; runtime-inventory.json,js/systems/rc3.js; js/scenes/adventure.js
CUT:GALLERY,GALLERY,ROOKOKO'S GALLERY,registered definition,CUT,RARC3.allowed rejects this registered definition; retained source/art is not normal player entry.,js/systems/rc3.js; runtime-inventory.json,js/systems/rc3.js; js/scenes/adventure.js
CUT:A51,A51,CANCIÓN NIGHT,registered definition,CUT,RARC3.allowed rejects this registered definition; retained source/art is not normal player entry.,js/systems/rc3.js; runtime-inventory.json,js/systems/rc3.js; js/scenes/adventure.js
CUT:KITCHEN,KITCHEN,THE CASTLE KITCHEN,registered definition,CUT,RARC3.allowed rejects this registered definition; retained source/art is not normal player entry.,js/systems/rc3.js; runtime-inventory.json,js/systems/rc3.js; js/scenes/adventure.js
CUT:MOVIE,MOVIE,THE MOVIE ROOM,registered definition,CUT,RARC3.allowed rejects this registered definition; retained source/art is not normal player entry.,js/systems/rc3.js; runtime-inventory.json,js/systems/rc3.js; js/scenes/adventure.js
CUT:ROOST,ROOST,THE DRAGON ROOST,registered definition,CUT,RARC3.allowed rejects this registered definition; retained source/art is not normal player entry.,js/systems/rc3.js; runtime-inventory.json,js/systems/rc3.js; js/scenes/adventure.js
CUT:A29,A29,COFFE RUN,registered definition,CUT,RARC3.allowed rejects this registered definition; retained source/art is not normal player entry.,js/systems/rc3.js; runtime-inventory.json,js/systems/rc3.js; js/scenes/adventure.js
CUT:A29B,A29B,ROGUE STATUS,registered definition,CUT,RARC3.allowed rejects this registered definition; retained source/art is not normal player entry.,js/systems/rc3.js; runtime-inventory.json,js/systems/rc3.js; js/scenes/adventure.js
CUT:A29C,A29C,THE RAID,registered definition,CUT,RARC3.allowed rejects this registered definition; retained source/art is not normal player entry.,js/systems/rc3.js; runtime-inventory.json,js/systems/rc3.js; js/scenes/adventure.js
CUT:A32,A32,BLUEBERRY MAZDA'S NIGHT,registered definition,CUT,RARC3.allowed rejects this registered definition; retained source/art is not normal player entry.,js/systems/rc3.js; runtime-inventory.json,js/systems/rc3.js; js/scenes/adventure.js
CUT:A33,A33,THE DUCHESS'S SOIRÉE,registered definition,CUT,RARC3.allowed rejects this registered definition; retained source/art is not normal player entry.,js/systems/rc3.js; runtime-inventory.json,js/systems/rc3.js; js/scenes/adventure.js
CUT:A36,A36,TANDEM WITH TOKYO TONY,registered definition,CUT,RARC3.allowed rejects this registered definition; retained source/art is not normal player entry.,js/systems/rc3.js; runtime-inventory.json,js/systems/rc3.js; js/scenes/adventure.js
CUT:A37,A37,ATL HOMECOMING,registered definition,CUT,RARC3.allowed rejects this registered definition; retained source/art is not normal player entry.,js/systems/rc3.js; runtime-inventory.json,js/systems/rc3.js; js/scenes/adventure.js
CUT:A38,A38,BRENDA FROM ACCOUNTING,registered definition,CUT,RARC3.allowed rejects this registered definition; retained source/art is not normal player entry.,js/systems/rc3.js; runtime-inventory.json,js/systems/rc3.js; js/scenes/adventure.js
CUT:MAID,MAID,THE MAID QUARTERS,registered definition,CUT,RARC3.allowed rejects this registered definition; retained source/art is not normal player entry.,js/systems/rc3.js; runtime-inventory.json,js/systems/rc3.js; js/scenes/adventure.js
CUT:A_CAMMILE1,A_CAMMILE1,"CAMMILE, AGAIN",registered definition,CUT,RARC3.allowed rejects this registered definition; retained source/art is not normal player entry.,js/systems/rc3.js; runtime-inventory.json,js/systems/rc3.js; js/scenes/adventure.js
CUT:A_EMBERLY1,A_EMBERLY1,THE BACK ROOM AT KUSH & CRYPT,registered definition,CUT,RARC3.allowed rejects this registered definition; retained source/art is not normal player entry.,js/systems/rc3.js; runtime-inventory.json,js/systems/rc3.js; js/scenes/adventure.js
CUT:A_JADE1,A_JADE1,DRAGON NIGHT,registered definition,CUT,RARC3.allowed rejects this registered definition; retained source/art is not normal player entry.,js/systems/rc3.js; runtime-inventory.json,js/systems/rc3.js; js/scenes/adventure.js
CUT:A_LO1,A_LO1,"A PARTY, A ARM",registered definition,CUT,RARC3.allowed rejects this registered definition; retained source/art is not normal player entry.,js/systems/rc3.js; runtime-inventory.json,js/systems/rc3.js; js/scenes/adventure.js
CUT:A_HINA1,A_HINA1,TIMED,registered definition,CUT,RARC3.allowed rejects this registered definition; retained source/art is not normal player entry.,js/systems/rc3.js; runtime-inventory.json,js/systems/rc3.js; js/scenes/adventure.js
CUT:A_ANFEESA1,A_ANFEESA1,ONE RECORD,registered definition,CUT,RARC3.allowed rejects this registered definition; retained source/art is not normal player entry.,js/systems/rc3.js; runtime-inventory.json,js/systems/rc3.js; js/scenes/adventure.js
CUT:A_VELVET1,A_VELVET1,THE DM,registered definition,CUT,RARC3.allowed rejects this registered definition; retained source/art is not normal player entry.,js/systems/rc3.js; runtime-inventory.json,js/systems/rc3.js; js/scenes/adventure.js
CUT:A41,A41,THE PERFECT NIGHT,registered definition,CUT,RARC3.allowed rejects this registered definition; retained source/art is not normal player entry.,js/systems/rc3.js; runtime-inventory.json,js/systems/rc3.js; js/scenes/adventure.js
CUT:A41B,A41B,A TRIPPIN' RED SONG,registered definition,CUT,RARC3.allowed rejects this registered definition; retained source/art is not normal player entry.,js/systems/rc3.js; runtime-inventory.json,js/systems/rc3.js; js/scenes/adventure.js
CUT:A44,A44,THE WAFFLE SAGA,registered definition,CUT,RARC3.allowed rejects this registered definition; retained source/art is not normal player entry.,js/systems/rc3.js; runtime-inventory.json,js/systems/rc3.js; js/scenes/adventure.js
CUT:A44_N2,A44_N2,THE WAFFLE SAGA · MAUL OF GEORGIA,registered definition,CUT,RARC3.allowed rejects this registered definition; retained source/art is not normal player entry.,js/systems/rc3.js; runtime-inventory.json,js/systems/rc3.js; js/scenes/adventure.js
CUT:A44_N3,A44_N3,THE WAFFLE SAGA · LENNOX SCARE,registered definition,CUT,RARC3.allowed rejects this registered definition; retained source/art is not normal player entry.,js/systems/rc3.js; runtime-inventory.json,js/systems/rc3.js; js/scenes/adventure.js
CUT:A44_N4,A44_N4,THE WAFFLE SAGA · CENTENNIAL,registered definition,CUT,RARC3.allowed rejects this registered definition; retained source/art is not normal player entry.,js/systems/rc3.js; runtime-inventory.json,js/systems/rc3.js; js/scenes/adventure.js
CUT:A46,A46,LITTLE TOKYO SPECIAL NIGHT,registered definition,CUT,RARC3.allowed rejects this registered definition; retained source/art is not normal player entry.,js/systems/rc3.js; runtime-inventory.json,js/systems/rc3.js; js/scenes/adventure.js
CUT:A52,A52,HALLOWEEN IN VAMPIRE LA,registered definition,CUT,RARC3.allowed rejects this registered definition; retained source/art is not normal player entry.,js/systems/rc3.js; runtime-inventory.json,js/systems/rc3.js; js/scenes/adventure.js
CUT:A55,A55,OGUN'S SECOND RAVE,registered definition,CUT,RARC3.allowed rejects this registered definition; retained source/art is not normal player entry.,js/systems/rc3.js; runtime-inventory.json,js/systems/rc3.js; js/scenes/adventure.js
CUT:ROOFTOP_DTLA,ROOFTOP_DTLA,A ROOFTOP IN DTLA,registered definition,CUT,RARC3.allowed rejects this registered definition; retained source/art is not normal player entry.,js/systems/rc3.js; runtime-inventory.json,js/systems/rc3.js; js/scenes/adventure.js
CUT:NEIGHBOR_CASTLE,NEIGHBOR_CASTLE,THE CASTLE DOWN THE BLOCK,registered definition,CUT,RARC3.allowed rejects this registered definition; retained source/art is not normal player entry.,js/systems/rc3.js; runtime-inventory.json,js/systems/rc3.js; js/scenes/adventure.js
CUT:ARC_MAZDA_1,ARC_MAZDA_1,HER FIRST JOLLOF,registered definition,CUT,RARC3.allowed rejects this registered definition; retained source/art is not normal player entry.,js/systems/rc3.js; runtime-inventory.json,js/systems/rc3.js; js/scenes/adventure.js
CUT:ARC_MAZDA_2,ARC_MAZDA_2,WHERE YOU WERE BANISHED,registered definition,CUT,RARC3.allowed rejects this registered definition; retained source/art is not normal player entry.,js/systems/rc3.js; runtime-inventory.json,js/systems/rc3.js; js/scenes/adventure.js
CUT:ARC_MAZDA_3,ARC_MAZDA_3,VERY BLUE,registered definition,CUT,RARC3.allowed rejects this registered definition; retained source/art is not normal player entry.,js/systems/rc3.js; runtime-inventory.json,js/systems/rc3.js; js/scenes/adventure.js
CUT:ARC_NNEKA_1,ARC_NNEKA_1,FOR RESEARCH,registered definition,CUT,RARC3.allowed rejects this registered definition; retained source/art is not normal player entry.,js/systems/rc3.js; runtime-inventory.json,js/systems/rc3.js; js/scenes/adventure.js
CUT:ARC_NNEKA_2,ARC_NNEKA_2,THE POTLUCK,registered definition,CUT,RARC3.allowed rejects this registered definition; retained source/art is not normal player entry.,js/systems/rc3.js; runtime-inventory.json,js/systems/rc3.js; js/scenes/adventure.js
CUT:ARC_NNEKA_3,ARC_NNEKA_3,YOUR BLOOD TYPE,registered definition,CUT,RARC3.allowed rejects this registered definition; retained source/art is not normal player entry.,js/systems/rc3.js; runtime-inventory.json,js/systems/rc3.js; js/scenes/adventure.js
CUT:ARC_CAMMILE_1,ARC_CAMMILE_1,THE SUPRA,registered definition,CUT,RARC3.allowed rejects this registered definition; retained source/art is not normal player entry.,js/systems/rc3.js; runtime-inventory.json,js/systems/rc3.js; js/scenes/adventure.js
CUT:ARC_CAMMILE_2,ARC_CAMMILE_2,SHE CHASES,registered definition,CUT,RARC3.allowed rejects this registered definition; retained source/art is not normal player entry.,js/systems/rc3.js; runtime-inventory.json,js/systems/rc3.js; js/scenes/adventure.js
CUT:ARC_CAMMILE_3,ARC_CAMMILE_3,DINNER WITH THE IMPORT GUY,registered definition,CUT,RARC3.allowed rejects this registered definition; retained source/art is not normal player entry.,js/systems/rc3.js; runtime-inventory.json,js/systems/rc3.js; js/scenes/adventure.js
CUT:ARC_JUNE_1,ARC_JUNE_1,SOMETHING NEW,registered definition,CUT,RARC3.allowed rejects this registered definition; retained source/art is not normal player entry.,js/systems/rc3.js; runtime-inventory.json,js/systems/rc3.js; js/scenes/adventure.js
CUT:ARC_JUNE_2,ARC_JUNE_2,HER LOCS,registered definition,CUT,RARC3.allowed rejects this registered definition; retained source/art is not normal player entry.,js/systems/rc3.js; runtime-inventory.json,js/systems/rc3.js; js/scenes/adventure.js
CUT:ARC_JUNE_3,ARC_JUNE_3,UNTIL 4 A.M.,registered definition,CUT,RARC3.allowed rejects this registered definition; retained source/art is not normal player entry.,js/systems/rc3.js; runtime-inventory.json,js/systems/rc3.js; js/scenes/adventure.js
CUT:ARC_PATRICE_2,ARC_PATRICE_2,WHERE'S THE WAFFLE HAVEN,registered definition,CUT,RARC3.allowed rejects this registered definition; retained source/art is not normal player entry.,js/systems/rc3.js; runtime-inventory.json,js/systems/rc3.js; js/scenes/adventure.js
CUT:ARC_PATRICE_3,ARC_PATRICE_3,THE RECIPE,registered definition,CUT,RARC3.allowed rejects this registered definition; retained source/art is not normal player entry.,js/systems/rc3.js; runtime-inventory.json,js/systems/rc3.js; js/scenes/adventure.js
CUT:A34,A34,TOKYO TEASER,registered definition,CUT,RARC3.allowed rejects this registered definition; retained source/art is not normal player entry.,js/systems/rc3.js; runtime-inventory.json,js/systems/rc3.js; js/scenes/adventure.js
CUT:A53,A53,THE FAMILY HOLIDAY,registered definition,CUT,RARC3.allowed rejects this registered definition; retained source/art is not normal player entry.,js/systems/rc3.js; runtime-inventory.json,js/systems/rc3.js; js/scenes/adventure.js
CUT:A58,A58,BRITNEY STAKES LIKED YOUR POST,registered definition,CUT,RARC3.allowed rejects this registered definition; retained source/art is not normal player entry.,js/systems/rc3.js; runtime-inventory.json,js/systems/rc3.js; js/scenes/adventure.js
CUT:ASOEBI,ASOEBI,ASO EBI,registered definition,CUT,RARC3.allowed rejects this registered definition; retained source/art is not normal player entry.,js/systems/rc3.js; runtime-inventory.json,js/systems/rc3.js; js/scenes/adventure.js
CUT:CLUB_FIRST,CLUB_FIRST,THE CLUB · FIRST NIGHT,registered definition,CUT,RARC3.allowed rejects this registered definition; retained source/art is not normal player entry.,js/systems/rc3.js; runtime-inventory.json,js/systems/rc3.js; js/scenes/adventure.js
OPENING:CEO,OPENING,CEO tutorial fight,flow/state,PLAYED,Stove A fresh ordinary path; unchanged runtime; not rebranded as Stove B play.,MINIGAME_HANDS_ON.md; CAMPAIGN_CONTINUITY.md; evidence JSON,js/systems/rc3.js; js/scenes/adventure.js
RAVE:conversation,RAVE,Ogun rave story and BLAD33EE arrival,flow/state,PLAYED,Stove A ordinary path preserves five supplied lines; Stove B full rhythm run separate.,MINIGAME_HANDS_ON.md; CAMPAIGN_CONTINUITY.md; evidence JSON,js/systems/rc3.js; js/scenes/adventure.js
RAVE:BLAD33EE,RAVE,BLAD33EE combat,flow/state,PLAYED,Stove A actual battle and return.,MINIGAME_HANDS_ON.md; CAMPAIGN_CONTINUITY.md; evidence JSON,js/systems/rc3.js; js/scenes/adventure.js
LOOP:day1,LOOP,story/action/cash/club/sleep,flow/state,PLAYED,Stove A ordinary full day; later campaign source/checkpoint only.,MINIGAME_HANDS_ON.md; CAMPAIGN_CONTINUITY.md; evidence JSON,js/systems/rc3.js; js/scenes/adventure.js
POSTGAME:day37,POSTGAME,completed finale wake / disabled fame endpoint,flow/state,INSPECTED WITH FIXTURE,Stove A Day37 completed-state probe; no natural Day37 run.,MINIGAME_HANDS_ON.md; CAMPAIGN_CONTINUITY.md; evidence JSON,js/systems/rc3.js; js/scenes/adventure.js
POSTGAME:consigliere,POSTGAME,recurring Gbenga voice notes / rental consequences,flow/state,SOURCE-ONLY,All three ending effects traced; recurrence not waited out naturally.,MINIGAME_HANDS_ON.md; CAMPAIGN_CONTINUITY.md; evidence JSON,js/systems/rc3.js; js/scenes/adventure.js
POSTGAME:sealed,POSTGAME,private overlay,flow/state,BLOCKED,Excluded by OPEN-only boundary; no private source inspected.,MINIGAME_HANDS_ON.md; CAMPAIGN_CONTINUITY.md; evidence JSON,js/systems/rc3.js; js/scenes/adventure.js
PURCHASE:car,PURCHASE,fresh car acquisition,flow/state,BLOCKED,Car imports/shops/garage routes cut; normal acquisition absent (RC4-006).,MINIGAME_HANDS_ON.md; CAMPAIGN_CONTINUITY.md; evidence JSON,js/frag/F02/iron_and_grace.js; js/systems/rc3.js; js/systems/life.js
PURCHASE:hall,PURCHASE,Party Hall purchase/consumer,flow/state,SOURCE-ONLY,Bank price/reserve and Castle restriction traced; unusable consumer RC4-005.,MINIGAME_HANDS_ON.md; CAMPAIGN_CONTINUITY.md; evidence JSON,js/frag/F02/iron_and_grace.js; js/systems/rc3.js; js/systems/life.js
PURCHASE:rental,PURCHASE,rental purchase/collection,flow/state,SOURCE-ONLY,Bank $39K shortcut / $600 daily income traced; no natural investment run.,MINIGAME_HANDS_ON.md; CAMPAIGN_CONTINUITY.md; evidence JSON,js/frag/F02/iron_and_grace.js; js/systems/rc3.js; js/systems/life.js
PURCHASE:guns,PURCHASE,five shop guns / buy/equip/Range,flow/state,INSPECTED WITH FIXTURE,"Initialized Armory inspected in Stove A; Stove B LIL OGA purchase via API fixture, actual Range inputs.",MINIGAME_HANDS_ON.md; CAMPAIGN_CONTINUITY.md; evidence JSON,js/frag/F02/iron_and_grace.js; js/systems/rc3.js; js/systems/life.js
PURCHASE:holy,PURCHASE,Holy Baby Drake altar-case acquisition,flow/state,BLOCKED,A24 advertises $180K; F02 sale filter excludes altar_case and legacy ARMORY entry is removed.,MINIGAME_HANDS_ON.md; CAMPAIGN_CONTINUITY.md; evidence JSON,js/frag/F02/iron_and_grace.js; js/systems/rc3.js; js/systems/life.js
PURCHASE:mods,PURCHASE,mod purchase/install/medal discount,flow/state,SOURCE-ONLY,Visible F02 workbench / six mods and reward consumer; no mod bought in this pass.,MINIGAME_HANDS_ON.md; CAMPAIGN_CONTINUITY.md; evidence JSON,js/frag/F02/iron_and_grace.js; js/systems/rc3.js; js/systems/life.js
UNLOCK:moves,UNLOCK,known/equipped combat moves,flow/state,PLAYED,Stove A ordinary Armory slot swap; remaining reward gates source traced.,MINIGAME_HANDS_ON.md; CAMPAIGN_CONTINUITY.md; evidence JSON,js/systems/rc3.js; js/frag/F15/core.js; js/frag/F04/play_adapter.js
UNLOCK:crew,UNLOCK,War Room curated roster / PLAY crew/car/weapons,flow/state,INSPECTED WITH FIXTURE,"Day2 wake checkpoint; real preselected crew/SEND, SLIP PAST and completed failed job/report return. No natural car acquisition.",MINIGAME_HANDS_ON.md; CAMPAIGN_CONTINUITY.md; evidence JSON,js/systems/rc3.js; js/frag/F15/core.js; js/frag/F04/play_adapter.js
UNLOCK:dates,UNLOCK,three support ledgers / twelve date gates,flow/state,INSPECTED WITH FIXTURE,"Threshold fixtures, not $450K of natural support; date cap/reload rules traced.",MINIGAME_HANDS_ON.md; CAMPAIGN_CONTINUITY.md; evidence JSON,js/systems/rc3.js; js/frag/F15/core.js; js/frag/F04/play_adapter.js
UNLOCK:VIP,UNLOCK,hype/combos/encores/VIP,flow/state,SOURCE-ONLY,Ordinary flicks sampled; nine encores / headliner not earned naturally.,MINIGAME_HANDS_ON.md; CAMPAIGN_CONTINUITY.md; evidence JSON,js/systems/rc3.js; js/frag/F15/core.js; js/frag/F04/play_adapter.js
UNLOCK:maid,UNLOCK,Marisol hire and room consumer,flow/state,SOURCE-ONLY,Hired flag and incomplete addRoom expression; MAID/quarters cut.,MINIGAME_HANDS_ON.md; CAMPAIGN_CONTINUITY.md; evidence JSON,js/systems/rc3.js; js/frag/F15/core.js; js/frag/F04/play_adapter.js
UNLOCK:sword,UNLOCK,Bonesworth sword and Armory Wall,flow/state,BLOCKED,Reward flag and frozen sword exist; wall consumer no visible room entry.,MINIGAME_HANDS_ON.md; CAMPAIGN_CONTINUITY.md; evidence JSON,js/systems/rc3.js; js/frag/F15/core.js; js/frag/F04/play_adapter.js
SAVE:active-date,SAVE,active date node / once-only expense reload,flow/state,INSPECTED WITH FIXTURE,Active door/applied list/money survive reload and explicit resume; normal title resume still source traced.,MINIGAME_HANDS_ON.md; CAMPAIGN_CONTINUITY.md; evidence JSON,js/frag/F04/play_adapter.js; js/frag/F15/core.js; js/scenes/bedroom.js
SAVE:club,SAVE,club expense/visit/support reload,flow/state,INSPECTED WITH FIXTURE,Real paid flick debit and lastDay survive reload; nightly recipient rotation traced.,MINIGAME_HANDS_ON.md; CAMPAIGN_CONTINUITY.md; evidence JSON,js/frag/F04/play_adapter.js; js/frag/F15/core.js; js/scenes/bedroom.js
SAVE:PLAY,SAVE,pending PLAY iframe resume / duplicate settlement,flow/state,SOURCE-ONLY,Bridge request/consumption/idempotence traced; no interrupted-run restore played.,MINIGAME_HANDS_ON.md; CAMPAIGN_CONTINUITY.md; evidence JSON,js/frag/F04/play_adapter.js; js/frag/F15/core.js; js/scenes/bedroom.js
SAVE:finale,SAVE,ending once-only effects/reload,flow/state,SOURCE-ONLY,"Three ending checkpoint dialogues, effect guards and grants traced; no natural final combat chain.",MINIGAME_HANDS_ON.md; CAMPAIGN_CONTINUITY.md; evidence JSON,js/frag/F04/play_adapter.js; js/frag/F15/core.js; js/scenes/bedroom.js
QUIT:A54,QUIT,one-time final cancellation / loss,flow/state,INSPECTED WITH FIXTURE,Real QUIT then normal loss dialogue permanently records completed lose.,MINIGAME_HANDS_ON.md; CAMPAIGN_CONTINUITY.md; evidence JSON,js/data/btf/adventures/w5.js; js/engine/minigames.js
CHAIN:A54-A56,CHAIN,final win / Lil Smack continuation,flow/state,INSPECTED WITH FIXTURE,Explicit win-node checkpoint; normal tap returns home without A56; route policy rejects chain (RC4-009).,MINIGAME_HANDS_ON.md; CAMPAIGN_CONTINUITY.md; evidence JSON,js/data/btf/adventures/w5.js; js/systems/rc3.js; js/scenes/adventure.js
WAIT:Phil,WAIT,three-day charging stages,flow/state,INSPECTED WITH FIXTURE,Two actual Maps entries/food choices on unchanged Day40 advance stages1/2 (RC4-037).,MINIGAME_HANDS_ON.md; CAMPAIGN_CONTINUITY.md; evidence JSON,js/data/btf/adventures/w3.js; js/systems/rc3.js
RETURN:family,RETURN,M7 leftovers take/refuse,flow/state,INSPECTED WITH FIXTURE,Both endings clicked from labelled family checkpoints; trust/leftovers pseudo-item gate traced.,MINIGAME_HANDS_ON.md; CAMPAIGN_CONTINUITY.md; evidence JSON,js/data/btf/adventures/new_oga_m7.js; js/frag/F03/new_oga_ladder_close.js; js/frag/F04/play_adapter.js
RETURN:tribute,RETURN,M9 GIVE/OTHER/NAH,flow/state,INSPECTED WITH FIXTURE,NAH actually clicked; GIVEN/OTHER inventory effects source only.,MINIGAME_HANDS_ON.md; CAMPAIGN_CONTINUITY.md; evidence JSON,js/data/btf/adventures/new_oga_m7.js; js/frag/F03/new_oga_ladder_close.js; js/frag/F04/play_adapter.js
RETURN:car-loss,RETURN,lost/tributed/insufficient seats recovery,flow/state,SOURCE-ONLY,"No natural car acquired/lost; ownership filters, loaner discrepancy and refusals traced.",MINIGAME_HANDS_ON.md; CAMPAIGN_CONTINUITY.md; evidence JSON,js/data/btf/adventures/new_oga_m7.js; js/frag/F03/new_oga_ladder_close.js; js/frag/F04/play_adapter.js
APP:vampgpt,APP,vampgpt,flow/state,PLAYED,Stove A ordinary app,MINIGAME_HANDS_ON.md; CAMPAIGN_CONTINUITY.md; evidence JSON,js/systems/rc3.js
APP:texts,APP,texts,flow/state,INSPECTED WITH FIXTURE,Stove A/B initialized app fixture; branches source traced.,MINIGAME_HANDS_ON.md; CAMPAIGN_CONTINUITY.md; evidence JSON,js/systems/rc3.js
APP:warRoom,APP,warRoom,flow/state,INSPECTED WITH FIXTURE,Stove A/B initialized app fixture; branches source traced.,MINIGAME_HANDS_ON.md; CAMPAIGN_CONTINUITY.md; evidence JSON,js/systems/rc3.js
APP:stripClub,APP,stripClub,flow/state,INSPECTED WITH FIXTURE,Stove A/B initialized app fixture; branches source traced.,MINIGAME_HANDS_ON.md; CAMPAIGN_CONTINUITY.md; evidence JSON,js/systems/rc3.js
APP:armory,APP,armory,flow/state,PLAYED,Stove A ordinary app,MINIGAME_HANDS_ON.md; CAMPAIGN_CONTINUITY.md; evidence JSON,js/systems/rc3.js
APP:bank,APP,bank,flow/state,PLAYED,Stove A ordinary app,MINIGAME_HANDS_ON.md; CAMPAIGN_CONTINUITY.md; evidence JSON,js/systems/rc3.js
APP:maps,APP,maps,flow/state,PLAYED,Stove A ordinary app,MINIGAME_HANDS_ON.md; CAMPAIGN_CONTINUITY.md; evidence JSON,js/systems/rc3.js
APP:radio,APP,radio,flow/state,INSPECTED WITH FIXTURE,Stove A/B initialized app fixture; branches source traced.,MINIGAME_HANDS_ON.md; CAMPAIGN_CONTINUITY.md; evidence JSON,js/systems/rc3.js
APP:vampgram,APP,vampgram,flow/state,INSPECTED WITH FIXTURE,Stove A/B initialized app fixture; branches source traced.,MINIGAME_HANDS_ON.md; CAMPAIGN_CONTINUITY.md; evidence JSON,js/systems/rc3.js
GAME:club:instruction-input-feedback,GAME,club / instruction-input-feedback,flow/state,INSPECTED WITH FIXTURE,See MINIGAME_HANDS_ON exact run/result and limitations; direct entries do not prove ordinary acquisition.,MINIGAME_HANDS_ON.md; CAMPAIGN_CONTINUITY.md; evidence JSON,js/frag/F15/club.js; js/frag/F06/production.js; js/engine/minigames.js
GAME:club:success,GAME,club / success,flow/state,SOURCE-ONLY,Upper outcome/tier or encounter band not earned in this pass; actual sampled inputs documented separately.,MINIGAME_HANDS_ON.md; CAMPAIGN_CONTINUITY.md; evidence JSON,js/frag/F15/club.js; js/frag/F06/production.js; js/engine/minigames.js
GAME:club:failure,GAME,club / failure,flow/state,SOURCE-ONLY,Upper outcome/tier or encounter band not earned in this pass; actual sampled inputs documented separately.,MINIGAME_HANDS_ON.md; CAMPAIGN_CONTINUITY.md; evidence JSON,js/frag/F15/club.js; js/frag/F06/production.js; js/engine/minigames.js
GAME:club:quit-retry-return,GAME,club / quit-retry-return,flow/state,INSPECTED WITH FIXTURE,See MINIGAME_HANDS_ON exact run/result and limitations; direct entries do not prove ordinary acquisition.,MINIGAME_HANDS_ON.md; CAMPAIGN_CONTINUITY.md; evidence JSON,js/frag/F15/club.js; js/frag/F06/production.js; js/engine/minigames.js
GAME:club:reward-save,GAME,club / reward-save,flow/state,SOURCE-ONLY,Upper outcome/tier or encounter band not earned in this pass; actual sampled inputs documented separately.,MINIGAME_HANDS_ON.md; CAMPAIGN_CONTINUITY.md; evidence JSON,js/frag/F15/club.js; js/frag/F06/production.js; js/engine/minigames.js
GAME:slurp:ramen:instruction-input-feedback,GAME,slurp:ramen / instruction-input-feedback,flow/state,INSPECTED WITH FIXTURE,See MINIGAME_HANDS_ON exact run/result and limitations; direct entries do not prove ordinary acquisition.,MINIGAME_HANDS_ON.md; CAMPAIGN_CONTINUITY.md; evidence JSON,js/minigames/slurp.js; js/data/btf/adventures/w2.js; js/engine/minigames.js
GAME:slurp:ramen:success,GAME,slurp:ramen / success,flow/state,INSPECTED WITH FIXTURE,See MINIGAME_HANDS_ON exact run/result and limitations; direct entries do not prove ordinary acquisition.,MINIGAME_HANDS_ON.md; CAMPAIGN_CONTINUITY.md; evidence JSON,js/minigames/slurp.js; js/data/btf/adventures/w2.js; js/engine/minigames.js
GAME:slurp:ramen:failure,GAME,slurp:ramen / failure,flow/state,INSPECTED WITH FIXTURE,See MINIGAME_HANDS_ON exact run/result and limitations; direct entries do not prove ordinary acquisition.,MINIGAME_HANDS_ON.md; CAMPAIGN_CONTINUITY.md; evidence JSON,js/minigames/slurp.js; js/data/btf/adventures/w2.js; js/engine/minigames.js
GAME:slurp:ramen:quit-retry-return,GAME,slurp:ramen / quit-retry-return,flow/state,INSPECTED WITH FIXTURE,See MINIGAME_HANDS_ON exact run/result and limitations; direct entries do not prove ordinary acquisition.,MINIGAME_HANDS_ON.md; CAMPAIGN_CONTINUITY.md; evidence JSON,js/minigames/slurp.js; js/data/btf/adventures/w2.js; js/engine/minigames.js
GAME:slurp:ramen:reward-save,GAME,slurp:ramen / reward-save,flow/state,INSPECTED WITH FIXTURE,See MINIGAME_HANDS_ON exact run/result and limitations; direct entries do not prove ordinary acquisition.,MINIGAME_HANDS_ON.md; CAMPAIGN_CONTINUITY.md; evidence JSON,js/minigames/slurp.js; js/data/btf/adventures/w2.js; js/engine/minigames.js
GAME:slurp:chairs:instruction-input-feedback,GAME,slurp:chairs / instruction-input-feedback,flow/state,INSPECTED WITH FIXTURE,See MINIGAME_HANDS_ON exact run/result and limitations; direct entries do not prove ordinary acquisition.,MINIGAME_HANDS_ON.md; CAMPAIGN_CONTINUITY.md; evidence JSON,js/minigames/slurp.js; js/data/btf/adventures/new_oga_m1_m3.js; js/engine/minigames.js
GAME:slurp:chairs:success,GAME,slurp:chairs / success,flow/state,INSPECTED WITH FIXTURE,See MINIGAME_HANDS_ON exact run/result and limitations; direct entries do not prove ordinary acquisition.,MINIGAME_HANDS_ON.md; CAMPAIGN_CONTINUITY.md; evidence JSON,js/minigames/slurp.js; js/data/btf/adventures/new_oga_m1_m3.js; js/engine/minigames.js
GAME:slurp:chairs:failure,GAME,slurp:chairs / failure,flow/state,INSPECTED WITH FIXTURE,See MINIGAME_HANDS_ON exact run/result and limitations; direct entries do not prove ordinary acquisition.,MINIGAME_HANDS_ON.md; CAMPAIGN_CONTINUITY.md; evidence JSON,js/minigames/slurp.js; js/data/btf/adventures/new_oga_m1_m3.js; js/engine/minigames.js
GAME:slurp:chairs:quit-retry-return,GAME,slurp:chairs / quit-retry-return,flow/state,INSPECTED WITH FIXTURE,See MINIGAME_HANDS_ON exact run/result and limitations; direct entries do not prove ordinary acquisition.,MINIGAME_HANDS_ON.md; CAMPAIGN_CONTINUITY.md; evidence JSON,js/minigames/slurp.js; js/data/btf/adventures/new_oga_m1_m3.js; js/engine/minigames.js
GAME:slurp:chairs:reward-save,GAME,slurp:chairs / reward-save,flow/state,INSPECTED WITH FIXTURE,See MINIGAME_HANDS_ON exact run/result and limitations; direct entries do not prove ordinary acquisition.,MINIGAME_HANDS_ON.md; CAMPAIGN_CONTINUITY.md; evidence JSON,js/minigames/slurp.js; js/data/btf/adventures/new_oga_m1_m3.js; js/engine/minigames.js
GAME:dance:rave:instruction-input-feedback,GAME,dance:rave / instruction-input-feedback,flow/state,INSPECTED WITH FIXTURE,See MINIGAME_HANDS_ON exact run/result and limitations; direct entries do not prove ordinary acquisition.,MINIGAME_HANDS_ON.md; CAMPAIGN_CONTINUITY.md; evidence JSON,js/minigames/dance.js; js/engine/minigames.js
GAME:dance:rave:success,GAME,dance:rave / success,flow/state,INSPECTED WITH FIXTURE,See MINIGAME_HANDS_ON exact run/result and limitations; direct entries do not prove ordinary acquisition.,MINIGAME_HANDS_ON.md; CAMPAIGN_CONTINUITY.md; evidence JSON,js/minigames/dance.js; js/engine/minigames.js
GAME:dance:rave:failure,GAME,dance:rave / failure,flow/state,INSPECTED WITH FIXTURE,See MINIGAME_HANDS_ON exact run/result and limitations; direct entries do not prove ordinary acquisition.,MINIGAME_HANDS_ON.md; CAMPAIGN_CONTINUITY.md; evidence JSON,js/minigames/dance.js; js/engine/minigames.js
GAME:dance:rave:quit-retry-return,GAME,dance:rave / quit-retry-return,flow/state,INSPECTED WITH FIXTURE,See MINIGAME_HANDS_ON exact run/result and limitations; direct entries do not prove ordinary acquisition.,MINIGAME_HANDS_ON.md; CAMPAIGN_CONTINUITY.md; evidence JSON,js/minigames/dance.js; js/engine/minigames.js
GAME:dance:rave:reward-save,GAME,dance:rave / reward-save,flow/state,INSPECTED WITH FIXTURE,See MINIGAME_HANDS_ON exact run/result and limitations; direct entries do not prove ordinary acquisition.,MINIGAME_HANDS_ON.md; CAMPAIGN_CONTINUITY.md; evidence JSON,js/minigames/dance.js; js/engine/minigames.js
GAME:range_day:instruction-input-feedback,GAME,range_day / instruction-input-feedback,flow/state,INSPECTED WITH FIXTURE,See MINIGAME_HANDS_ON exact run/result and limitations; direct entries do not prove ordinary acquisition.,MINIGAME_HANDS_ON.md; CAMPAIGN_CONTINUITY.md; evidence JSON,js/frag/F02/range.js; js/engine/minigames.js
GAME:range_day:success,GAME,range_day / success,flow/state,SOURCE-ONLY,Upper outcome/tier or encounter band not earned in this pass; actual sampled inputs documented separately.,MINIGAME_HANDS_ON.md; CAMPAIGN_CONTINUITY.md; evidence JSON,js/frag/F02/range.js; js/engine/minigames.js
GAME:range_day:failure,GAME,range_day / failure,flow/state,INSPECTED WITH FIXTURE,See MINIGAME_HANDS_ON exact run/result and limitations; direct entries do not prove ordinary acquisition.,MINIGAME_HANDS_ON.md; CAMPAIGN_CONTINUITY.md; evidence JSON,js/frag/F02/range.js; js/engine/minigames.js
GAME:range_day:quit-retry-return,GAME,range_day / quit-retry-return,flow/state,INSPECTED WITH FIXTURE,See MINIGAME_HANDS_ON exact run/result and limitations; direct entries do not prove ordinary acquisition.,MINIGAME_HANDS_ON.md; CAMPAIGN_CONTINUITY.md; evidence JSON,js/frag/F02/range.js; js/engine/minigames.js
GAME:range_day:reward-save,GAME,range_day / reward-save,flow/state,INSPECTED WITH FIXTURE,See MINIGAME_HANDS_ON exact run/result and limitations; direct entries do not prove ordinary acquisition.,MINIGAME_HANDS_ON.md; CAMPAIGN_CONTINUITY.md; evidence JSON,js/frag/F02/range.js; js/engine/minigames.js
GAME:owambe_collection:instruction-input-feedback,GAME,owambe_collection / instruction-input-feedback,flow/state,INSPECTED WITH FIXTURE,See MINIGAME_HANDS_ON exact run/result and limitations; direct entries do not prove ordinary acquisition.,MINIGAME_HANDS_ON.md; CAMPAIGN_CONTINUITY.md; evidence JSON,js/minigames/owambe_collection.js; js/data/btf/adventures/new_oga_m5_m6.js; js/engine/minigames.js
GAME:owambe_collection:success,GAME,owambe_collection / success,flow/state,SOURCE-ONLY,Upper outcome/tier or encounter band not earned in this pass; actual sampled inputs documented separately.,MINIGAME_HANDS_ON.md; CAMPAIGN_CONTINUITY.md; evidence JSON,js/minigames/owambe_collection.js; js/data/btf/adventures/new_oga_m5_m6.js; js/engine/minigames.js
GAME:owambe_collection:failure,GAME,owambe_collection / failure,flow/state,SOURCE-ONLY,Upper outcome/tier or encounter band not earned in this pass; actual sampled inputs documented separately.,MINIGAME_HANDS_ON.md; CAMPAIGN_CONTINUITY.md; evidence JSON,js/minigames/owambe_collection.js; js/data/btf/adventures/new_oga_m5_m6.js; js/engine/minigames.js
GAME:owambe_collection:quit-retry-return,GAME,owambe_collection / quit-retry-return,flow/state,INSPECTED WITH FIXTURE,See MINIGAME_HANDS_ON exact run/result and limitations; direct entries do not prove ordinary acquisition.,MINIGAME_HANDS_ON.md; CAMPAIGN_CONTINUITY.md; evidence JSON,js/minigames/owambe_collection.js; js/data/btf/adventures/new_oga_m5_m6.js; js/engine/minigames.js
GAME:owambe_collection:reward-save,GAME,owambe_collection / reward-save,flow/state,INSPECTED WITH FIXTURE,See MINIGAME_HANDS_ON exact run/result and limitations; direct entries do not prove ordinary acquisition.,MINIGAME_HANDS_ON.md; CAMPAIGN_CONTINUITY.md; evidence JSON,js/minigames/owambe_collection.js; js/data/btf/adventures/new_oga_m5_m6.js; js/engine/minigames.js
GAME:hatch:senator:instruction-input-feedback,GAME,hatch:senator / instruction-input-feedback,flow/state,INSPECTED WITH FIXTURE,See MINIGAME_HANDS_ON exact run/result and limitations; direct entries do not prove ordinary acquisition.,MINIGAME_HANDS_ON.md; CAMPAIGN_CONTINUITY.md; evidence JSON,js/minigames/hatch.js; js/data/btf/adventures/new_oga_m5_m6.js; js/engine/minigames.js
GAME:hatch:senator:success,GAME,hatch:senator / success,flow/state,INSPECTED WITH FIXTURE,See MINIGAME_HANDS_ON exact run/result and limitations; direct entries do not prove ordinary acquisition.,MINIGAME_HANDS_ON.md; CAMPAIGN_CONTINUITY.md; evidence JSON,js/minigames/hatch.js; js/data/btf/adventures/new_oga_m5_m6.js; js/engine/minigames.js
GAME:hatch:senator:failure,GAME,hatch:senator / failure,flow/state,INSPECTED WITH FIXTURE,See MINIGAME_HANDS_ON exact run/result and limitations; direct entries do not prove ordinary acquisition.,MINIGAME_HANDS_ON.md; CAMPAIGN_CONTINUITY.md; evidence JSON,js/minigames/hatch.js; js/data/btf/adventures/new_oga_m5_m6.js; js/engine/minigames.js
GAME:hatch:senator:quit-retry-return,GAME,hatch:senator / quit-retry-return,flow/state,INSPECTED WITH FIXTURE,See MINIGAME_HANDS_ON exact run/result and limitations; direct entries do not prove ordinary acquisition.,MINIGAME_HANDS_ON.md; CAMPAIGN_CONTINUITY.md; evidence JSON,js/minigames/hatch.js; js/data/btf/adventures/new_oga_m5_m6.js; js/engine/minigames.js
GAME:hatch:senator:reward-save,GAME,hatch:senator / reward-save,flow/state,INSPECTED WITH FIXTURE,See MINIGAME_HANDS_ON exact run/result and limitations; direct entries do not prove ordinary acquisition.,MINIGAME_HANDS_ON.md; CAMPAIGN_CONTINUITY.md; evidence JSON,js/minigames/hatch.js; js/data/btf/adventures/new_oga_m5_m6.js; js/engine/minigames.js
GAME:jollof:instruction-input-feedback,GAME,jollof / instruction-input-feedback,flow/state,INSPECTED WITH FIXTURE,See MINIGAME_HANDS_ON exact run/result and limitations; direct entries do not prove ordinary acquisition.,MINIGAME_HANDS_ON.md; CAMPAIGN_CONTINUITY.md; evidence JSON,js/minigames/jollof.js; js/data/btf/adventures/w5.js; js/engine/minigames.js
GAME:jollof:success,GAME,jollof / success,flow/state,INSPECTED WITH FIXTURE,See MINIGAME_HANDS_ON exact run/result and limitations; direct entries do not prove ordinary acquisition.,MINIGAME_HANDS_ON.md; CAMPAIGN_CONTINUITY.md; evidence JSON,js/minigames/jollof.js; js/data/btf/adventures/w5.js; js/engine/minigames.js
GAME:jollof:failure,GAME,jollof / failure,flow/state,INSPECTED WITH FIXTURE,See MINIGAME_HANDS_ON exact run/result and limitations; direct entries do not prove ordinary acquisition.,MINIGAME_HANDS_ON.md; CAMPAIGN_CONTINUITY.md; evidence JSON,js/minigames/jollof.js; js/data/btf/adventures/w5.js; js/engine/minigames.js
GAME:jollof:quit-retry-return,GAME,jollof / quit-retry-return,flow/state,INSPECTED WITH FIXTURE,See MINIGAME_HANDS_ON exact run/result and limitations; direct entries do not prove ordinary acquisition.,MINIGAME_HANDS_ON.md; CAMPAIGN_CONTINUITY.md; evidence JSON,js/minigames/jollof.js; js/data/btf/adventures/w5.js; js/engine/minigames.js
GAME:jollof:reward-save,GAME,jollof / reward-save,flow/state,INSPECTED WITH FIXTURE,See MINIGAME_HANDS_ON exact run/result and limitations; direct entries do not prove ordinary acquisition.,MINIGAME_HANDS_ON.md; CAMPAIGN_CONTINUITY.md; evidence JSON,js/minigames/jollof.js; js/data/btf/adventures/w5.js; js/engine/minigames.js
GAME:touge:instruction-input-feedback,GAME,touge / instruction-input-feedback,flow/state,INSPECTED WITH FIXTURE,See MINIGAME_HANDS_ON exact run/result and limitations; direct entries do not prove ordinary acquisition.,MINIGAME_HANDS_ON.md; CAMPAIGN_CONTINUITY.md; evidence JSON,js/minigames/touge.js; js/data/btf/adventures/new_oga_m4.js; js/engine/minigames.js
GAME:touge:success,GAME,touge / success,flow/state,SOURCE-ONLY,Upper outcome/tier or encounter band not earned in this pass; actual sampled inputs documented separately.,MINIGAME_HANDS_ON.md; CAMPAIGN_CONTINUITY.md; evidence JSON,js/minigames/touge.js; js/data/btf/adventures/new_oga_m4.js; js/engine/minigames.js
GAME:touge:failure,GAME,touge / failure,flow/state,SOURCE-ONLY,"Real control run had no spins; failure/quit behavior source traced, not a tested story LOW/HIGH band.",MINIGAME_HANDS_ON.md; CAMPAIGN_CONTINUITY.md; evidence JSON,js/minigames/touge.js; js/data/btf/adventures/new_oga_m4.js; js/engine/minigames.js
GAME:touge:quit-retry-return,GAME,touge / quit-retry-return,flow/state,INSPECTED WITH FIXTURE,See MINIGAME_HANDS_ON exact run/result and limitations; direct entries do not prove ordinary acquisition.,MINIGAME_HANDS_ON.md; CAMPAIGN_CONTINUITY.md; evidence JSON,js/minigames/touge.js; js/data/btf/adventures/new_oga_m4.js; js/engine/minigames.js
GAME:touge:reward-save,GAME,touge / reward-save,flow/state,INSPECTED WITH FIXTURE,See MINIGAME_HANDS_ON exact run/result and limitations; direct entries do not prove ordinary acquisition.,MINIGAME_HANDS_ON.md; CAMPAIGN_CONTINUITY.md; evidence JSON,js/minigames/touge.js; js/data/btf/adventures/new_oga_m4.js; js/engine/minigames.js
GAME:PLAY:instruction-input-feedback,GAME,PLAY / instruction-input-feedback,flow/state,INSPECTED WITH FIXTURE,"Real SEND/SLIP PAST/BACK after Day2 entry fixture: consumed COMPLETE win:false, report card/two DOWNED, pending null, daily action false. No interrupted save or winning result played.",MINIGAME_HANDS_ON.md; CAMPAIGN_CONTINUITY.md; evidence JSON,assets/f01/play/feel-ui.mjs; assets/f01/play/feel-scenes.mjs; js/frag/F04/play_adapter.js; js/engine/minigames.js
GAME:PLAY:success,GAME,PLAY / success,flow/state,SOURCE-ONLY,"Actual PLAY completed failure, not a winning job; success reward/bands source traced.",MINIGAME_HANDS_ON.md; CAMPAIGN_CONTINUITY.md; evidence JSON,assets/f01/play/feel-ui.mjs; assets/f01/play/feel-scenes.mjs; js/frag/F04/play_adapter.js; js/engine/minigames.js
GAME:PLAY:failure,GAME,PLAY / failure,flow/state,INSPECTED WITH FIXTURE,"Real SEND/SLIP PAST/BACK after Day2 entry fixture: consumed COMPLETE win:false, report card/two DOWNED, pending null, daily action false. No interrupted save or winning result played.",MINIGAME_HANDS_ON.md; CAMPAIGN_CONTINUITY.md; evidence JSON,assets/f01/play/feel-ui.mjs; assets/f01/play/feel-scenes.mjs; js/frag/F04/play_adapter.js; js/engine/minigames.js
GAME:PLAY:quit-retry-return,GAME,PLAY / quit-retry-return,flow/state,INSPECTED WITH FIXTURE,"Real SEND/SLIP PAST/BACK after Day2 entry fixture: consumed COMPLETE win:false, report card/two DOWNED, pending null, daily action false. No interrupted save or winning result played.",MINIGAME_HANDS_ON.md; CAMPAIGN_CONTINUITY.md; evidence JSON,assets/f01/play/feel-ui.mjs; assets/f01/play/feel-scenes.mjs; js/frag/F04/play_adapter.js; js/engine/minigames.js
GAME:PLAY:reward-save,GAME,PLAY / reward-save,flow/state,INSPECTED WITH FIXTURE,"Real SEND/SLIP PAST/BACK after Day2 entry fixture: consumed COMPLETE win:false, report card/two DOWNED, pending null, daily action false. No interrupted save or winning result played.",MINIGAME_HANDS_ON.md; CAMPAIGN_CONTINUITY.md; evidence JSON,assets/f01/play/feel-ui.mjs; assets/f01/play/feel-scenes.mjs; js/frag/F04/play_adapter.js; js/engine/minigames.js
FIGHT:bonesworth,FIGHT,bonesworth,flow/state,SOURCE-ONLY,"Actual Gbenga four turns/retire and Roxy Blood Bath input; other enemy rules, telegraphs, outcome links source traced.",MINIGAME_HANDS_ON.md; CAMPAIGN_CONTINUITY.md; evidence JSON,js/scenes/combat2.js; js/frag/F07/gbenga_combat.js; js/frag/F03/new_oga_ladder_close.js; js/frag/F15/roxy.js
FIGHT:bruce_loose,FIGHT,bruce_loose,flow/state,SOURCE-ONLY,"Actual Gbenga four turns/retire and Roxy Blood Bath input; other enemy rules, telegraphs, outcome links source traced.",MINIGAME_HANDS_ON.md; CAMPAIGN_CONTINUITY.md; evidence JSON,js/scenes/combat2.js; js/frag/F07/gbenga_combat.js; js/frag/F03/new_oga_ladder_close.js; js/frag/F15/roxy.js
FIGHT:f15_roxy_spar,FIGHT,f15_roxy_spar,flow/state,INSPECTED WITH FIXTURE,"Actual Gbenga four turns/retire and Roxy Blood Bath input; other enemy rules, telegraphs, outcome links source traced.",MINIGAME_HANDS_ON.md; CAMPAIGN_CONTINUITY.md; evidence JSON,js/scenes/combat2.js; js/frag/F07/gbenga_combat.js; js/frag/F03/new_oga_ladder_close.js; js/frag/F15/roxy.js
FIGHT:f15_uncle_bunmi,FIGHT,f15_uncle_bunmi,flow/state,SOURCE-ONLY,"Actual Gbenga four turns/retire and Roxy Blood Bath input; other enemy rules, telegraphs, outcome links source traced.",MINIGAME_HANDS_ON.md; CAMPAIGN_CONTINUITY.md; evidence JSON,js/scenes/combat2.js; js/frag/F07/gbenga_combat.js; js/frag/F03/new_oga_ladder_close.js; js/frag/F15/roxy.js
FIGHT:gbenga,FIGHT,gbenga,flow/state,INSPECTED WITH FIXTURE,"Actual Gbenga four turns/retire and Roxy Blood Bath input; other enemy rules, telegraphs, outcome links source traced.",MINIGAME_HANDS_ON.md; CAMPAIGN_CONTINUITY.md; evidence JSON,js/scenes/combat2.js; js/frag/F07/gbenga_combat.js; js/frag/F03/new_oga_ladder_close.js; js/frag/F15/roxy.js
FIGHT:hilt,FIGHT,hilt,flow/state,SOURCE-ONLY,"Actual Gbenga four turns/retire and Roxy Blood Bath input; other enemy rules, telegraphs, outcome links source traced.",MINIGAME_HANDS_ON.md; CAMPAIGN_CONTINUITY.md; evidence JSON,js/scenes/combat2.js; js/frag/F07/gbenga_combat.js; js/frag/F03/new_oga_ladder_close.js; js/frag/F15/roxy.js
FIGHT:kevins,FIGHT,kevins,flow/state,SOURCE-ONLY,"Actual Gbenga four turns/retire and Roxy Blood Bath input; other enemy rules, telegraphs, outcome links source traced.",MINIGAME_HANDS_ON.md; CAMPAIGN_CONTINUITY.md; evidence JSON,js/scenes/combat2.js; js/frag/F07/gbenga_combat.js; js/frag/F03/new_oga_ladder_close.js; js/frag/F15/roxy.js
FIGHT:phil,FIGHT,phil,flow/state,SOURCE-ONLY,"Actual Gbenga four turns/retire and Roxy Blood Bath input; other enemy rules, telegraphs, outcome links source traced.",MINIGAME_HANDS_ON.md; CAMPAIGN_CONTINUITY.md; evidence JSON,js/scenes/combat2.js; js/frag/F07/gbenga_combat.js; js/frag/F03/new_oga_ladder_close.js; js/frag/F15/roxy.js
FIGHT:smallie,FIGHT,smallie,flow/state,SOURCE-ONLY,"Actual Gbenga four turns/retire and Roxy Blood Bath input; other enemy rules, telegraphs, outcome links source traced.",MINIGAME_HANDS_ON.md; CAMPAIGN_CONTINUITY.md; evidence JSON,js/scenes/combat2.js; js/frag/F07/gbenga_combat.js; js/frag/F03/new_oga_ladder_close.js; js/frag/F15/roxy.js
FIGHT:smallie_cousin,FIGHT,smallie_cousin,flow/state,SOURCE-ONLY,"Actual Gbenga four turns/retire and Roxy Blood Bath input; other enemy rules, telegraphs, outcome links source traced.",MINIGAME_HANDS_ON.md; CAMPAIGN_CONTINUITY.md; evidence JSON,js/scenes/combat2.js; js/frag/F07/gbenga_combat.js; js/frag/F03/new_oga_ladder_close.js; js/frag/F15/roxy.js
FIGHT:uncle_sunday,FIGHT,uncle_sunday,flow/state,SOURCE-ONLY,"Actual Gbenga four turns/retire and Roxy Blood Bath input; other enemy rules, telegraphs, outcome links source traced.",MINIGAME_HANDS_ON.md; CAMPAIGN_CONTINUITY.md; evidence JSON,js/scenes/combat2.js; js/frag/F07/gbenga_combat.js; js/frag/F03/new_oga_ladder_close.js; js/frag/F15/roxy.js
