label,persona,seed,day,money,netWorth,rooms,cars,trapHouses,newOgaRank,warRoom
after,homebody,1,1,99906,99906,0,0,0,0,unavailable
after,homebody,1,2,99828,99828,0,0,0,0,unavailable
after,homebody,1,3,99623,99623,0,0,0,0,unavailable
after,homebody,1,4,99591,99591,0,0,0,0,unavailable
after,homebody,1,5,99528,99528,0,0,0,0,unavailable
after,homebody,1,6,99472,99472,0,0,0,0,unavailable
after,homebody,1,7,99454,99454,0,0,0,0,unavailable
after,homebody,1,8,99454,99454,0,0,0,0,unavailable
after,homebody,1,9,95178,95178,0,0,0,0,unavailable
after,homebody,1,10,95102,95102,0,0,0,0,unavailable
after,homebody,1,11,95342,95342,0,0,0,0,unavailable
after,homebody,1,12,95310,95310,0,0,0,0,unavailable
after,homebody,1,13,95190,95190,0,0,0,0,unavailable
after,homebody,1,14,95096,95096,0,0,0,0,unavailable
after,homebody,1,15,95096,95096,0,0,0,0,unavailable
after,homebody,1,16,95008,95008,0,0,0,0,unavailable
after,homebody,1,17,94879,94879,0,0,0,0,unavailable
after,homebody,1,18,95163,95163,0,0,0,0,unavailable
after,homebody,1,19,95103,95103,0,0,0,0,unavailable
after,homebody,1,20,94947,94947,0,0,0,0,unavailable
after,homebody,1,21,94907,94907,0,0,0,0,unavailable
after,homebody,1,22,94907,94907,0,0,0,0,unavailable
after,homebody,1,23,94822,94822,0,0,0,0,unavailable
after,homebody,1,24,94764,94764,0,0,0,0,unavailable
after,homebody,1,25,94750,94750,0,0,0,0,unavailable
after,homebody,1,26,94709,94709,0,0,0,0,unavailable
after,homebody,1,27,94709,94709,0,0,0,0,unavailable
after,homebody,1,28,94510,94510,0,0,0,0,unavailable
after,homebody,1,29,109381,151881,1,0,0,0,unavailable
after,homebody,1,30,109305,151805,1,0,0,0,unavailable
after,homebody,1,31,109243,151743,1,0,0,0,unavailable
after,homebody,1,32,109223,151723,1,0,0,0,unavailable
after,homebody,1,33,109209,151709,1,0,0,0,unavailable
after,homebody,1,34,109209,151709,1,0,0,0,unavailable
after,homebody,1,35,109124,151624,1,0,0,0,unavailable
before,homebody,1,1,99906,99906,0,0,0,0,unavailable
before,homebody,1,2,98612,98612,0,0,0,0,unavailable
before,homebody,1,3,98507,98507,0,0,0,0,unavailable
before,homebody,1,4,98410,98410,0,0,0,0,unavailable
before,homebody,1,5,93976,93976,0,0,0,0,unavailable
before,homebody,1,6,94248,94248,0,0,0,0,unavailable
before,homebody,1,7,94230,94230,0,0,0,0,unavailable
before,homebody,1,8,93810,93810,0,0,0,0,unavailable
before,homebody,1,9,93734,93734,0,0,0,0,unavailable
before,homebody,1,10,93716,93716,0,0,0,0,unavailable
before,homebody,1,11,93622,93622,0,0,0,0,unavailable
before,homebody,1,12,93622,93622,0,0,0,0,unavailable
before,homebody,1,13,93546,93546,0,0,0,0,unavailable
before,homebody,1,14,93388,93388,0,0,0,0,unavailable
before,homebody,1,15,93218,93218,0,0,0,0,unavailable
before,homebody,1,16,93082,93082,0,0,0,0,unavailable
before,homebody,1,17,93062,93062,0,0,0,0,unavailable
before,homebody,1,18,93015,93015,0,0,0,0,unavailable
before,homebody,1,19,93299,93299,0,0,0,0,unavailable
before,homebody,1,20,93299,93299,0,0,0,0,unavailable
before,homebody,1,21,93256,93256,0,0,0,0,unavailable
before,homebody,1,22,92998,92998,0,0,0,0,unavailable
before,homebody,1,23,92578,92578,0,0,0,0,unavailable
before,homebody,1,24,92484,92484,0,0,0,0,unavailable
before,homebody,1,25,92484,92484,0,0,0,0,unavailable
before,homebody,1,26,88764,88764,0,0,0,0,unavailable
before,homebody,1,27,88652,88652,0,0,0,0,unavailable
before,homebody,1,28,88614,88614,0,0,0,0,unavailable
before,homebody,1,29,103600,146100,1,0,0,0,unavailable
before,homebody,1,30,99871,142371,1,0,0,0,unavailable
before,homebody,1,31,94797,137297,1,0,0,0,unavailable
before,homebody,1,32,94659,137159,1,0,0,0,unavailable
before,homebody,1,33,94583,137083,1,0,0,0,unavailable
before,homebody,1,34,94454,136954,1,0,0,0,unavailable
before,homebody,1,35,94378,136878,1,0,0,0,unavailable
after,homebody,2,1,99915,99915,0,0,0,0,unavailable
after,homebody,2,2,99840,99840,0,0,0,0,unavailable
after,homebody,2,3,99755,99755,0,0,0,0,unavailable
after,homebody,2,4,99632,99632,0,0,0,0,unavailable
after,homebody,2,5,96547,96547,0,0,0,0,unavailable
after,homebody,2,6,96389,96389,0,0,0,0,unavailable
after,homebody,2,7,96389,96389,0,0,0,0,unavailable
after,homebody,2,8,96375,96375,0,0,0,0,unavailable
after,homebody,2,9,95930,95930,0,0,0,0,unavailable
after,homebody,2,10,95832,95832,0,0,0,0,unavailable
after,homebody,2,11,96027,96027,0,0,0,0,unavailable
after,homebody,2,12,95942,95942,0,0,0,0,unavailable
after,homebody,2,13,95902,95902,0,0,0,0,unavailable
after,homebody,2,14,95844,95844,0,0,0,0,unavailable
after,homebody,2,15,95815,95815,0,0,0,0,unavailable
after,homebody,2,16,95735,95735,0,0,0,0,unavailable
after,homebody,2,17,95735,95735,0,0,0,0,unavailable
after,homebody,2,18,95621,95621,0,0,0,0,unavailable
after,homebody,2,19,95536,95536,0,0,0,0,unavailable
after,homebody,2,20,95516,95516,0,0,0,0,unavailable
after,homebody,2,21,95492,95492,0,0,0,0,unavailable
after,homebody,2,22,95398,95398,0,0,0,0,unavailable
after,homebody,2,23,95360,95360,0,0,0,0,unavailable
after,homebody,2,24,95706,95706,0,0,0,0,unavailable
after,homebody,2,25,95630,95630,0,0,0,0,unavailable
after,homebody,2,26,95601,95601,0,0,0,0,unavailable
after,homebody,2,27,91443,91443,0,0,0,0,unavailable
after,homebody,2,28,91443,91443,0,0,0,0,unavailable
after,homebody,2,29,106425,148925,1,0,0,0,unavailable
after,homebody,2,30,104625,147125,1,0,0,0,unavailable
after,homebody,2,31,104605,147105,1,0,0,0,unavailable
after,homebody,2,32,104585,147085,1,0,0,0,unavailable
after,homebody,2,33,104530,147030,1,0,0,0,unavailable
after,homebody,2,34,104530,147030,1,0,0,0,unavailable
after,homebody,2,35,104392,146892,1,0,0,0,unavailable
before,homebody,2,1,99915,99915,0,0,0,0,unavailable
before,homebody,2,2,99017,99017,0,0,0,0,unavailable
before,homebody,2,3,98918,98918,0,0,0,0,unavailable
before,homebody,2,4,98777,98777,0,0,0,0,unavailable
before,homebody,2,5,98761,98761,0,0,0,0,unavailable
before,homebody,2,6,98705,98705,0,0,0,0,unavailable
before,homebody,2,7,98526,98526,0,0,0,0,unavailable
before,homebody,2,8,98508,98508,0,0,0,0,unavailable
before,homebody,2,9,98801,98801,0,0,0,0,unavailable
before,homebody,2,10,98671,98671,0,0,0,0,unavailable
before,homebody,2,11,98513,98513,0,0,0,0,unavailable
before,homebody,2,12,98780,98780,0,0,0,0,unavailable
before,homebody,2,13,98660,98660,0,0,0,0,unavailable
before,homebody,2,14,98552,98552,0,0,0,0,unavailable
before,homebody,2,15,98454,98454,0,0,0,0,unavailable
before,homebody,2,16,98434,98434,0,0,0,0,unavailable
before,homebody,2,17,98425,98425,0,0,0,0,unavailable
before,homebody,2,18,98425,98425,0,0,0,0,unavailable
before,homebody,2,19,98267,98267,0,0,0,0,unavailable
before,homebody,2,20,98267,98267,0,0,0,0,unavailable
before,homebody,2,21,98182,98182,0,0,0,0,unavailable
before,homebody,2,22,98102,98102,0,0,0,0,unavailable
before,homebody,2,23,98044,98044,0,0,0,0,unavailable
before,homebody,2,24,97950,97950,0,0,0,0,unavailable
before,homebody,2,25,97930,97930,0,0,0,0,unavailable
before,homebody,2,26,97030,97030,0,0,0,0,unavailable
before,homebody,2,27,94007,94007,0,0,0,0,unavailable
before,homebody,2,28,93969,93969,0,0,0,0,unavailable
before,homebody,2,29,108969,151469,1,0,0,0,unavailable
before,homebody,2,30,108909,151409,1,0,0,0,unavailable
before,homebody,2,31,108909,151409,1,0,0,0,unavailable
before,homebody,2,32,108895,151395,1,0,0,0,unavailable
before,homebody,2,33,108799,151299,1,0,0,0,unavailable
before,homebody,2,34,108763,151263,1,0,0,0,unavailable
before,homebody,2,35,108649,151149,1,0,0,0,unavailable
before,homebody,3,1,99915,99915,0,0,0,0,unavailable
before,homebody,3,2,96377,96377,0,0,0,0,unavailable
before,homebody,3,3,96292,96292,0,0,0,0,unavailable
before,homebody,3,4,96154,96154,0,0,0,0,unavailable
before,homebody,3,5,94431,94431,0,0,0,0,unavailable
before,homebody,3,6,94317,94317,0,0,0,0,unavailable
before,homebody,3,7,94288,94288,0,0,0,0,unavailable
before,homebody,3,8,89989,89989,0,0,0,0,unavailable
before,homebody,3,9,89989,89989,0,0,0,0,unavailable
before,homebody,3,10,89971,89971,0,0,0,0,unavailable
before,homebody,3,11,90255,90255,0,0,0,0,unavailable
before,homebody,3,12,90170,90170,0,0,0,0,unavailable
before,homebody,3,13,90170,90170,0,0,0,0,unavailable
before,homebody,3,14,90149,90149,0,0,0,0,unavailable
before,homebody,3,15,90020,90020,0,0,0,0,unavailable
before,homebody,3,16,89575,89575,0,0,0,0,unavailable
before,homebody,3,17,89476,89476,0,0,0,0,unavailable
before,homebody,3,18,89451,89451,0,0,0,0,unavailable
before,homebody,3,19,86375,86375,0,0,0,0,unavailable
before,homebody,3,20,86607,86607,0,0,0,0,unavailable
before,homebody,3,21,86569,86569,0,0,0,0,unavailable
before,homebody,3,22,86493,86493,0,0,0,0,unavailable
before,homebody,3,23,82893,82893,0,0,0,0,unavailable
before,homebody,3,24,82435,82435,0,0,0,0,unavailable
before,homebody,3,25,82359,82359,0,0,0,0,unavailable
before,homebody,3,26,78521,78521,0,0,0,0,unavailable
before,homebody,3,27,78521,78521,0,0,0,0,unavailable
before,homebody,3,28,78503,78503,0,0,0,0,unavailable
before,homebody,3,29,93374,135874,1,0,0,0,unavailable
before,homebody,3,30,93300,135800,1,0,0,0,unavailable
before,homebody,3,31,93262,135762,1,0,0,0,unavailable
before,homebody,3,32,92757,135257,1,0,0,0,unavailable
before,homebody,3,33,92707,135207,1,0,0,0,unavailable
before,homebody,3,34,92707,135207,1,0,0,0,unavailable
before,homebody,3,35,92613,135113,1,0,0,0,unavailable
after,homebody,3,1,99915,99915,0,0,0,0,unavailable
after,homebody,3,2,99777,99777,0,0,0,0,unavailable
after,homebody,3,3,99676,99676,0,0,0,0,unavailable
after,homebody,3,4,99651,99651,0,0,0,0,unavailable
after,homebody,3,5,99528,99528,0,0,0,0,unavailable
after,homebody,3,6,99510,99510,0,0,0,0,unavailable
after,homebody,3,7,99416,99416,0,0,0,0,unavailable
after,homebody,3,8,95196,95196,0,0,0,0,unavailable
after,homebody,3,9,95062,95062,0,0,0,0,unavailable
after,homebody,3,10,94954,94954,0,0,0,0,unavailable
after,homebody,3,11,95281,95281,0,0,0,0,unavailable
after,homebody,3,12,95161,95161,0,0,0,0,unavailable
after,homebody,3,13,95085,95085,0,0,0,0,unavailable
after,homebody,3,14,95007,95007,0,0,0,0,unavailable
after,homebody,3,15,95209,95209,0,0,0,0,unavailable
after,homebody,3,16,92209,92209,0,0,0,0,unavailable
after,homebody,3,17,92177,92177,0,0,0,0,unavailable
after,homebody,3,18,92177,92177,0,0,0,0,unavailable
after,homebody,3,19,92145,92145,0,0,0,0,unavailable
after,homebody,3,20,92039,92039,0,0,0,0,unavailable
after,homebody,3,21,91901,91901,0,0,0,0,unavailable
after,homebody,3,22,91901,91901,0,0,0,0,unavailable
after,homebody,3,23,91787,91787,0,0,0,0,unavailable
after,homebody,3,24,91778,91778,0,0,0,0,unavailable
after,homebody,3,25,90860,90860,0,0,0,0,unavailable
after,homebody,3,26,90860,90860,0,0,0,0,unavailable
after,homebody,3,27,90808,90808,0,0,0,0,unavailable
after,homebody,3,28,90794,90794,0,0,0,0,unavailable
after,homebody,3,29,105709,148209,1,0,0,0,unavailable
after,homebody,3,30,104377,146877,1,0,0,0,unavailable
after,homebody,3,31,104287,146787,1,0,0,0,unavailable
after,homebody,3,32,104267,146767,1,0,0,0,unavailable
after,homebody,3,33,104109,146609,1,0,0,0,unavailable
after,homebody,3,34,104095,146595,1,0,0,0,unavailable
after,homebody,3,35,104081,146581,1,0,0,0,unavailable
before,homebody,4,1,99971,99971,0,0,0,0,unavailable
before,homebody,4,2,99913,99913,0,0,0,0,unavailable
before,homebody,4,3,99752,99752,0,0,0,0,unavailable
before,homebody,4,4,99717,99717,0,0,0,0,unavailable
before,homebody,4,5,97197,97197,0,0,0,0,unavailable
before,homebody,4,6,97165,97165,0,0,0,0,unavailable
before,homebody,4,7,92880,92880,0,0,0,0,unavailable
before,homebody,4,8,92836,92836,0,0,0,0,unavailable
before,homebody,4,9,92416,92416,0,0,0,0,unavailable
before,homebody,4,10,92296,92296,0,0,0,0,unavailable
before,homebody,4,11,92535,92535,0,0,0,0,unavailable
before,homebody,4,12,88101,88101,0,0,0,0,unavailable
before,homebody,4,13,88087,88087,0,0,0,0,unavailable
before,homebody,4,14,87949,87949,0,0,0,0,unavailable
before,homebody,4,15,87949,87949,0,0,0,0,unavailable
before,homebody,4,16,87935,87935,0,0,0,0,unavailable
before,homebody,4,17,86106,86106,0,0,0,0,unavailable
before,homebody,4,18,86008,86008,0,0,0,0,unavailable
before,homebody,4,19,85933,85933,0,0,0,0,unavailable
before,homebody,4,20,85795,85795,0,0,0,0,unavailable
before,homebody,4,21,85779,85779,0,0,0,0,unavailable
before,homebody,4,22,85625,85625,0,0,0,0,unavailable
before,homebody,4,23,85505,85505,0,0,0,0,unavailable
before,homebody,4,24,85487,85487,0,0,0,0,unavailable
before,homebody,4,25,85487,85487,0,0,0,0,unavailable
before,homebody,4,26,85449,85449,0,0,0,0,unavailable
before,homebody,4,27,85360,85360,0,0,0,0,unavailable
before,homebody,4,28,85284,85284,0,0,0,0,unavailable
before,homebody,4,29,100222,142722,1,0,0,0,unavailable
before,homebody,4,30,100076,142576,1,0,0,0,unavailable
before,homebody,4,31,100076,142576,1,0,0,0,unavailable
before,homebody,4,32,100076,142576,1,0,0,0,unavailable
before,homebody,4,33,100022,142522,1,0,0,0,unavailable
before,homebody,4,34,99593,142093,1,0,0,0,unavailable
before,homebody,4,35,99517,142017,1,0,0,0,unavailable
after,homebody,4,1,99971,99971,0,0,0,0,unavailable
after,homebody,4,2,99909,99909,0,0,0,0,unavailable
after,homebody,4,3,99810,99810,0,0,0,0,unavailable
after,homebody,4,4,99744,99744,0,0,0,0,unavailable
after,homebody,4,5,100046,100046,0,0,0,0,unavailable
after,homebody,4,6,100008,100008,0,0,0,0,unavailable
after,homebody,4,7,95679,95679,0,0,0,0,unavailable
after,homebody,4,8,95565,95565,0,0,0,0,unavailable
after,homebody,4,9,95489,95489,0,0,0,0,unavailable
after,homebody,4,10,95466,95466,0,0,0,0,unavailable
after,homebody,4,11,95446,95446,0,0,0,0,unavailable
after,homebody,4,12,95414,95414,0,0,0,0,unavailable
after,homebody,4,13,95398,95398,0,0,0,0,unavailable
after,homebody,4,14,95369,95369,0,0,0,0,unavailable
after,homebody,4,15,94784,94784,0,0,0,0,unavailable
after,homebody,4,16,94671,94671,0,0,0,0,unavailable
after,homebody,4,17,94542,94542,0,0,0,0,unavailable
after,homebody,4,18,86728,86728,0,0,0,0,unavailable
after,homebody,4,19,86728,86728,0,0,0,0,unavailable
after,homebody,4,20,86728,86728,0,0,0,0,unavailable
after,homebody,4,21,86705,86705,0,0,0,0,unavailable
after,homebody,4,22,86667,86667,0,0,0,0,unavailable
after,homebody,4,23,85449,85449,0,0,0,0,unavailable
after,homebody,4,24,85431,85431,0,0,0,0,unavailable
after,homebody,4,25,85371,85371,0,0,0,0,unavailable
after,homebody,4,26,85339,85339,0,0,0,0,unavailable
after,homebody,4,27,85245,85245,0,0,0,0,unavailable
after,homebody,4,28,85210,85210,0,0,0,0,unavailable
after,homebody,4,29,100170,142670,1,0,0,0,unavailable
after,homebody,4,30,100076,142576,1,0,0,0,unavailable
after,homebody,4,31,99965,142465,1,0,0,0,unavailable
after,homebody,4,32,99965,142465,1,0,0,0,unavailable
after,homebody,4,33,99875,142375,1,0,0,0,unavailable
after,homebody,4,34,99767,142267,1,0,0,0,unavailable
after,homebody,4,35,99753,142253,1,0,0,0,unavailable
after,homebody,5,1,99915,99915,0,0,0,0,unavailable
after,homebody,5,2,99859,99859,0,0,0,0,unavailable
after,homebody,5,3,99654,99654,0,0,0,0,unavailable
after,homebody,5,4,99634,99634,0,0,0,0,unavailable
after,homebody,5,5,99593,99593,0,0,0,0,unavailable
after,homebody,5,6,99473,99473,0,0,0,0,unavailable
after,homebody,5,7,99473,99473,0,0,0,0,unavailable
after,homebody,5,8,99035,99035,0,0,0,0,unavailable
after,homebody,5,9,99021,99021,0,0,0,0,unavailable
after,homebody,5,10,98907,98907,0,0,0,0,unavailable
after,homebody,5,11,99147,99147,0,0,0,0,unavailable
after,homebody,5,12,99087,99087,0,0,0,0,unavailable
after,homebody,5,13,99069,99069,0,0,0,0,unavailable
after,homebody,5,14,98975,98975,0,0,0,0,unavailable
after,homebody,5,15,98937,98937,0,0,0,0,unavailable
after,homebody,5,16,98937,98937,0,0,0,0,unavailable
after,homebody,5,17,98727,98727,0,0,0,0,unavailable
after,homebody,5,18,98640,98640,0,0,0,0,unavailable
after,homebody,5,19,98520,98520,0,0,0,0,unavailable
after,homebody,5,20,98448,98448,0,0,0,0,unavailable
after,homebody,5,21,98425,98425,0,0,0,0,unavailable
after,homebody,5,22,98363,98363,0,0,0,0,unavailable
after,homebody,5,23,98259,98259,0,0,0,0,unavailable
after,homebody,5,24,98089,98089,0,0,0,0,unavailable
after,homebody,5,25,98089,98089,0,0,0,0,unavailable
after,homebody,5,26,98370,98370,0,0,0,0,unavailable
after,homebody,5,27,98294,98294,0,0,0,0,unavailable
after,homebody,5,28,98221,98221,0,0,0,0,unavailable
after,homebody,5,29,113212,155712,1,0,0,0,unavailable
after,homebody,5,30,113086,155586,1,0,0,0,unavailable
after,homebody,5,31,112972,155472,1,0,0,0,unavailable
after,homebody,5,32,112972,155472,1,0,0,0,unavailable
after,homebody,5,33,112912,155412,1,0,0,0,unavailable
after,homebody,5,34,112689,155189,1,0,0,0,unavailable
after,homebody,5,35,109769,152269,1,0,0,0,unavailable
before,homebody,5,1,99915,99915,0,0,0,0,unavailable
before,homebody,5,2,99726,99726,0,0,0,0,unavailable
before,homebody,5,3,99623,99623,0,0,0,0,unavailable
before,homebody,5,4,99588,99588,0,0,0,0,unavailable
before,homebody,5,5,99462,99462,0,0,0,0,unavailable
before,homebody,5,6,99424,99424,0,0,0,0,unavailable
before,homebody,5,7,94795,94795,0,0,0,0,unavailable
before,homebody,5,8,94675,94675,0,0,0,0,unavailable
before,homebody,5,9,91661,91661,0,0,0,0,unavailable
before,homebody,5,10,91585,91585,0,0,0,0,unavailable
before,homebody,5,11,91825,91825,0,0,0,0,unavailable
before,homebody,5,12,91763,91763,0,0,0,0,unavailable
before,homebody,5,13,91643,91643,0,0,0,0,unavailable
before,homebody,5,14,91643,91643,0,0,0,0,unavailable
before,homebody,5,15,91549,91549,0,0,0,0,unavailable
before,homebody,5,16,90229,90229,0,0,0,0,unavailable
before,homebody,5,17,90115,90115,0,0,0,0,unavailable
before,homebody,5,18,90086,90086,0,0,0,0,unavailable
before,homebody,5,19,90010,90010,0,0,0,0,unavailable
before,homebody,5,20,90010,90010,0,0,0,0,unavailable
before,homebody,5,21,89884,89884,0,0,0,0,unavailable
before,homebody,5,22,89870,89870,0,0,0,0,unavailable
before,homebody,5,23,86394,86394,0,0,0,0,unavailable
before,homebody,5,24,86356,86356,0,0,0,0,unavailable
before,homebody,5,25,86300,86300,0,0,0,0,unavailable
before,homebody,5,26,86300,86300,0,0,0,0,unavailable
before,homebody,5,27,86271,86271,0,0,0,0,unavailable
before,homebody,5,28,86271,86271,0,0,0,0,unavailable
before,homebody,5,29,101209,143709,1,0,0,0,unavailable
before,homebody,5,30,101193,143693,1,0,0,0,unavailable
before,homebody,5,31,97299,139799,1,0,0,0,unavailable
before,homebody,5,32,97299,139799,1,0,0,0,unavailable
before,homebody,5,33,97185,139685,1,0,0,0,unavailable
before,homebody,5,34,97066,139566,1,0,0,0,unavailable
before,homebody,5,35,96972,139472,1,0,0,0,unavailable
after,homebody,6,1,99977,99977,0,0,0,0,unavailable
after,homebody,6,2,99925,99925,0,0,0,0,unavailable
after,homebody,6,3,99720,99720,0,0,0,0,unavailable
after,homebody,6,4,99597,99597,0,0,0,0,unavailable
after,homebody,6,5,99568,99568,0,0,0,0,unavailable
after,homebody,6,6,99520,99520,0,0,0,0,unavailable
after,homebody,6,7,99359,99359,0,0,0,0,unavailable
after,homebody,6,8,99584,99584,0,0,0,0,unavailable
after,homebody,6,9,99859,99859,0,0,0,0,unavailable
after,homebody,6,10,99739,99739,0,0,0,0,unavailable
after,homebody,6,11,99648,99648,0,0,0,0,unavailable
after,homebody,6,12,99616,99616,0,0,0,0,unavailable
after,homebody,6,13,99540,99540,0,0,0,0,unavailable
after,homebody,6,14,99420,99420,0,0,0,0,unavailable
after,homebody,6,15,99397,99397,0,0,0,0,unavailable
after,homebody,6,16,99259,99259,0,0,0,0,unavailable
after,homebody,6,17,91339,91339,0,0,0,0,unavailable
after,homebody,6,18,91245,91245,0,0,0,0,unavailable
after,homebody,6,19,91245,91245,0,0,0,0,unavailable
after,homebody,6,20,91207,91207,0,0,0,0,unavailable
after,homebody,6,21,91175,91175,0,0,0,0,unavailable
after,homebody,6,22,91175,91175,0,0,0,0,unavailable
after,homebody,6,23,91161,91161,0,0,0,0,unavailable
after,homebody,6,24,91045,91045,0,0,0,0,unavailable
after,homebody,6,25,91045,91045,0,0,0,0,unavailable
after,homebody,6,26,91045,91045,0,0,0,0,unavailable
after,homebody,6,27,90108,90108,0,0,0,0,unavailable
after,homebody,6,28,89894,89894,0,0,0,0,unavailable
after,homebody,6,29,105191,147691,1,0,0,0,unavailable
after,homebody,6,30,105062,147562,1,0,0,0,unavailable
after,homebody,6,31,103686,146186,1,0,0,0,unavailable
after,homebody,6,32,103686,146186,1,0,0,0,unavailable
after,homebody,6,33,103634,146134,1,0,0,0,unavailable
after,homebody,6,34,103514,146014,1,0,0,0,unavailable
after,homebody,6,35,103353,145853,1,0,0,0,unavailable
before,homebody,6,1,99977,99977,0,0,0,0,unavailable
before,homebody,6,2,99925,99925,0,0,0,0,unavailable
before,homebody,6,3,99820,99820,0,0,0,0,unavailable
before,homebody,6,4,99794,99794,0,0,0,0,unavailable
before,homebody,6,5,96774,96774,0,0,0,0,unavailable
before,homebody,6,6,96671,96671,0,0,0,0,unavailable
before,homebody,6,7,96533,96533,0,0,0,0,unavailable
before,homebody,6,8,96878,96878,0,0,0,0,unavailable
before,homebody,6,9,96758,96758,0,0,0,0,unavailable
before,homebody,6,10,96675,96675,0,0,0,0,unavailable
before,homebody,6,11,96581,96581,0,0,0,0,unavailable
before,homebody,6,12,96525,96525,0,0,0,0,unavailable
before,homebody,6,13,96525,96525,0,0,0,0,unavailable
before,homebody,6,14,96491,96491,0,0,0,0,unavailable
before,homebody,6,15,96330,96330,0,0,0,0,unavailable
before,homebody,6,16,95378,95378,0,0,0,0,unavailable
before,homebody,6,17,91126,91126,0,0,0,0,unavailable
before,homebody,6,18,91112,91112,0,0,0,0,unavailable
before,homebody,6,19,91352,91352,0,0,0,0,unavailable
before,homebody,6,20,91240,91240,0,0,0,0,unavailable
before,homebody,6,21,91226,91226,0,0,0,0,unavailable
before,homebody,6,22,91226,91226,0,0,0,0,unavailable
before,homebody,6,23,91097,91097,0,0,0,0,unavailable
before,homebody,6,24,91059,91059,0,0,0,0,unavailable
before,homebody,6,25,91059,91059,0,0,0,0,unavailable
before,homebody,6,26,91041,91041,0,0,0,0,unavailable
before,homebody,6,27,90958,90958,0,0,0,0,unavailable
before,homebody,6,28,90864,90864,0,0,0,0,unavailable
before,homebody,6,29,105735,148235,1,0,0,0,unavailable
before,homebody,6,30,105721,148221,1,0,0,0,unavailable
before,homebody,6,31,105651,148151,1,0,0,0,unavailable
before,homebody,6,32,105637,148137,1,0,0,0,unavailable
before,homebody,6,33,105549,148049,1,0,0,0,unavailable
before,homebody,6,34,105335,147835,1,0,0,0,unavailable
before,homebody,6,35,105255,147755,1,0,0,0,unavailable
before,homebody,7,1,99977,99977,0,0,0,0,unavailable
before,homebody,7,2,99814,99814,0,0,0,0,unavailable
before,homebody,7,3,99715,99715,0,0,0,0,unavailable
before,homebody,7,4,99583,99583,0,0,0,0,unavailable
before,homebody,7,5,99507,99507,0,0,0,0,unavailable
before,homebody,7,6,99413,99413,0,0,0,0,unavailable
before,homebody,7,7,99377,99377,0,0,0,0,unavailable
before,homebody,7,8,99363,99363,0,0,0,0,unavailable
before,homebody,7,9,103823,103823,0,0,0,0,unavailable
before,homebody,7,10,83771,83771,0,0,0,0,unavailable
before,homebody,7,11,84046,84046,0,0,0,0,unavailable
before,homebody,7,12,83916,83916,0,0,0,0,unavailable
before,homebody,7,13,83916,83916,0,0,0,0,unavailable
before,homebody,7,14,83822,83822,0,0,0,0,unavailable
before,homebody,7,15,83659,83659,0,0,0,0,unavailable
before,homebody,7,16,83551,83551,0,0,0,0,unavailable
before,homebody,7,17,83475,83475,0,0,0,0,unavailable
before,homebody,7,18,83390,83390,0,0,0,0,unavailable
before,homebody,7,19,83338,83338,0,0,0,0,unavailable
before,homebody,7,20,83338,83338,0,0,0,0,unavailable
before,homebody,7,21,83254,83254,0,0,0,0,unavailable
before,homebody,7,22,82278,82278,0,0,0,0,unavailable
before,homebody,7,23,82240,82240,0,0,0,0,unavailable
before,homebody,7,24,82231,82231,0,0,0,0,unavailable
before,homebody,7,25,82155,82155,0,0,0,0,unavailable
before,homebody,7,26,82155,82155,0,0,0,0,unavailable
before,homebody,7,27,82001,82001,0,0,0,0,unavailable
before,homebody,7,28,81907,81907,0,0,0,0,unavailable
before,homebody,7,29,96626,139126,1,0,0,0,unavailable
before,homebody,7,30,96506,139006,1,0,0,0,unavailable
before,homebody,7,31,95192,137692,1,0,0,0,unavailable
before,homebody,7,32,95174,137674,1,0,0,0,unavailable
before,homebody,7,33,95174,137674,1,0,0,0,unavailable
before,homebody,7,34,95054,137554,1,0,0,0,unavailable
before,homebody,7,35,92416,134916,1,0,0,0,unavailable
after,homebody,7,1,99977,99977,0,0,0,0,unavailable
after,homebody,7,2,99797,99797,0,0,0,0,unavailable
after,homebody,7,3,99636,99636,0,0,0,0,unavailable
after,homebody,7,4,99577,99577,0,0,0,0,unavailable
after,homebody,7,5,99560,99560,0,0,0,0,unavailable
after,homebody,7,6,99466,99466,0,0,0,0,unavailable
after,homebody,7,7,99432,99432,0,0,0,0,unavailable
after,homebody,7,8,99418,99418,0,0,0,0,unavailable
after,homebody,7,9,95436,95436,0,0,0,0,unavailable
after,homebody,7,10,95254,95254,0,0,0,0,unavailable
after,homebody,7,11,95240,95240,0,0,0,0,unavailable
after,homebody,7,12,95120,95120,0,0,0,0,unavailable
after,homebody,7,13,95071,95071,0,0,0,0,unavailable
after,homebody,7,14,94995,94995,0,0,0,0,unavailable
after,homebody,7,15,94957,94957,0,0,0,0,unavailable
after,homebody,7,16,94957,94957,0,0,0,0,unavailable
after,homebody,7,17,94819,94819,0,0,0,0,unavailable
after,homebody,7,18,95155,95155,0,0,0,0,unavailable
after,homebody,7,19,94717,94717,0,0,0,0,unavailable
after,homebody,7,20,94632,94632,0,0,0,0,unavailable
after,homebody,7,21,94608,94608,0,0,0,0,unavailable
after,homebody,7,22,94608,94608,0,0,0,0,unavailable
after,homebody,7,23,94556,94556,0,0,0,0,unavailable
after,homebody,7,24,93624,93624,0,0,0,0,unavailable
after,homebody,7,25,93624,93624,0,0,0,0,unavailable
after,homebody,7,26,93624,93624,0,0,0,0,unavailable
after,homebody,7,27,93581,93581,0,0,0,0,unavailable
after,homebody,7,28,93420,93420,0,0,0,0,unavailable
after,homebody,7,29,108344,150844,1,0,0,0,unavailable
after,homebody,7,30,108250,150750,1,0,0,0,unavailable
after,homebody,7,31,108250,150750,1,0,0,0,unavailable
after,homebody,7,32,108236,150736,1,0,0,0,unavailable
after,homebody,7,33,107320,149820,1,0,0,0,unavailable
after,homebody,7,34,107182,149682,1,0,0,0,unavailable
after,homebody,7,35,107168,149668,1,0,0,0,unavailable
before,homebody,8,1,99862,99862,0,0,0,0,unavailable
before,homebody,8,2,99724,99724,0,0,0,0,unavailable
before,homebody,8,3,99964,99964,0,0,0,0,unavailable
before,homebody,8,4,98679,98679,0,0,0,0,unavailable
before,homebody,8,5,98571,98571,0,0,0,0,unavailable
before,homebody,8,6,98433,98433,0,0,0,0,unavailable
before,homebody,8,7,98348,98348,0,0,0,0,unavailable
before,homebody,8,8,98272,98272,0,0,0,0,unavailable
before,homebody,8,9,94072,94072,0,0,0,0,unavailable
before,homebody,8,10,93652,93652,0,0,0,0,unavailable
before,homebody,8,11,93605,93605,0,0,0,0,unavailable
before,homebody,8,12,93589,93589,0,0,0,0,unavailable
before,homebody,8,13,93589,93589,0,0,0,0,unavailable
before,homebody,8,14,93504,93504,0,0,0,0,unavailable
before,homebody,8,15,93396,93396,0,0,0,0,unavailable
before,homebody,8,16,93320,93320,0,0,0,0,unavailable
before,homebody,8,17,93119,93119,0,0,0,0,unavailable
before,homebody,8,18,93119,93119,0,0,0,0,unavailable
before,homebody,8,19,92201,92201,0,0,0,0,unavailable
before,homebody,8,20,92159,92159,0,0,0,0,unavailable
before,homebody,8,21,92505,92505,0,0,0,0,unavailable
before,homebody,8,22,92505,92505,0,0,0,0,unavailable
before,homebody,8,23,92487,92487,0,0,0,0,unavailable
before,homebody,8,24,92455,92455,0,0,0,0,unavailable
before,homebody,8,25,92319,92319,0,0,0,0,unavailable
before,homebody,8,26,92199,92199,0,0,0,0,unavailable
before,homebody,8,27,92148,92148,0,0,0,0,unavailable
before,homebody,8,28,92034,92034,0,0,0,0,unavailable
before,homebody,8,29,106933,149433,1,0,0,0,unavailable
before,homebody,8,30,106914,149414,1,0,0,0,unavailable
before,homebody,8,31,106914,149414,1,0,0,0,unavailable
before,homebody,8,32,106787,149287,1,0,0,0,unavailable
before,homebody,8,33,106538,149038,1,0,0,0,unavailable
before,homebody,8,34,106400,148900,1,0,0,0,unavailable
before,homebody,8,35,106384,148884,1,0,0,0,unavailable
after,homebody,8,1,99862,99862,0,0,0,0,unavailable
after,homebody,8,2,99720,99720,0,0,0,0,unavailable
after,homebody,8,3,99615,99615,0,0,0,0,unavailable
after,homebody,8,4,99492,99492,0,0,0,0,unavailable
after,homebody,8,5,99414,99414,0,0,0,0,unavailable
after,homebody,8,6,99276,99276,0,0,0,0,unavailable
after,homebody,8,7,99276,99276,0,0,0,0,unavailable
after,homebody,8,8,99182,99182,0,0,0,0,unavailable
after,homebody,8,9,99182,99182,0,0,0,0,unavailable
after,homebody,8,10,99144,99144,0,0,0,0,unavailable
after,homebody,8,11,99398,99398,0,0,0,0,unavailable
after,homebody,8,12,99338,99338,0,0,0,0,unavailable
after,homebody,8,13,99338,99338,0,0,0,0,unavailable
after,homebody,8,14,99318,99318,0,0,0,0,unavailable
after,homebody,8,15,99195,99195,0,0,0,0,unavailable
after,homebody,8,16,99181,99181,0,0,0,0,unavailable
after,homebody,8,17,98603,98603,0,0,0,0,unavailable
after,homebody,8,18,98419,98419,0,0,0,0,unavailable
after,homebody,8,19,98419,98419,0,0,0,0,unavailable
after,homebody,8,20,98359,98359,0,0,0,0,unavailable
after,homebody,8,21,98294,98294,0,0,0,0,unavailable
after,homebody,8,22,98218,98218,0,0,0,0,unavailable
after,homebody,8,23,98204,98204,0,0,0,0,unavailable
after,homebody,8,24,98133,98133,0,0,0,0,unavailable
after,homebody,8,25,97988,97988,0,0,0,0,unavailable
after,homebody,8,26,97874,97874,0,0,0,0,unavailable
after,homebody,8,27,97842,97842,0,0,0,0,unavailable
after,homebody,8,28,98111,98111,0,0,0,0,unavailable
after,homebody,8,29,112955,155455,1,0,0,0,unavailable
after,homebody,8,30,112883,155383,1,0,0,0,unavailable
after,homebody,8,31,112763,155263,1,0,0,0,unavailable
after,homebody,8,32,112725,155225,1,0,0,0,unavailable
after,homebody,8,33,112605,155105,1,0,0,0,unavailable
after,homebody,8,34,112485,154985,1,0,0,0,unavailable
after,homebody,8,35,112445,154945,1,0,0,0,unavailable
before,homebody,9,1,99871,99871,0,0,0,0,unavailable
before,homebody,9,2,97957,97957,0,0,0,0,unavailable
before,homebody,9,3,97796,97796,0,0,0,0,unavailable
before,homebody,9,4,97767,97767,0,0,0,0,unavailable
before,homebody,9,5,94044,94044,0,0,0,0,unavailable
before,homebody,9,6,93986,93986,0,0,0,0,unavailable
before,homebody,9,7,94193,94193,0,0,0,0,unavailable
before,homebody,9,8,94119,94119,0,0,0,0,unavailable
before,homebody,9,9,93179,93179,0,0,0,0,unavailable
before,homebody,9,10,93103,93103,0,0,0,0,unavailable
before,homebody,9,11,93074,93074,0,0,0,0,unavailable
before,homebody,9,12,93074,93074,0,0,0,0,unavailable
before,homebody,9,13,92998,92998,0,0,0,0,unavailable
before,homebody,9,14,92890,92890,0,0,0,0,unavailable
before,homebody,9,15,92890,92890,0,0,0,0,unavailable
before,homebody,9,16,92770,92770,0,0,0,0,unavailable
before,homebody,9,17,92732,92732,0,0,0,0,unavailable
before,homebody,9,18,92698,92698,0,0,0,0,unavailable
before,homebody,9,19,93038,93038,0,0,0,0,unavailable
before,homebody,9,20,88609,88609,0,0,0,0,unavailable
before,homebody,9,21,88609,88609,0,0,0,0,unavailable
before,homebody,9,22,88591,88591,0,0,0,0,unavailable
before,homebody,9,23,88582,88582,0,0,0,0,unavailable
before,homebody,9,24,88390,88390,0,0,0,0,unavailable
before,homebody,9,25,88374,88374,0,0,0,0,unavailable
before,homebody,9,26,88316,88316,0,0,0,0,unavailable
before,homebody,9,27,88173,88173,0,0,0,0,unavailable
before,homebody,9,28,88059,88059,0,0,0,0,unavailable
before,homebody,9,29,102967,145467,1,0,0,0,unavailable
before,homebody,9,30,102779,145279,1,0,0,0,unavailable
before,homebody,9,31,102631,145131,1,0,0,0,unavailable
before,homebody,9,32,102608,145108,1,0,0,0,unavailable
before,homebody,9,33,102554,145054,1,0,0,0,unavailable
before,homebody,9,34,102554,145054,1,0,0,0,unavailable
before,homebody,9,35,102425,144925,1,0,0,0,unavailable
after,homebody,9,1,99871,99871,0,0,0,0,unavailable
after,homebody,9,2,96757,96757,0,0,0,0,unavailable
after,homebody,9,3,96658,96658,0,0,0,0,unavailable
after,homebody,9,4,96573,96573,0,0,0,0,unavailable
after,homebody,9,5,96555,96555,0,0,0,0,unavailable
after,homebody,9,6,96414,96414,0,0,0,0,unavailable
after,homebody,9,7,96715,96715,0,0,0,0,unavailable
after,homebody,9,8,97040,97040,0,0,0,0,unavailable
after,homebody,9,9,97020,97020,0,0,0,0,unavailable
after,homebody,9,10,96944,96944,0,0,0,0,unavailable
after,homebody,9,11,96899,96899,0,0,0,0,unavailable
after,homebody,9,12,96830,96830,0,0,0,0,unavailable
after,homebody,9,13,96810,96810,0,0,0,0,unavailable
after,homebody,9,14,96810,96810,0,0,0,0,unavailable
after,homebody,9,15,96760,96760,0,0,0,0,unavailable
after,homebody,9,16,96340,96340,0,0,0,0,unavailable
after,homebody,9,17,96310,96310,0,0,0,0,unavailable
after,homebody,9,18,95881,95881,0,0,0,0,unavailable
after,homebody,9,19,95863,95863,0,0,0,0,unavailable
after,homebody,9,20,95863,95863,0,0,0,0,unavailable
after,homebody,9,21,95845,95845,0,0,0,0,unavailable
after,homebody,9,22,94005,94005,0,0,0,0,unavailable
after,homebody,9,23,93881,93881,0,0,0,0,unavailable
after,homebody,9,24,93872,93872,0,0,0,0,unavailable
after,homebody,9,25,93752,93752,0,0,0,0,unavailable
after,homebody,9,26,93732,93732,0,0,0,0,unavailable
after,homebody,9,27,93518,93518,0,0,0,0,unavailable
after,homebody,9,28,93420,93420,0,0,0,0,unavailable
after,homebody,9,29,108288,150788,1,0,0,0,unavailable
after,homebody,9,30,106456,148956,1,0,0,0,unavailable
after,homebody,9,31,106456,148956,1,0,0,0,unavailable
after,homebody,9,32,106380,148880,1,0,0,0,unavailable
after,homebody,9,33,106266,148766,1,0,0,0,unavailable
after,homebody,9,34,106248,148748,1,0,0,0,unavailable
after,homebody,9,35,106228,148728,1,0,0,0,unavailable
before,homebody,10,1,99973,99973,0,0,0,0,unavailable
before,homebody,10,2,99915,99915,0,0,0,0,unavailable
before,homebody,10,3,99830,99830,0,0,0,0,unavailable
before,homebody,10,4,99818,99818,0,0,0,0,unavailable
before,homebody,10,5,98918,98918,0,0,0,0,unavailable
before,homebody,10,6,98880,98880,0,0,0,0,unavailable
before,homebody,10,7,98786,98786,0,0,0,0,unavailable
before,homebody,10,8,98766,98766,0,0,0,0,unavailable
before,homebody,10,9,98690,98690,0,0,0,0,unavailable
before,homebody,10,10,98649,98649,0,0,0,0,unavailable
before,homebody,10,11,98903,98903,0,0,0,0,unavailable
before,homebody,10,12,98885,98885,0,0,0,0,unavailable
before,homebody,10,13,98776,98776,0,0,0,0,unavailable
before,homebody,10,14,98776,98776,0,0,0,0,unavailable
before,homebody,10,15,98718,98718,0,0,0,0,unavailable
before,homebody,10,16,98704,98704,0,0,0,0,unavailable
before,homebody,10,17,98671,98671,0,0,0,0,unavailable
before,homebody,10,18,98866,98866,0,0,0,0,unavailable
before,homebody,10,19,98752,98752,0,0,0,0,unavailable
before,homebody,10,20,98667,98667,0,0,0,0,unavailable
before,homebody,10,21,98667,98667,0,0,0,0,unavailable
before,homebody,10,22,95667,95667,0,0,0,0,unavailable
before,homebody,10,23,95529,95529,0,0,0,0,unavailable
before,homebody,10,24,95366,95366,0,0,0,0,unavailable
before,homebody,10,25,95352,95352,0,0,0,0,unavailable
before,homebody,10,26,95214,95214,0,0,0,0,unavailable
before,homebody,10,27,95165,95165,0,0,0,0,unavailable
before,homebody,10,28,95127,95127,0,0,0,0,unavailable
before,homebody,10,29,110415,152915,1,0,0,0,unavailable
before,homebody,10,30,110395,152895,1,0,0,0,unavailable
before,homebody,10,31,110395,152895,1,0,0,0,unavailable
before,homebody,10,32,110275,152775,1,0,0,0,unavailable
before,homebody,10,33,108335,150835,1,0,0,0,unavailable
before,homebody,10,34,108287,150787,1,0,0,0,unavailable
before,homebody,10,35,108255,150755,1,0,0,0,unavailable
after,homebody,10,1,99973,99973,0,0,0,0,unavailable
after,homebody,10,2,99911,99911,0,0,0,0,unavailable
after,homebody,10,3,99826,99826,0,0,0,0,unavailable
after,homebody,10,4,99681,99681,0,0,0,0,unavailable
after,homebody,10,5,99602,99602,0,0,0,0,unavailable
after,homebody,10,6,99444,99444,0,0,0,0,unavailable
after,homebody,10,7,99742,99742,0,0,0,0,unavailable
after,homebody,10,8,100052,100052,0,0,0,0,unavailable
after,homebody,10,9,99937,99937,0,0,0,0,unavailable
after,homebody,10,10,99908,99908,0,0,0,0,unavailable
after,homebody,10,11,99788,99788,0,0,0,0,unavailable
after,homebody,10,12,99694,99694,0,0,0,0,unavailable
after,homebody,10,13,99680,99680,0,0,0,0,unavailable
after,homebody,10,14,99655,99655,0,0,0,0,unavailable
after,homebody,10,15,99655,99655,0,0,0,0,unavailable
after,homebody,10,16,98435,98435,0,0,0,0,unavailable
after,homebody,10,17,98365,98365,0,0,0,0,unavailable
after,homebody,10,18,98347,98347,0,0,0,0,unavailable
after,homebody,10,19,98347,98347,0,0,0,0,unavailable
after,homebody,10,20,97438,97438,0,0,0,0,unavailable
after,homebody,10,21,95580,95580,0,0,0,0,unavailable
after,homebody,10,22,95580,95580,0,0,0,0,unavailable
after,homebody,10,23,95571,95571,0,0,0,0,unavailable
after,homebody,10,24,95557,95557,0,0,0,0,unavailable
after,homebody,10,25,95099,95099,0,0,0,0,unavailable
after,homebody,10,26,94975,94975,0,0,0,0,unavailable
after,homebody,10,27,94975,94975,0,0,0,0,unavailable
after,homebody,10,28,94903,94903,0,0,0,0,unavailable
after,homebody,10,29,109756,152256,1,0,0,0,unavailable
after,homebody,10,30,105851,148351,1,0,0,0,unavailable
after,homebody,10,31,105851,148351,1,0,0,0,unavailable
after,homebody,10,32,105775,148275,1,0,0,0,unavailable
after,homebody,10,33,105627,148127,1,0,0,0,unavailable
after,homebody,10,34,105542,148042,1,0,0,0,unavailable
after,homebody,10,35,105522,148022,1,0,0,0,unavailable
before,party,1,1,59871,59871,0,0,0,0,unavailable
before,party,1,2,59638,59638,0,0,0,0,unavailable
before,party,1,3,59542,59542,0,0,0,0,unavailable
before,party,1,4,59502,59502,0,0,0,0,unavailable
before,party,1,5,59289,59289,0,0,0,0,unavailable
before,party,1,6,59011,59011,0,0,0,0,unavailable
before,party,1,7,58976,58976,0,0,0,0,unavailable
before,party,1,8,58842,58842,0,0,0,0,unavailable
before,party,1,9,58801,58801,0,0,0,0,unavailable
before,party,1,10,54652,54652,0,0,0,0,unavailable
before,party,1,11,54504,54504,0,0,0,0,unavailable
before,party,1,12,54504,54504,0,0,0,0,unavailable
before,party,1,13,54351,54351,0,0,0,0,unavailable
before,party,1,14,54604,54604,0,0,0,0,unavailable
before,party,1,15,54414,54414,0,0,0,0,unavailable
before,party,1,16,53006,53006,0,0,0,0,unavailable
before,party,1,17,49589,49589,0,0,0,0,unavailable
before,party,1,18,49859,49859,0,0,0,0,unavailable
before,party,1,19,49644,49644,0,0,0,0,unavailable
before,party,1,20,49419,49419,0,0,0,0,unavailable
before,party,1,21,49323,49323,0,0,0,0,unavailable
before,party,1,22,48324,48324,0,0,0,0,unavailable
before,party,1,23,48146,48146,0,0,0,0,unavailable
before,party,1,24,47983,47983,0,0,0,0,unavailable
before,party,1,25,47856,47856,0,0,0,0,unavailable
before,party,1,26,47816,47816,0,0,0,0,unavailable
before,party,1,27,47533,47533,0,0,0,0,unavailable
before,party,1,28,47481,47481,0,0,0,0,unavailable
before,party,1,29,147385,147385,0,0,0,0,unavailable
before,party,1,30,145585,145585,0,0,0,0,unavailable
before,party,1,31,144600,144600,0,0,0,0,unavailable
before,party,1,32,144600,144600,0,0,0,0,unavailable
before,party,1,33,144488,144488,0,0,0,0,unavailable
before,party,1,34,144295,144295,0,0,0,0,unavailable
before,party,1,35,144181,144181,0,0,0,0,unavailable
after,party,1,1,59871,59871,0,0,0,0,unavailable
after,party,1,2,52015,52015,0,0,0,0,unavailable
after,party,1,3,52193,52193,0,0,0,0,unavailable
after,party,1,4,52156,52156,0,0,0,0,unavailable
after,party,1,5,52063,52063,0,0,0,0,unavailable
after,party,1,6,51891,51891,0,0,0,0,unavailable
after,party,1,7,52143,52143,0,0,0,0,unavailable
after,party,1,8,51947,51947,0,0,0,0,unavailable
after,party,1,9,47709,47709,0,0,0,0,unavailable
after,party,1,10,53553,53553,0,0,0,0,unavailable
after,party,1,11,53331,53331,0,0,0,1,unavailable
after,party,1,12,56331,56331,0,0,0,1,unavailable
after,party,1,13,56295,56295,0,0,0,1,unavailable
after,party,1,14,56169,56169,0,0,0,1,unavailable
after,party,1,15,56135,56135,0,0,0,1,unavailable
after,party,1,16,55886,55886,0,0,0,1,unavailable
after,party,1,17,55553,55553,0,0,0,1,unavailable
after,party,1,18,55431,55431,0,0,0,1,unavailable
after,party,1,19,55397,55397,0,0,0,1,unavailable
after,party,1,20,55311,55311,0,0,0,1,unavailable
after,party,1,21,52311,52311,0,0,0,1,unavailable
after,party,1,22,52273,52273,0,0,0,1,unavailable
after,party,1,23,52101,52101,0,0,0,1,unavailable
after,party,1,24,51920,51920,0,0,0,1,unavailable
after,party,1,25,51850,51850,0,0,0,1,unavailable
after,party,1,26,51710,51710,0,0,0,1,unavailable
after,party,1,27,51674,51674,0,0,0,1,unavailable
after,party,1,28,51642,51642,0,0,0,1,unavailable
after,party,1,29,148945,148945,0,0,0,1,unavailable
after,party,1,30,147026,147026,0,0,0,1,unavailable
after,party,1,31,147026,147026,0,0,0,1,unavailable
after,party,1,32,146954,146954,0,0,0,1,unavailable
after,party,1,33,146740,146740,0,0,0,1,unavailable
after,party,1,34,145764,145764,0,0,0,1,unavailable
after,party,1,35,144370,144370,0,0,0,1,unavailable
before,party,2,1,59973,59973,0,0,0,0,unavailable
before,party,2,2,59842,59842,0,0,0,0,unavailable
before,party,2,3,59690,59690,0,0,0,0,unavailable
before,party,2,4,59456,59456,0,0,0,0,unavailable
before,party,2,5,59310,59310,0,0,0,0,unavailable
before,party,2,6,59202,59202,0,0,0,0,unavailable
before,party,2,7,58953,58953,0,0,0,0,unavailable
before,party,2,8,64819,64819,0,0,0,0,unavailable
before,party,2,9,60929,60929,0,0,0,1,unavailable
before,party,2,10,63775,63775,0,0,0,1,unavailable
before,party,2,11,63643,63643,0,0,0,1,unavailable
before,party,2,12,63643,63643,0,0,0,1,unavailable
before,party,2,13,63839,63839,0,0,0,1,unavailable
before,party,2,14,63963,63963,0,0,0,1,unavailable
before,party,2,15,61989,61989,0,0,0,1,unavailable
before,party,2,16,61961,61961,0,0,0,1,unavailable
before,party,2,17,61912,61912,0,0,0,1,unavailable
before,party,2,18,61672,61672,0,0,0,1,unavailable
before,party,2,19,61535,61535,0,0,0,1,unavailable
before,party,2,20,58392,58392,0,0,0,1,unavailable
before,party,2,21,54856,54856,0,0,0,1,unavailable
before,party,2,22,51256,51256,0,0,0,1,unavailable
before,party,2,23,51062,51062,0,0,0,1,unavailable
before,party,2,24,50893,50893,0,0,0,1,unavailable
before,party,2,25,50753,50753,0,0,0,1,unavailable
before,party,2,26,24657,24657,0,0,0,1,unavailable
before,party,2,27,24425,24425,0,0,0,1,unavailable
before,party,2,28,24321,24321,0,0,0,1,unavailable
before,party,2,29,124606,124606,0,0,0,1,unavailable
before,party,2,30,121852,121852,0,0,0,1,unavailable
before,party,2,31,121713,121713,0,0,0,1,unavailable
before,party,2,32,121713,121713,0,0,0,1,unavailable
before,party,2,33,121632,121632,0,0,0,1,unavailable
before,party,2,34,121560,121560,0,0,0,1,unavailable
before,party,2,35,121378,121378,0,0,0,1,unavailable
after,party,2,1,59973,59973,0,0,0,0,unavailable
after,party,2,2,56195,56195,0,0,0,0,unavailable
after,party,2,3,56076,56076,0,0,0,0,unavailable
after,party,2,4,55871,55871,0,0,0,0,unavailable
after,party,2,5,55871,55871,0,0,0,0,unavailable
after,party,2,6,51193,51193,0,0,0,0,unavailable
after,party,2,7,51184,51184,0,0,0,0,unavailable
after,party,2,8,51152,51152,0,0,0,0,unavailable
after,party,2,9,57056,57056,0,0,0,0,unavailable
after,party,2,10,56895,56895,0,0,0,1,unavailable
after,party,2,11,59758,59758,0,0,0,1,unavailable
after,party,2,12,59758,59758,0,0,0,1,unavailable
after,party,2,13,59309,59309,0,0,0,1,unavailable
after,party,2,14,54955,54955,0,0,0,1,unavailable
after,party,2,15,54845,54845,0,0,0,1,unavailable
after,party,2,16,54786,54786,0,0,0,1,unavailable
after,party,2,17,54746,54746,0,0,0,1,unavailable
after,party,2,18,55007,55007,0,0,0,1,unavailable
after,party,2,19,54877,54877,0,0,0,1,unavailable
after,party,2,20,55146,55146,0,0,0,1,unavailable
after,party,2,21,55012,55012,0,0,0,1,unavailable
after,party,2,22,54036,54036,0,0,0,1,unavailable
after,party,2,23,53928,53928,0,0,0,1,unavailable
after,party,2,24,53713,53713,0,0,0,1,unavailable
after,party,2,25,53635,53635,0,0,0,1,unavailable
after,party,2,26,53635,53635,0,0,0,1,unavailable
after,party,2,27,53557,53557,0,0,0,1,unavailable
after,party,2,28,53395,53395,0,0,0,1,unavailable
after,party,2,29,152459,152459,0,0,0,1,unavailable
after,party,2,30,152417,152417,0,0,0,1,unavailable
after,party,2,31,151391,151391,0,0,0,1,unavailable
after,party,2,32,151233,151233,0,0,0,1,unavailable
after,party,2,33,151191,151191,0,0,0,1,unavailable
after,party,2,34,147695,147695,0,0,0,1,unavailable
after,party,2,35,147695,147695,0,0,0,1,unavailable
before,party,3,1,99848,99848,0,0,0,0,unavailable
before,party,3,2,91872,91872,0,0,0,0,unavailable
before,party,3,3,91704,91704,0,0,0,0,unavailable
before,party,3,4,91465,91465,0,0,0,0,unavailable
before,party,3,5,91187,91187,0,0,0,0,unavailable
before,party,3,6,91006,91006,0,0,0,0,unavailable
before,party,3,7,90948,90948,0,0,0,0,unavailable
before,party,3,8,90920,90920,0,0,0,0,unavailable
before,party,3,9,89479,89479,0,0,0,0,unavailable
before,party,3,10,89292,89292,0,0,0,0,unavailable
before,party,3,11,89034,89034,0,0,0,0,unavailable
before,party,3,12,89034,89034,0,0,0,0,unavailable
before,party,3,13,89289,89289,0,0,0,0,unavailable
before,party,3,14,89170,89170,0,0,0,0,unavailable
before,party,3,15,89090,89090,0,0,0,0,unavailable
before,party,3,16,88887,88887,0,0,0,0,unavailable
before,party,3,17,88653,88653,0,0,0,0,unavailable
before,party,3,18,88613,88613,0,0,0,0,unavailable
before,party,3,19,88370,88370,0,0,0,0,unavailable
before,party,3,20,88193,88193,0,0,0,0,unavailable
before,party,3,21,88105,88105,0,0,0,0,unavailable
before,party,3,22,87935,87935,0,0,0,0,unavailable
before,party,3,23,87341,87341,0,0,0,0,unavailable
before,party,3,24,87101,87101,0,0,0,0,unavailable
before,party,3,25,86827,86827,0,0,0,0,unavailable
before,party,3,26,86679,86679,0,0,0,0,unavailable
before,party,3,27,86567,86567,0,0,0,0,unavailable
before,party,3,28,86424,86424,0,0,0,0,unavailable
before,party,3,29,186424,186424,0,0,0,0,unavailable
before,party,3,30,186330,186330,0,0,0,0,unavailable
before,party,3,31,186206,186206,0,0,0,0,unavailable
before,party,3,32,186072,186072,0,0,0,0,unavailable
before,party,3,33,185134,185134,0,0,0,0,unavailable
before,party,3,34,185134,185134,0,0,0,0,unavailable
before,party,3,35,184972,184972,0,0,0,0,unavailable
after,party,3,1,99848,99848,0,0,0,0,unavailable
after,party,3,2,99630,99630,0,0,0,0,unavailable
after,party,3,3,99451,99451,0,0,0,0,unavailable
after,party,3,4,99237,99237,0,0,0,0,unavailable
after,party,3,5,99152,99152,0,0,0,0,unavailable
after,party,3,6,99000,99000,0,0,0,0,unavailable
after,party,3,7,98846,98846,0,0,0,0,unavailable
after,party,3,8,98664,98664,0,0,0,0,unavailable
after,party,3,9,94374,94374,0,0,0,0,unavailable
after,party,3,10,94198,94198,0,0,0,0,unavailable
after,party,3,11,94118,94118,0,0,0,0,unavailable
after,party,3,12,94118,94118,0,0,0,0,unavailable
after,party,3,13,94002,94002,0,0,0,0,unavailable
after,party,3,14,94092,94092,0,0,0,0,unavailable
after,party,3,15,94058,94058,0,0,0,0,unavailable
after,party,3,16,93809,93809,0,0,0,0,unavailable
after,party,3,17,93733,93733,0,0,0,0,unavailable
after,party,3,18,93699,93699,0,0,0,0,unavailable
after,party,3,19,93653,93653,0,0,0,0,unavailable
after,party,3,20,93593,93593,0,0,0,0,unavailable
after,party,3,21,92641,92641,0,0,0,0,unavailable
after,party,3,22,92436,92436,0,0,0,0,unavailable
after,party,3,23,92230,92230,0,0,0,0,unavailable
after,party,3,24,92090,92090,0,0,0,0,unavailable
after,party,3,25,91476,91476,0,0,0,0,unavailable
after,party,3,26,91338,91338,0,0,0,0,unavailable
after,party,3,27,91304,91304,0,0,0,0,unavailable
after,party,3,28,91510,91510,0,0,0,0,unavailable
after,party,3,29,191402,191402,0,0,0,0,unavailable
after,party,3,30,188280,188280,0,0,0,0,unavailable
after,party,3,31,188280,188280,0,0,0,0,unavailable
after,party,3,32,185688,185688,0,0,0,0,unavailable
after,party,3,33,185554,185554,0,0,0,0,unavailable
after,party,3,34,185417,185417,0,0,0,0,unavailable
after,party,3,35,100325,100325,0,0,0,0,unavailable
after,party,4,1,56577,56577,0,0,0,0,unavailable
after,party,4,2,56139,56139,0,0,0,0,unavailable
after,party,4,3,56045,56045,0,0,0,0,unavailable
after,party,4,4,55872,55872,0,0,0,0,unavailable
after,party,4,5,51515,51515,0,0,0,0,unavailable
after,party,4,6,51363,51363,0,0,0,0,unavailable
after,party,4,7,51287,51287,0,0,0,0,unavailable
after,party,4,8,51061,51061,0,0,0,0,unavailable
after,party,4,9,47985,47985,0,0,0,0,unavailable
after,party,4,10,47771,47771,0,0,0,0,unavailable
after,party,4,11,47719,47719,0,0,0,0,unavailable
after,party,4,12,47719,47719,0,0,0,0,unavailable
after,party,4,13,46605,46605,0,0,0,0,unavailable
after,party,4,14,46862,46862,0,0,0,0,unavailable
after,party,4,15,46690,46690,0,0,0,0,unavailable
after,party,4,16,44385,44385,0,0,0,0,unavailable
after,party,4,17,44371,44371,0,0,0,0,unavailable
after,party,4,18,43351,43351,0,0,0,0,unavailable
after,party,4,19,43155,43155,0,0,0,0,unavailable
after,party,4,20,43352,43352,0,0,0,0,unavailable
after,party,4,21,43352,43352,0,0,0,0,unavailable
after,party,4,22,43214,43214,0,0,0,0,unavailable
after,party,4,23,42717,42717,0,0,0,0,unavailable
after,party,4,24,38808,38808,0,0,0,0,unavailable
after,party,4,25,38785,38785,0,0,0,0,unavailable
after,party,4,26,38751,38751,0,0,0,0,unavailable
after,party,4,27,38733,38733,0,0,0,0,unavailable
after,party,4,28,38563,38563,0,0,0,0,unavailable
after,party,4,29,138339,138339,0,0,0,0,unavailable
after,party,4,30,138249,138249,0,0,0,0,unavailable
after,party,4,31,138177,138177,0,0,0,0,unavailable
after,party,4,32,137937,137937,0,0,0,0,unavailable
after,party,4,33,137423,137423,0,0,0,0,unavailable
after,party,4,34,135510,135510,0,0,0,0,unavailable
after,party,4,35,135475,135475,0,0,0,0,unavailable
before,party,4,1,56577,56577,0,0,0,0,unavailable
before,party,4,2,56331,56331,0,0,0,0,unavailable
before,party,4,3,56237,56237,0,0,0,0,unavailable
before,party,4,4,56063,56063,0,0,0,0,unavailable
before,party,4,5,55977,55977,0,0,0,0,unavailable
before,party,4,6,55805,55805,0,0,0,0,unavailable
before,party,4,7,55796,55796,0,0,0,0,unavailable
before,party,4,8,54855,54855,0,0,0,0,unavailable
before,party,4,9,50581,50581,0,0,0,0,unavailable
before,party,4,10,49207,49207,0,0,0,0,unavailable
before,party,4,11,49155,49155,0,0,0,0,unavailable
before,party,4,12,49155,49155,0,0,0,0,unavailable
before,party,4,13,48371,48371,0,0,0,0,unavailable
before,party,4,14,48104,48104,0,0,0,0,unavailable
before,party,4,15,48008,48008,0,0,0,0,unavailable
before,party,4,16,47970,47970,0,0,0,0,unavailable
before,party,4,17,47797,47797,0,0,0,0,unavailable
before,party,4,18,47678,47678,0,0,0,0,unavailable
before,party,4,19,46210,46210,0,0,0,0,unavailable
before,party,4,20,46201,46201,0,0,0,0,unavailable
before,party,4,21,45991,45991,0,0,0,0,unavailable
before,party,4,22,44017,44017,0,0,0,0,unavailable
before,party,4,23,43872,43872,0,0,0,0,unavailable
before,party,4,24,43697,43697,0,0,0,0,unavailable
before,party,4,25,39001,39001,0,0,0,0,unavailable
before,party,4,26,38794,38794,0,0,0,0,unavailable
before,party,4,27,38356,38356,0,0,0,0,unavailable
before,party,4,28,38186,38186,0,0,0,0,unavailable
before,party,4,29,138152,138152,0,0,0,0,unavailable
before,party,4,30,138109,138109,0,0,0,0,unavailable
before,party,4,31,138109,138109,0,0,0,0,unavailable
before,party,4,32,137911,137911,0,0,0,0,unavailable
before,party,4,33,137353,137353,0,0,0,0,unavailable
before,party,4,34,137010,137010,0,0,0,0,unavailable
before,party,4,35,136867,136867,0,0,0,0,unavailable
after,party,5,1,99846,99846,0,0,0,0,unavailable
after,party,5,2,99276,99276,0,0,0,0,unavailable
after,party,5,3,99142,99142,0,0,0,0,unavailable
after,party,5,4,98999,98999,0,0,0,0,unavailable
after,party,5,5,94265,94265,0,0,0,0,unavailable
after,party,5,6,94135,94135,0,0,0,0,unavailable
after,party,5,7,94083,94083,0,0,0,0,unavailable
after,party,5,8,89843,89843,0,0,0,0,unavailable
after,party,5,9,89753,89753,0,0,0,0,unavailable
after,party,5,10,95616,95616,0,0,0,0,unavailable
after,party,5,11,90420,90420,0,0,0,1,unavailable
after,party,5,12,90420,90420,0,0,0,1,unavailable
after,party,5,13,90218,90218,0,0,0,1,unavailable
after,party,5,14,90081,90081,0,0,0,1,unavailable
after,party,5,15,89973,89973,0,0,0,1,unavailable
after,party,5,16,90270,90270,0,0,0,1,unavailable
after,party,5,17,89816,89816,0,0,0,1,unavailable
after,party,5,18,89780,89780,0,0,0,1,unavailable
after,party,5,19,89680,89680,0,0,0,1,unavailable
after,party,5,20,89055,89055,0,0,0,1,unavailable
after,party,5,21,89055,89055,0,0,0,1,unavailable
after,party,5,22,88830,88830,0,0,0,1,unavailable
after,party,5,23,88748,88748,0,0,0,1,unavailable
after,party,5,24,88748,88748,0,0,0,1,unavailable
after,party,5,25,84491,84491,0,0,0,1,unavailable
after,party,5,26,59351,59351,0,0,0,1,unavailable
after,party,5,27,59161,59161,0,0,0,1,unavailable
after,party,5,28,59063,59063,0,0,0,1,unavailable
after,party,5,29,158893,158893,0,0,0,1,unavailable
after,party,5,30,158888,158888,0,0,0,1,unavailable
after,party,5,31,158812,158812,0,0,0,1,unavailable
after,party,5,32,157864,157864,0,0,0,1,unavailable
after,party,5,33,157864,157864,0,0,0,1,unavailable
after,party,5,34,157659,157659,0,0,0,1,unavailable
after,party,5,35,157541,157541,0,0,0,1,unavailable
before,party,5,1,99846,99846,0,0,0,0,unavailable
before,party,5,2,98614,98614,0,0,0,0,unavailable
before,party,5,3,98495,98495,0,0,0,0,unavailable
before,party,5,4,98381,98381,0,0,0,0,unavailable
before,party,5,5,98338,98338,0,0,0,0,unavailable
before,party,5,6,98160,98160,0,0,0,0,unavailable
before,party,5,7,98128,98128,0,0,0,0,unavailable
before,party,5,8,104042,104042,0,0,0,0,unavailable
before,party,5,9,75282,75282,0,0,0,0,unavailable
before,party,5,10,72330,72330,0,0,0,0,unavailable
before,party,5,11,72116,72116,0,0,0,0,unavailable
before,party,5,12,72116,72116,0,0,0,0,unavailable
before,party,5,13,72017,72017,0,0,0,0,unavailable
before,party,5,14,72217,72217,0,0,0,0,unavailable
before,party,5,15,68183,68183,0,0,0,0,unavailable
before,party,5,16,67999,67999,0,0,0,0,unavailable
before,party,5,17,66921,66921,0,0,0,0,unavailable
before,party,5,18,66841,66841,0,0,0,0,unavailable
before,party,5,19,66789,66789,0,0,0,0,unavailable
before,party,5,20,66627,66627,0,0,0,0,unavailable
before,party,5,21,66078,66078,0,0,0,0,unavailable
before,party,5,22,65938,65938,0,0,0,0,unavailable
before,party,5,23,65765,65765,0,0,0,0,unavailable
before,party,5,24,65604,65604,0,0,0,0,unavailable
before,party,5,25,65521,65521,0,0,0,0,unavailable
before,party,5,26,65296,65296,0,0,0,0,unavailable
before,party,5,27,65235,65235,0,0,0,0,unavailable
before,party,5,28,65145,65145,0,0,0,0,unavailable
before,party,5,29,164820,164820,0,0,0,0,unavailable
before,party,5,30,164622,164622,0,0,0,0,unavailable
before,party,5,31,164392,164392,0,0,0,0,unavailable
before,party,5,32,163379,163379,0,0,0,0,unavailable
before,party,5,33,163379,163379,0,0,0,0,unavailable
before,party,5,34,163186,163186,0,0,0,0,unavailable
before,party,5,35,162070,162070,0,0,0,0,unavailable
before,party,6,1,99818,99818,0,0,0,0,unavailable
before,party,6,2,99592,99592,0,0,0,0,unavailable
before,party,6,3,99486,99486,0,0,0,0,unavailable
before,party,6,4,99301,99301,0,0,0,0,unavailable
before,party,6,5,99269,99269,0,0,0,0,unavailable
before,party,6,6,99011,99011,0,0,0,0,unavailable
before,party,6,7,98841,98841,0,0,0,0,unavailable
before,party,6,8,98805,98805,0,0,0,0,unavailable
before,party,6,9,98764,98764,0,0,0,0,unavailable
before,party,6,10,104517,104517,0,0,0,0,unavailable
before,party,6,11,104329,104329,0,0,0,1,unavailable
before,party,6,12,104329,104329,0,0,0,1,unavailable
before,party,6,13,104643,104643,0,0,0,1,unavailable
before,party,6,14,104491,104491,0,0,0,1,unavailable
before,party,6,15,104443,104443,0,0,0,1,unavailable
before,party,6,16,96500,96500,0,0,0,1,unavailable
before,party,6,17,96066,96066,0,0,0,1,unavailable
before,party,6,18,95994,95994,0,0,0,1,unavailable
before,party,6,19,93051,93051,0,0,0,1,unavailable
before,party,6,20,92855,92855,0,0,0,1,unavailable
before,party,6,21,92848,92848,0,0,0,1,unavailable
before,party,6,22,92773,92773,0,0,0,1,unavailable
before,party,6,23,89745,89745,0,0,0,1,unavailable
before,party,6,24,89293,89293,0,0,0,1,unavailable
before,party,6,25,89140,89140,0,0,0,1,unavailable
before,party,6,26,88906,88906,0,0,0,1,unavailable
before,party,6,27,89046,89046,0,0,0,1,unavailable
before,party,6,28,88997,88997,0,0,0,1,unavailable
before,party,6,29,188937,188937,0,0,0,1,unavailable
before,party,6,30,188765,188765,0,0,0,1,unavailable
before,party,6,31,188577,188577,0,0,0,1,unavailable
before,party,6,32,188531,188531,0,0,0,1,unavailable
before,party,6,33,188531,188531,0,0,0,1,unavailable
before,party,6,34,188335,188335,0,0,0,1,unavailable
before,party,6,35,188230,188230,0,0,0,1,unavailable
after,party,6,1,99818,99818,0,0,0,0,unavailable
after,party,6,2,99675,99675,0,0,0,0,unavailable
after,party,6,3,99509,99509,0,0,0,0,unavailable
after,party,6,4,99353,99353,0,0,0,0,unavailable
after,party,6,5,98792,98792,0,0,0,0,unavailable
after,party,6,6,98684,98684,0,0,0,0,unavailable
after,party,6,7,98511,98511,0,0,0,0,unavailable
after,party,6,8,104375,104375,0,0,0,0,unavailable
after,party,6,9,84330,84330,0,0,0,0,unavailable
after,party,6,10,79985,79985,0,0,0,0,unavailable
after,party,6,11,79910,79910,0,0,0,0,unavailable
after,party,6,12,79910,79910,0,0,0,0,unavailable
after,party,6,13,79797,79797,0,0,0,0,unavailable
after,party,6,14,79581,79581,0,0,0,0,unavailable
after,party,6,15,79409,79409,0,0,0,0,unavailable
after,party,6,16,79275,79275,0,0,0,0,unavailable
after,party,6,17,78701,78701,0,0,0,0,unavailable
after,party,6,18,78567,78567,0,0,0,0,unavailable
after,party,6,19,78377,78377,0,0,0,0,unavailable
after,party,6,20,78263,78263,0,0,0,0,unavailable
after,party,6,21,73622,73622,0,0,0,0,unavailable
after,party,6,22,72722,72722,0,0,0,0,unavailable
after,party,6,23,72614,72614,0,0,0,0,unavailable
after,party,6,24,71640,71640,0,0,0,0,unavailable
after,party,6,25,71500,71500,0,0,0,0,unavailable
after,party,6,26,71500,71500,0,0,0,0,unavailable
after,party,6,27,71342,71342,0,0,0,0,unavailable
after,party,6,28,70908,70908,0,0,0,0,unavailable
after,party,6,29,171027,171027,0,0,0,0,unavailable
after,party,6,30,170893,170893,0,0,0,0,unavailable
after,party,6,31,170757,170757,0,0,0,0,unavailable
after,party,6,32,170757,170757,0,0,0,0,unavailable
after,party,6,33,169773,169773,0,0,0,0,unavailable
after,party,6,34,169579,169579,0,0,0,0,unavailable
after,party,6,35,169529,169529,0,0,0,0,unavailable
before,party,7,1,59977,59977,0,0,0,0,unavailable
before,party,7,2,59801,59801,0,0,0,0,unavailable
before,party,7,3,59682,59682,0,0,0,0,unavailable
before,party,7,4,59568,59568,0,0,0,0,unavailable
before,party,7,5,59548,59548,0,0,0,0,unavailable
before,party,7,6,59738,59738,0,0,0,0,unavailable
before,party,7,7,59479,59479,0,0,0,0,unavailable
before,party,7,8,59353,59353,0,0,0,0,unavailable
before,party,7,9,65313,65313,0,0,0,0,unavailable
before,party,7,10,65169,65169,0,0,0,1,unavailable
before,party,7,11,63833,63833,0,0,0,1,unavailable
before,party,7,12,63833,63833,0,0,0,1,unavailable
before,party,7,13,63788,63788,0,0,0,1,unavailable
before,party,7,14,63736,63736,0,0,0,1,unavailable
before,party,7,15,63640,63640,0,0,0,1,unavailable
before,party,7,16,63501,63501,0,0,0,1,unavailable
before,party,7,17,60317,60317,0,0,0,1,unavailable
before,party,7,18,60234,60234,0,0,0,1,unavailable
before,party,7,19,56797,56797,0,0,0,1,unavailable
before,party,7,20,52557,52557,0,0,0,1,unavailable
before,party,7,21,52557,52557,0,0,0,1,unavailable
before,party,7,22,51481,51481,0,0,0,1,unavailable
before,party,7,23,50488,50488,0,0,0,1,unavailable
before,party,7,24,49508,49508,0,0,0,1,unavailable
before,party,7,25,49356,49356,0,0,0,1,unavailable
before,party,7,26,21878,21878,0,0,0,1,unavailable
before,party,7,27,22078,22078,0,0,0,1,unavailable
before,party,7,28,21900,21900,0,0,0,1,unavailable
before,party,7,29,121766,121766,0,0,0,1,unavailable
before,party,7,30,121488,121488,0,0,0,1,unavailable
before,party,7,31,121416,121416,0,0,0,1,unavailable
before,party,7,32,121373,121373,0,0,0,1,unavailable
before,party,7,33,121373,121373,0,0,0,1,unavailable
before,party,7,34,119445,119445,0,0,0,1,unavailable
before,party,7,35,119329,119329,0,0,0,1,unavailable
after,party,7,1,59977,59977,0,0,0,0,unavailable
after,party,7,2,51279,51279,0,0,0,0,unavailable
after,party,7,3,50079,50079,0,0,0,0,unavailable
after,party,7,4,50272,50272,0,0,0,0,unavailable
after,party,7,5,50147,50147,0,0,0,0,unavailable
after,party,7,6,49569,49569,0,0,0,0,unavailable
after,party,7,7,49523,49523,0,0,0,0,unavailable
after,party,7,8,45183,45183,0,0,0,0,unavailable
after,party,7,9,45071,45071,0,0,0,0,unavailable
after,party,7,10,44004,44004,0,0,0,0,unavailable
after,party,7,11,43824,43824,0,0,0,0,unavailable
after,party,7,12,43824,43824,0,0,0,0,unavailable
after,party,7,13,40325,40325,0,0,0,0,unavailable
after,party,7,14,40247,40247,0,0,0,0,unavailable
after,party,7,15,40247,40247,0,0,0,0,unavailable
after,party,7,16,40184,40184,0,0,0,0,unavailable
after,party,7,17,40024,40024,0,0,0,0,unavailable
after,party,7,18,39890,39890,0,0,0,0,unavailable
after,party,7,19,39838,39838,0,0,0,0,unavailable
after,party,7,20,39810,39810,0,0,0,0,unavailable
after,party,7,21,39810,39810,0,0,0,0,unavailable
after,party,7,22,39643,39643,0,0,0,0,unavailable
after,party,7,23,37801,37801,0,0,0,0,unavailable
after,party,7,24,37885,37885,0,0,0,0,unavailable
after,party,7,25,37793,37793,0,0,0,0,unavailable
after,party,7,26,37593,37593,0,0,0,0,unavailable
after,party,7,27,37569,37569,0,0,0,0,unavailable
after,party,7,28,37326,37326,0,0,0,0,unavailable
after,party,7,29,136346,136346,0,0,0,0,unavailable
after,party,7,30,136256,136256,0,0,0,0,unavailable
after,party,7,31,135987,135987,0,0,0,0,unavailable
after,party,7,32,135871,135871,0,0,0,0,unavailable
after,party,7,33,135871,135871,0,0,0,0,unavailable
after,party,7,34,135608,135608,0,0,0,0,unavailable
after,party,7,35,135512,135512,0,0,0,0,unavailable
after,party,8,1,99906,99906,0,0,0,0,unavailable
after,party,8,2,99765,99765,0,0,0,0,unavailable
after,party,8,3,95425,95425,0,0,0,0,unavailable
after,party,8,4,91535,91535,0,0,0,0,unavailable
after,party,8,5,91409,91409,0,0,0,0,unavailable
after,party,8,6,91151,91151,0,0,0,0,unavailable
after,party,8,7,91017,91017,0,0,0,0,unavailable
after,party,8,8,90989,90989,0,0,0,0,unavailable
after,party,8,9,90876,90876,0,0,0,0,unavailable
after,party,8,10,90842,90842,0,0,0,0,unavailable
after,party,8,11,91003,91003,0,0,0,0,unavailable
after,party,8,12,91003,91003,0,0,0,0,unavailable
after,party,8,13,90833,90833,0,0,0,0,unavailable
after,party,8,14,86259,86259,0,0,0,0,unavailable
after,party,8,15,86038,86038,0,0,0,0,unavailable
after,party,8,16,85524,85524,0,0,0,0,unavailable
after,party,8,17,85390,85390,0,0,0,0,unavailable
after,party,8,18,84832,84832,0,0,0,0,unavailable
after,party,8,19,84674,84674,0,0,0,0,unavailable
after,party,8,20,85005,85005,0,0,0,0,unavailable
after,party,8,21,84853,84853,0,0,0,0,unavailable
after,party,8,22,84673,84673,0,0,0,0,unavailable
after,party,8,23,84525,84525,0,0,0,0,unavailable
after,party,8,24,84497,84497,0,0,0,0,unavailable
after,party,8,25,84239,84239,0,0,0,0,unavailable
after,party,8,26,84167,84167,0,0,0,0,unavailable
after,party,8,27,83727,83727,0,0,0,0,unavailable
after,party,8,28,83613,83613,0,0,0,0,unavailable
after,party,8,29,183512,183512,0,0,0,0,unavailable
after,party,8,30,183335,183335,0,0,0,0,unavailable
after,party,8,31,183177,183177,0,0,0,0,unavailable
after,party,8,32,183087,183087,0,0,0,0,unavailable
after,party,8,33,183087,183087,0,0,0,0,unavailable
after,party,8,34,182651,182651,0,0,0,0,unavailable
after,party,8,35,182531,182531,0,0,0,0,unavailable
before,party,8,1,99906,99906,0,0,0,0,unavailable
before,party,8,2,99681,99681,0,0,0,0,unavailable
before,party,8,3,99502,99502,0,0,0,0,unavailable
before,party,8,4,99350,99350,0,0,0,0,unavailable
before,party,8,5,95016,95016,0,0,0,0,unavailable
before,party,8,6,94937,94937,0,0,0,0,unavailable
before,party,8,7,94768,94768,0,0,0,0,unavailable
before,party,8,8,94538,94538,0,0,0,0,unavailable
before,party,8,9,94448,94448,0,0,0,0,unavailable
before,party,8,10,94398,94398,0,0,0,0,unavailable
before,party,8,11,94244,94244,0,0,0,0,unavailable
before,party,8,12,94244,94244,0,0,0,0,unavailable
before,party,8,13,94513,94513,0,0,0,0,unavailable
before,party,8,14,94317,94317,0,0,0,0,unavailable
before,party,8,15,94036,94036,0,0,0,0,unavailable
before,party,8,16,93987,93987,0,0,0,0,unavailable
before,party,8,17,93927,93927,0,0,0,0,unavailable
before,party,8,18,93885,93885,0,0,0,0,unavailable
before,party,8,19,92878,92878,0,0,0,0,unavailable
before,party,8,20,93083,93083,0,0,0,0,unavailable
before,party,8,21,93047,93047,0,0,0,0,unavailable
before,party,8,22,92889,92889,0,0,0,0,unavailable
before,party,8,23,92729,92729,0,0,0,0,unavailable
before,party,8,24,92561,92561,0,0,0,0,unavailable
before,party,8,25,91199,91199,0,0,0,0,unavailable
before,party,8,26,91085,91085,0,0,0,0,unavailable
before,party,8,27,90907,90907,0,0,0,0,unavailable
before,party,8,28,90776,90776,0,0,0,0,unavailable
before,party,8,29,190458,190458,0,0,0,0,unavailable
before,party,8,30,190256,190256,0,0,0,0,unavailable
before,party,8,31,190182,190182,0,0,0,0,unavailable
before,party,8,32,190182,190182,0,0,0,0,unavailable
before,party,8,33,189514,189514,0,0,0,0,unavailable
before,party,8,34,189375,189375,0,0,0,0,unavailable
before,party,8,35,189232,189232,0,0,0,0,unavailable
after,party,9,1,59977,59977,0,0,0,0,unavailable
after,party,9,2,59819,59819,0,0,0,0,unavailable
after,party,9,3,59683,59683,0,0,0,0,unavailable
after,party,9,4,59540,59540,0,0,0,0,unavailable
after,party,9,5,56450,56450,0,0,0,0,unavailable
after,party,9,6,56364,56364,0,0,0,0,unavailable
after,party,9,7,56551,56551,0,0,0,0,unavailable
after,party,9,8,56411,56411,0,0,0,0,unavailable
after,party,9,9,56259,56259,0,0,0,0,unavailable
after,party,9,10,56040,56040,0,0,0,0,unavailable
after,party,9,11,55952,55952,0,0,0,0,unavailable
after,party,9,12,55952,55952,0,0,0,0,unavailable
after,party,9,13,55952,55952,0,0,0,0,unavailable
after,party,9,14,55402,55402,0,0,0,0,unavailable
after,party,9,15,55118,55118,0,0,0,0,unavailable
after,party,9,16,54604,54604,0,0,0,0,unavailable
after,party,9,17,54411,54411,0,0,0,0,unavailable
after,party,9,18,54319,54319,0,0,0,0,unavailable
after,party,9,19,54085,54085,0,0,0,0,unavailable
after,party,9,20,53915,53915,0,0,0,0,unavailable
after,party,9,21,50190,50190,0,0,0,0,unavailable
after,party,9,22,42256,42256,0,0,0,0,unavailable
after,party,9,23,41797,41797,0,0,0,0,unavailable
after,party,9,24,40859,40859,0,0,0,0,unavailable
after,party,9,25,40739,40739,0,0,0,0,unavailable
after,party,9,26,40599,40599,0,0,0,0,unavailable
after,party,9,27,40498,40498,0,0,0,0,unavailable
after,party,9,28,40498,40498,0,0,0,0,unavailable
after,party,9,29,140368,140368,0,0,0,0,unavailable
after,party,9,30,140189,140189,0,0,0,0,unavailable
after,party,9,31,140189,140189,0,0,0,0,unavailable
after,party,9,32,140109,140109,0,0,0,0,unavailable
after,party,9,33,136037,136037,0,0,0,0,unavailable
after,party,9,34,135832,135832,0,0,0,0,unavailable
after,party,9,35,135803,135803,0,0,0,0,unavailable
before,party,9,1,59977,59977,0,0,0,0,unavailable
before,party,9,2,56539,56539,0,0,0,0,unavailable
before,party,9,3,56794,56794,0,0,0,0,unavailable
before,party,9,4,56679,56679,0,0,0,0,unavailable
before,party,9,5,55677,55677,0,0,0,0,unavailable
before,party,9,6,53705,53705,0,0,0,0,unavailable
before,party,9,7,53687,53687,0,0,0,0,unavailable
before,party,9,8,52191,52191,0,0,0,0,unavailable
before,party,9,9,51201,51201,0,0,0,0,unavailable
before,party,9,10,51134,51134,0,0,0,0,unavailable
before,party,9,11,51008,51008,0,0,0,0,unavailable
before,party,9,12,51008,51008,0,0,0,0,unavailable
before,party,9,13,50971,50971,0,0,0,0,unavailable
before,party,9,14,50937,50937,0,0,0,0,unavailable
before,party,9,15,47861,47861,0,0,0,0,unavailable
before,party,9,16,47737,47737,0,0,0,0,unavailable
before,party,9,17,47532,47532,0,0,0,0,unavailable
before,party,9,18,47398,47398,0,0,0,0,unavailable
before,party,9,19,47232,47232,0,0,0,0,unavailable
before,party,9,20,47530,47530,0,0,0,0,unavailable
before,party,9,21,43220,43220,0,0,0,0,unavailable
before,party,9,22,38184,38184,0,0,0,0,unavailable
before,party,9,23,38102,38102,0,0,0,0,unavailable
before,party,9,24,38012,38012,0,0,0,0,unavailable
before,party,9,25,37768,37768,0,0,0,0,unavailable
before,party,9,26,37547,37547,0,0,0,0,unavailable
before,party,9,27,37481,37481,0,0,0,0,unavailable
before,party,9,28,37332,37332,0,0,0,0,unavailable
before,party,9,29,137118,137118,0,0,0,0,unavailable
before,party,9,30,135980,135980,0,0,0,0,unavailable
before,party,9,31,132266,132266,0,0,0,0,unavailable
before,party,9,32,132104,132104,0,0,0,0,unavailable
before,party,9,33,131974,131974,0,0,0,0,unavailable
before,party,9,34,131825,131825,0,0,0,0,unavailable
before,party,9,35,131623,131623,0,0,0,0,unavailable
before,party,10,1,99876,99876,0,0,0,0,unavailable
before,party,10,2,99800,99800,0,0,0,0,unavailable
before,party,10,3,99523,99523,0,0,0,0,unavailable
before,party,10,4,96409,96409,0,0,0,0,unavailable
before,party,10,5,96313,96313,0,0,0,0,unavailable
before,party,10,6,96133,96133,0,0,0,0,unavailable
before,party,10,7,95981,95981,0,0,0,0,unavailable
before,party,10,8,95974,95974,0,0,0,0,unavailable
before,party,10,9,95734,95734,0,0,0,0,unavailable
before,party,10,10,95687,95687,0,0,0,0,unavailable
before,party,10,11,95488,95488,0,0,0,0,unavailable
before,party,10,12,95488,95488,0,0,0,0,unavailable
before,party,10,13,95383,95383,0,0,0,0,unavailable
before,party,10,14,95602,95602,0,0,0,0,unavailable
before,party,10,15,95450,95450,0,0,0,0,unavailable
before,party,10,16,95413,95413,0,0,0,0,unavailable
before,party,10,17,95317,95317,0,0,0,0,unavailable
before,party,10,18,91170,91170,0,0,0,0,unavailable
before,party,10,19,90987,90987,0,0,0,0,unavailable
before,party,10,20,90821,90821,0,0,0,0,unavailable
before,party,10,21,91063,91063,0,0,0,0,unavailable
before,party,10,22,90858,90858,0,0,0,0,unavailable
before,party,10,23,90651,90651,0,0,0,0,unavailable
before,party,10,24,90386,90386,0,0,0,0,unavailable
before,party,10,25,90377,90377,0,0,0,0,unavailable
before,party,10,26,90274,90274,0,0,0,0,unavailable
before,party,10,27,90040,90040,0,0,0,0,unavailable
before,party,10,28,89906,89906,0,0,0,0,unavailable
before,party,10,29,189390,189390,0,0,0,0,unavailable
before,party,10,30,184640,184640,0,0,0,0,unavailable
before,party,10,31,184538,184538,0,0,0,0,unavailable
before,party,10,32,184426,184426,0,0,0,0,unavailable
before,party,10,33,184426,184426,0,0,0,0,unavailable
before,party,10,34,183898,183898,0,0,0,0,unavailable
before,party,10,35,183346,183346,0,0,0,0,unavailable
after,party,10,1,99876,99876,0,0,0,0,unavailable
after,party,10,2,99724,99724,0,0,0,0,unavailable
after,party,10,3,95288,95288,0,0,0,0,unavailable
after,party,10,4,94303,94303,0,0,0,0,unavailable
after,party,10,5,93309,93309,0,0,0,0,unavailable
after,party,10,6,93250,93250,0,0,0,0,unavailable
after,party,10,7,89010,89010,0,0,0,0,unavailable
after,party,10,8,88905,88905,0,0,0,0,unavailable
after,party,10,9,88425,88425,0,0,0,0,unavailable
after,party,10,10,94369,94369,0,0,0,0,unavailable
after,party,10,11,94351,94351,0,0,0,1,unavailable
after,party,10,12,94351,94351,0,0,0,1,unavailable
after,party,10,13,94277,94277,0,0,0,1,unavailable
after,party,10,14,94143,94143,0,0,0,1,unavailable
after,party,10,15,93934,93934,0,0,0,1,unavailable
after,party,10,16,93334,93334,0,0,0,1,unavailable
after,party,10,17,93612,93612,0,0,0,1,unavailable
after,party,10,18,93472,93472,0,0,0,1,unavailable
after,party,10,19,93408,93408,0,0,0,1,unavailable
after,party,10,20,93228,93228,0,0,0,1,unavailable
after,party,10,21,89511,89511,0,0,0,1,unavailable
after,party,10,22,89322,89322,0,0,0,1,unavailable
after,party,10,23,89084,89084,0,0,0,1,unavailable
after,party,10,24,86015,86015,0,0,0,1,unavailable
after,party,10,25,86006,86006,0,0,0,1,unavailable
after,party,10,26,24967,24967,0,0,0,1,unavailable
after,party,10,27,24789,24789,0,0,0,1,unavailable
after,party,10,28,24737,24737,0,0,0,1,unavailable
after,party,10,29,124647,124647,0,0,0,1,unavailable
after,party,10,30,122295,122295,0,0,0,1,unavailable
after,party,10,31,122263,122263,0,0,0,1,unavailable
after,party,10,32,122065,122065,0,0,0,1,unavailable
after,party,10,33,121997,121997,0,0,0,1,unavailable
after,party,10,34,121848,121848,0,0,0,1,unavailable
after,party,10,35,120938,120938,0,0,0,1,unavailable
before,landlord,1,1,21830,99830,0,1,0,0,unavailable
before,landlord,1,2,21752,99752,0,1,0,0,unavailable
before,landlord,1,3,21676,99676,0,1,0,0,unavailable
before,landlord,1,4,17220,95220,0,1,0,0,unavailable
before,landlord,1,5,17144,95144,0,1,0,0,unavailable
before,landlord,1,6,16945,94945,0,1,0,0,unavailable
before,landlord,1,7,16922,94922,0,1,0,0,unavailable
before,landlord,1,8,22904,100904,0,1,0,0,unavailable
before,landlord,1,9,18598,96598,0,1,0,1,unavailable
before,landlord,1,10,28855,106855,0,1,0,1,unavailable
before,landlord,1,11,28790,106790,0,1,0,1,unavailable
before,landlord,1,12,36822,114822,0,1,0,3,unavailable
before,landlord,1,13,36822,114822,0,1,0,3,unavailable
before,landlord,1,14,43430,121430,0,1,0,4,unavailable
before,landlord,1,15,44737,122737,0,1,0,4,unavailable
before,landlord,1,16,43423,121423,0,1,0,4,unavailable
before,landlord,1,17,44492,122492,0,0,0,5,unavailable
before,landlord,1,18,44438,122438,0,0,0,5,unavailable
before,landlord,1,19,44362,122362,0,0,0,5,unavailable
before,landlord,1,20,45463,123463,0,0,0,5,unavailable
before,landlord,1,21,43138,121138,0,0,0,5,unavailable
before,landlord,1,22,43347,121347,0,0,0,5,unavailable
before,landlord,1,23,47536,125536,0,0,0,5,unavailable
before,landlord,1,24,56761,134761,0,0,0,5,unavailable
before,landlord,1,25,37747,149747,0,0,0,5,unavailable
before,landlord,1,26,47615,159615,0,0,0,5,unavailable
before,landlord,1,27,47845,159845,0,0,0,5,unavailable
before,landlord,1,28,50193,162193,0,0,0,5,unavailable
before,landlord,1,29,150377,262377,0,0,0,5,unavailable
before,landlord,1,30,151601,263601,0,0,0,5,unavailable
before,landlord,1,31,155674,267674,0,0,0,5,unavailable
before,landlord,1,32,20568,207568,1,0,0,5,unavailable
before,landlord,1,33,20568,207568,1,0,0,5,unavailable
before,landlord,1,34,20498,207498,1,0,0,5,unavailable
before,landlord,1,35,20442,207442,1,0,0,5,unavailable
after,landlord,1,1,21973,99973,0,1,0,0,unavailable
after,landlord,1,2,21895,99895,0,1,0,0,unavailable
after,landlord,1,3,21734,99734,0,1,0,0,unavailable
after,landlord,1,4,21605,99605,0,1,0,0,unavailable
after,landlord,1,5,21392,99392,0,1,0,0,unavailable
after,landlord,1,6,21249,99249,0,1,0,0,unavailable
after,landlord,1,7,21164,99164,0,1,0,0,unavailable
after,landlord,1,8,27161,105161,0,1,0,0,unavailable
after,landlord,1,9,27143,105143,0,1,0,1,unavailable
after,landlord,1,10,29982,107982,0,1,0,1,unavailable
after,landlord,1,11,29868,107868,0,1,0,1,unavailable
after,landlord,1,12,33208,111208,0,1,0,3,unavailable
after,landlord,1,13,33109,111109,0,1,0,3,unavailable
after,landlord,1,14,33071,111071,0,1,0,4,unavailable
after,landlord,1,15,28833,106833,0,1,0,4,unavailable
after,landlord,1,16,36074,114074,0,1,0,4,unavailable
after,landlord,1,17,36026,114026,0,1,0,4,unavailable
after,landlord,1,18,36026,114026,0,1,0,5,unavailable
after,landlord,1,19,37306,115306,0,1,0,5,unavailable
after,landlord,1,20,37221,115221,0,1,0,5,available
after,landlord,1,21,37137,115137,0,1,0,5,available
after,landlord,1,22,46188,124188,0,1,0,5,available
after,landlord,1,23,46436,124436,0,1,0,5,available
after,landlord,1,24,46342,124342,0,1,0,5,available
after,landlord,1,25,37280,149280,0,1,0,5,available
after,landlord,1,26,47204,159204,0,1,0,5,available
after,landlord,1,27,46968,158968,0,1,0,5,available
after,landlord,1,28,46944,158944,0,1,0,5,available
after,landlord,1,29,155452,267452,0,1,0,5,available
after,landlord,1,30,156786,268786,0,1,0,5,available
after,landlord,1,31,160716,272716,0,1,0,5,available
after,landlord,1,32,25702,212702,1,1,0,5,available
after,landlord,1,33,25469,212469,1,1,0,5,available
after,landlord,1,34,25381,212381,1,1,0,5,available
after,landlord,1,35,25191,212191,1,1,0,5,available
before,landlord,2,1,21862,99862,0,1,0,0,unavailable
before,landlord,2,2,21810,99810,0,1,0,0,unavailable
before,landlord,2,3,21631,99631,0,1,0,0,unavailable
before,landlord,2,4,21508,99508,0,1,0,0,unavailable
before,landlord,2,5,21429,99429,0,1,0,0,unavailable
before,landlord,2,6,21335,99335,0,1,0,0,unavailable
before,landlord,2,7,21293,99293,0,1,0,0,unavailable
before,landlord,2,8,27275,105275,0,1,0,0,unavailable
before,landlord,2,9,27255,105255,0,1,0,1,unavailable
before,landlord,2,10,30094,108094,0,1,0,1,unavailable
before,landlord,2,11,30056,108056,0,1,0,1,unavailable
before,landlord,2,12,38101,116101,0,1,0,3,unavailable
before,landlord,2,13,38101,116101,0,1,0,3,unavailable
before,landlord,2,14,38376,116376,0,1,0,4,unavailable
before,landlord,2,15,38273,116273,0,1,0,4,unavailable
before,landlord,2,16,38243,116243,0,1,0,4,unavailable
before,landlord,2,17,38218,116218,0,1,0,4,unavailable
before,landlord,2,18,38095,116095,0,1,0,5,unavailable
before,landlord,2,19,38226,116226,0,1,0,5,unavailable
before,landlord,2,20,38495,116495,0,1,0,5,unavailable
before,landlord,2,21,38731,116731,0,1,0,5,unavailable
before,landlord,2,22,38900,116900,0,1,0,5,unavailable
before,landlord,2,23,42818,120818,0,1,0,5,unavailable
before,landlord,2,24,43042,121042,0,1,0,5,unavailable
before,landlord,2,25,24196,136196,0,1,0,5,unavailable
before,landlord,2,26,24097,136097,0,1,0,5,unavailable
before,landlord,2,27,21130,133130,0,1,0,5,unavailable
before,landlord,2,28,23474,135474,0,1,0,5,unavailable
before,landlord,2,29,123690,235690,0,1,0,5,unavailable
before,landlord,2,30,124648,236648,0,1,0,5,unavailable
before,landlord,2,31,124500,236500,0,1,0,5,unavailable
before,landlord,2,32,139480,251480,0,1,0,5,unavailable
before,landlord,2,33,139333,251333,0,1,0,5,unavailable
before,landlord,2,34,139333,251333,0,1,0,5,unavailable
before,landlord,2,35,149206,261206,0,1,0,5,unavailable
after,landlord,2,1,21862,99862,0,1,0,0,unavailable
after,landlord,2,2,21724,99724,0,1,0,0,unavailable
after,landlord,2,3,21519,99519,0,1,0,0,unavailable
after,landlord,2,4,21481,99481,0,1,0,0,unavailable
after,landlord,2,5,21418,99418,0,1,0,0,unavailable
after,landlord,2,6,21366,99366,0,1,0,0,unavailable
after,landlord,2,7,21343,99343,0,1,0,0,unavailable
after,landlord,2,8,27329,105329,0,1,0,0,unavailable
after,landlord,2,9,27230,105230,0,1,0,1,unavailable
after,landlord,2,10,30200,108200,0,1,0,1,unavailable
after,landlord,2,11,42482,120482,0,1,0,3,unavailable
after,landlord,2,12,42824,120824,0,1,0,3,unavailable
after,landlord,2,13,43168,121168,0,1,0,4,unavailable
after,landlord,2,14,43452,121452,0,1,0,4,unavailable
after,landlord,2,15,61420,139420,0,1,0,4,unavailable
after,landlord,2,16,35476,147476,0,1,0,4,available
after,landlord,2,17,36555,148555,0,1,0,5,available
after,landlord,2,18,36555,148555,0,1,0,5,available
after,landlord,2,19,37797,149797,0,1,0,5,available
after,landlord,2,20,38037,150037,0,1,0,5,available
after,landlord,2,21,37938,149938,0,1,0,5,available
after,landlord,2,22,37824,149824,0,1,0,5,available
after,landlord,2,23,39025,151025,0,1,0,5,available
after,landlord,2,24,54007,166007,0,1,0,5,available
after,landlord,2,25,49984,161984,0,1,0,5,available
after,landlord,2,26,59922,171922,0,1,0,5,available
after,landlord,2,27,65209,177209,0,1,0,5,available
after,landlord,2,28,67571,179571,0,1,0,5,available
after,landlord,2,29,167547,279547,0,1,0,5,available
after,landlord,2,30,167456,279456,0,1,0,5,available
after,landlord,2,31,36551,223551,1,1,0,5,available
after,landlord,2,32,36551,223551,1,1,0,5,available
after,landlord,2,33,36431,223431,1,1,0,5,available
after,landlord,2,34,36314,223314,1,1,0,5,available
after,landlord,2,35,36244,223244,1,1,0,5,available
before,landlord,3,1,21821,99821,0,1,0,0,unavailable
before,landlord,3,2,21803,99803,0,1,0,0,unavailable
before,landlord,3,3,21704,99704,0,1,0,0,unavailable
before,landlord,3,4,21672,99672,0,1,0,0,unavailable
before,landlord,3,5,21652,99652,0,1,0,0,unavailable
before,landlord,3,6,21511,99511,0,1,0,0,unavailable
before,landlord,3,7,21332,99332,0,1,0,0,unavailable
before,landlord,3,8,21312,99312,0,1,0,0,unavailable
before,landlord,3,9,21227,99227,0,1,0,0,unavailable
before,landlord,3,10,21210,99210,0,1,0,0,unavailable
before,landlord,3,11,21174,99174,0,1,0,0,unavailable
before,landlord,3,12,21174,99174,0,1,0,0,unavailable
before,landlord,3,13,19922,97922,0,1,0,0,unavailable
before,landlord,3,14,19895,97895,0,1,0,0,unavailable
before,landlord,3,15,19790,97790,0,1,0,0,unavailable
before,landlord,3,16,19616,97616,0,1,0,0,unavailable
before,landlord,3,17,19493,97493,0,1,0,0,unavailable
before,landlord,3,18,19693,97693,0,1,0,0,unavailable
before,landlord,3,19,20991,98991,0,1,0,0,unavailable
before,landlord,3,20,22159,100159,0,1,0,0,unavailable
before,landlord,3,21,22410,100410,0,1,0,0,unavailable
before,landlord,3,22,22630,100630,0,1,0,0,unavailable
before,landlord,3,23,22610,100610,0,1,0,0,unavailable
before,landlord,3,24,21540,99540,0,1,0,0,unavailable
before,landlord,3,25,21502,99502,0,1,0,0,unavailable
before,landlord,3,26,21417,99417,0,1,0,0,unavailable
before,landlord,3,27,27072,105072,0,1,0,0,unavailable
before,landlord,3,28,27312,105312,0,1,0,0,unavailable
before,landlord,3,29,85389,197389,0,1,0,0,unavailable
before,landlord,3,30,84172,196172,0,1,0,0,unavailable
before,landlord,3,31,84127,196127,0,1,0,0,unavailable
before,landlord,3,32,84017,196017,0,1,0,0,unavailable
before,landlord,3,33,83771,195771,0,1,0,0,unavailable
before,landlord,3,34,83673,195673,0,1,0,0,unavailable
before,landlord,3,35,83550,195550,0,1,0,0,unavailable
after,landlord,3,1,21906,99906,0,1,0,0,unavailable
after,landlord,3,2,21868,99868,0,1,0,0,unavailable
after,landlord,3,3,21723,99723,0,1,0,0,unavailable
after,landlord,3,4,21544,99544,0,1,0,0,unavailable
after,landlord,3,5,21524,99524,0,1,0,0,unavailable
after,landlord,3,6,21468,99468,0,1,0,0,unavailable
after,landlord,3,7,21242,99242,0,1,0,0,unavailable
after,landlord,3,8,21115,99115,0,1,0,0,unavailable
after,landlord,3,9,20995,98995,0,1,0,0,unavailable
after,landlord,3,10,20857,98857,0,1,0,0,unavailable
after,landlord,3,11,21494,99494,0,1,0,0,unavailable
after,landlord,3,12,21494,99494,0,1,0,0,unavailable
after,landlord,3,13,21721,99721,0,1,0,0,unavailable
after,landlord,3,14,21601,99601,0,1,0,0,unavailable
after,landlord,3,15,21475,99475,0,1,0,0,unavailable
after,landlord,3,16,21435,99435,0,1,0,0,available
after,landlord,3,17,21415,99415,0,1,0,0,available
after,landlord,3,18,31307,109307,0,1,0,0,available
after,landlord,3,19,31236,109236,0,1,0,0,available
after,landlord,3,20,31576,109576,0,1,0,0,available
after,landlord,3,21,41222,119222,0,1,0,0,available
after,landlord,3,22,41366,119366,0,1,0,0,available
after,landlord,3,23,45394,123394,0,1,0,0,available
after,landlord,3,24,54373,132373,0,1,0,0,available
after,landlord,3,25,30272,142272,0,1,0,0,available
after,landlord,3,26,30518,142518,0,1,0,0,available
after,landlord,3,27,35811,147811,0,1,0,0,available
after,landlord,3,28,38527,150527,0,1,0,0,available
after,landlord,3,29,138327,250327,0,1,0,0,available
after,landlord,3,30,139698,251698,0,1,0,0,available
after,landlord,3,31,143713,255713,0,1,0,0,available
after,landlord,3,32,143637,255637,0,1,0,0,available
after,landlord,3,33,152510,264510,0,1,0,0,available
after,landlord,3,34,152398,264398,0,1,0,0,available
after,landlord,3,35,152375,264375,0,1,0,0,available
before,landlord,4,1,21821,99821,0,1,0,0,unavailable
before,landlord,4,2,18683,96683,0,1,0,0,unavailable
before,landlord,4,3,18607,96607,0,1,0,0,unavailable
before,landlord,4,4,18465,96465,0,1,0,0,unavailable
before,landlord,4,5,18359,96359,0,1,0,0,unavailable
before,landlord,4,6,18160,96160,0,1,0,0,unavailable
before,landlord,4,7,18031,96031,0,1,0,0,unavailable
before,landlord,4,8,23955,101955,0,1,0,0,unavailable
before,landlord,4,9,23870,101870,0,1,0,1,unavailable
before,landlord,4,10,22509,100509,0,1,0,1,unavailable
before,landlord,4,11,22389,100389,0,1,0,1,unavailable
before,landlord,4,12,25251,103251,0,1,0,3,unavailable
before,landlord,4,13,25251,103251,0,1,0,3,unavailable
before,landlord,4,14,25072,103072,0,1,0,4,unavailable
before,landlord,4,15,26011,104011,0,1,0,4,unavailable
before,landlord,4,16,44203,122203,0,1,0,4,unavailable
before,landlord,4,17,43744,121744,0,0,0,5,unavailable
before,landlord,4,18,53956,131956,0,0,0,5,unavailable
before,landlord,4,19,51899,129899,0,0,0,5,unavailable
before,landlord,4,20,52949,130949,0,0,0,5,unavailable
before,landlord,4,21,62144,140144,0,0,0,5,unavailable
before,landlord,4,22,28310,140310,0,0,0,5,unavailable
before,landlord,4,23,29953,141953,0,0,0,5,unavailable
before,landlord,4,24,29740,141740,0,0,0,5,unavailable
before,landlord,4,25,44952,156952,0,0,0,5,unavailable
before,landlord,4,26,44929,156929,0,0,0,5,unavailable
before,landlord,4,27,44915,156915,0,0,0,5,unavailable
before,landlord,4,28,45189,157189,0,0,0,5,unavailable
before,landlord,4,29,153357,265357,0,0,0,5,unavailable
before,landlord,4,30,154743,266743,0,0,0,5,unavailable
before,landlord,4,31,154620,266620,0,0,0,5,unavailable
before,landlord,4,32,169620,281620,0,0,0,5,unavailable
before,landlord,4,33,169462,281462,0,0,0,5,unavailable
before,landlord,4,34,169343,281343,0,0,0,5,unavailable
before,landlord,4,35,169267,281267,0,0,0,5,unavailable
after,landlord,4,1,21821,99821,0,1,0,0,unavailable
after,landlord,4,2,17463,95463,0,1,0,0,unavailable
after,landlord,4,3,17387,95387,0,1,0,0,unavailable
after,landlord,4,4,16158,94158,0,1,0,0,unavailable
after,landlord,4,5,16055,94055,0,1,0,0,unavailable
after,landlord,4,6,15994,93994,0,1,0,0,unavailable
after,landlord,4,7,15871,93871,0,1,0,0,unavailable
after,landlord,4,8,21710,99710,0,1,0,0,unavailable
after,landlord,4,9,21835,99835,0,1,0,1,unavailable
after,landlord,4,10,24674,102674,0,1,0,1,unavailable
after,landlord,4,11,24644,102644,0,1,0,1,unavailable
after,landlord,4,12,27644,105644,0,1,0,3,unavailable
after,landlord,4,13,32255,110255,0,1,0,3,unavailable
after,landlord,4,14,38412,116412,0,1,0,4,unavailable
after,landlord,4,15,38392,116392,0,1,0,4,unavailable
after,landlord,4,16,64341,142341,0,1,0,4,available
after,landlord,4,17,30309,142309,0,0,0,5,available
after,landlord,4,18,30455,142455,0,0,0,5,available
after,landlord,4,19,32157,144157,0,0,0,5,available
after,landlord,4,20,32125,144125,0,0,0,5,available
after,landlord,4,21,32005,144005,0,0,0,5,available
after,landlord,4,22,41000,153000,0,0,0,5,available
after,landlord,4,23,42716,154716,0,0,0,5,available
after,landlord,4,24,42678,154678,0,0,0,5,available
after,landlord,4,25,53182,165182,0,0,0,5,available
after,landlord,4,26,53150,165150,0,0,0,5,available
after,landlord,4,27,58818,170818,0,0,0,5,available
after,landlord,4,28,58713,170713,0,0,0,5,available
after,landlord,4,29,158968,270968,0,0,0,5,available
after,landlord,4,30,160233,272233,0,0,0,5,available
after,landlord,4,31,160203,272203,0,0,0,5,available
after,landlord,4,32,25080,212080,1,0,0,5,available
after,landlord,4,33,22419,209419,1,0,0,5,available
after,landlord,4,34,22555,209555,1,0,0,5,available
after,landlord,4,35,32209,219209,1,0,0,5,available
before,landlord,5,1,21786,99786,0,1,0,0,unavailable
before,landlord,5,2,21618,99618,0,1,0,0,unavailable
before,landlord,5,3,21519,99519,0,1,0,0,unavailable
before,landlord,5,4,21431,99431,0,1,0,0,unavailable
before,landlord,5,5,21238,99238,0,1,0,0,unavailable
before,landlord,5,6,21140,99140,0,1,0,0,unavailable
before,landlord,5,7,21131,99131,0,1,0,0,unavailable
before,landlord,5,8,21113,99113,0,1,0,0,unavailable
before,landlord,5,9,21008,99008,0,1,0,0,unavailable
before,landlord,5,10,20990,98990,0,1,0,0,unavailable
before,landlord,5,11,20914,98914,0,1,0,0,unavailable
before,landlord,5,12,20829,98829,0,1,0,0,unavailable
before,landlord,5,13,18219,96219,0,1,0,0,unavailable
before,landlord,5,14,18219,96219,0,1,0,0,unavailable
before,landlord,5,15,18107,96107,0,1,0,0,unavailable
before,landlord,5,16,17611,95611,0,1,0,0,unavailable
before,landlord,5,17,17406,95406,0,1,0,0,unavailable
before,landlord,5,18,17321,95321,0,1,0,0,unavailable
before,landlord,5,19,11246,89246,0,1,0,0,unavailable
before,landlord,5,20,11232,89232,0,1,0,0,unavailable
before,landlord,5,21,11120,89120,0,1,0,0,unavailable
before,landlord,5,22,20235,98235,0,1,0,0,unavailable
before,landlord,5,23,24518,102518,0,1,0,0,unavailable
before,landlord,5,24,31514,109514,0,1,0,0,unavailable
before,landlord,5,25,31394,109394,0,1,0,0,unavailable
before,landlord,5,26,31354,109354,0,1,0,0,unavailable
before,landlord,5,27,31222,109222,0,1,0,0,unavailable
before,landlord,5,28,33655,111655,0,1,0,0,unavailable
before,landlord,5,29,108028,220028,0,1,0,0,unavailable
before,landlord,5,30,108159,220159,0,1,0,0,unavailable
before,landlord,5,31,108141,220141,0,1,0,0,unavailable
before,landlord,5,32,108141,220141,0,1,0,0,unavailable
before,landlord,5,33,107898,219898,0,1,0,0,unavailable
before,landlord,5,34,107866,219866,0,1,0,0,unavailable
before,landlord,5,35,108149,220149,0,1,0,0,unavailable
after,landlord,5,1,21786,99786,0,1,0,0,unavailable
after,landlord,5,2,17328,95328,0,1,0,0,unavailable
after,landlord,5,3,17144,95144,0,1,0,0,unavailable
after,landlord,5,4,17121,95121,0,1,0,0,unavailable
after,landlord,5,5,17016,95016,0,1,0,0,unavailable
after,landlord,5,6,16773,94773,0,1,0,0,unavailable
after,landlord,5,7,16735,94735,0,1,0,0,unavailable
after,landlord,5,8,16659,94659,0,1,0,0,unavailable
after,landlord,5,9,12445,90445,0,1,0,0,unavailable
after,landlord,5,10,12391,90391,0,1,0,0,unavailable
after,landlord,5,11,12683,90683,0,1,0,0,unavailable
after,landlord,5,12,12663,90663,0,1,0,0,unavailable
after,landlord,5,13,12663,90663,0,1,0,0,unavailable
after,landlord,5,14,19341,97341,0,1,0,0,unavailable
after,landlord,5,15,20223,98223,0,1,0,0,unavailable
after,landlord,5,16,20164,98164,0,1,0,0,available
after,landlord,5,17,20101,98101,0,1,0,0,available
after,landlord,5,18,20332,98332,0,1,0,0,available
after,landlord,5,19,21975,99975,0,1,0,0,available
after,landlord,5,20,21908,99908,0,1,0,0,available
after,landlord,5,21,31103,109103,0,1,0,0,available
after,landlord,5,22,40160,118160,0,1,0,0,available
after,landlord,5,23,44180,122180,0,1,0,0,available
after,landlord,5,24,44048,122048,0,1,0,0,available
after,landlord,5,25,41688,119688,0,1,0,0,available
after,landlord,5,26,41670,119670,0,1,0,0,available
after,landlord,5,27,41456,119456,0,1,0,0,available
after,landlord,5,28,41678,119678,0,1,0,0,available
after,landlord,5,29,107579,219579,0,1,0,0,available
after,landlord,5,30,108766,220766,0,1,0,0,available
after,landlord,5,31,108766,220766,0,1,0,0,available
after,landlord,5,32,108646,220646,0,1,0,0,available
after,landlord,5,33,108547,220547,0,1,0,0,available
after,landlord,5,34,116306,228306,0,1,0,0,available
after,landlord,5,35,116207,228207,0,1,0,0,available
before,landlord,6,1,21879,99879,0,1,0,0,unavailable
before,landlord,6,2,21821,99821,0,1,0,0,unavailable
before,landlord,6,3,21821,99821,0,1,0,0,unavailable
before,landlord,6,4,21682,99682,0,1,0,0,unavailable
before,landlord,6,5,21662,99662,0,1,0,0,unavailable
before,landlord,6,6,21504,99504,0,1,0,0,unavailable
before,landlord,6,7,21334,99334,0,1,0,0,unavailable
before,landlord,6,8,27314,105314,0,1,0,0,unavailable
before,landlord,6,9,3009,81009,0,1,0,0,unavailable
before,landlord,6,10,2976,80976,0,1,0,0,unavailable
before,landlord,6,11,3201,81201,0,1,0,0,unavailable
before,landlord,6,12,3201,81201,0,1,0,0,unavailable
before,landlord,6,13,3085,81085,0,1,0,0,unavailable
before,landlord,6,14,3049,81049,0,1,0,0,unavailable
before,landlord,6,15,3363,81363,0,1,0,0,unavailable
before,landlord,6,16,3287,81287,0,1,0,0,unavailable
before,landlord,6,17,3158,81158,0,1,0,0,unavailable
before,landlord,6,18,13404,91404,0,1,0,0,unavailable
before,landlord,6,19,13287,91287,0,1,0,0,unavailable
before,landlord,6,20,14475,92475,0,1,0,0,unavailable
before,landlord,6,21,23629,101629,0,1,0,0,unavailable
before,landlord,6,22,23526,101526,0,1,0,0,unavailable
before,landlord,6,23,23494,101494,0,1,0,0,unavailable
before,landlord,6,24,32510,110510,0,1,0,0,unavailable
before,landlord,6,25,42163,120163,0,1,0,0,unavailable
before,landlord,6,26,42264,120264,0,1,0,0,unavailable
before,landlord,6,27,42119,120119,0,1,0,0,unavailable
before,landlord,6,28,41978,119978,0,1,0,0,unavailable
before,landlord,6,29,107840,219840,0,1,0,0,unavailable
before,landlord,6,30,109124,221124,0,1,0,0,unavailable
before,landlord,6,31,109124,221124,0,1,0,0,unavailable
before,landlord,6,32,109090,221090,0,1,0,0,unavailable
before,landlord,6,33,109027,221027,0,1,0,0,unavailable
before,landlord,6,34,106292,218292,0,1,0,0,unavailable
before,landlord,6,35,106236,218236,0,1,0,0,unavailable
after,landlord,6,1,21879,99879,0,1,0,0,unavailable
after,landlord,6,2,21785,99785,0,1,0,0,unavailable
after,landlord,6,3,21765,99765,0,1,0,0,unavailable
after,landlord,6,4,21611,99611,0,1,0,0,unavailable
after,landlord,6,5,21506,99506,0,1,0,0,unavailable
after,landlord,6,6,21454,99454,0,1,0,0,unavailable
after,landlord,6,7,21231,99231,0,1,0,0,unavailable
after,landlord,6,8,27111,105111,0,1,0,0,unavailable
after,landlord,6,9,7008,85008,0,1,0,0,unavailable
after,landlord,6,10,6905,84905,0,1,0,0,unavailable
after,landlord,6,11,6891,84891,0,1,0,0,unavailable
after,landlord,6,12,6891,84891,0,1,0,0,unavailable
after,landlord,6,13,6762,84762,0,1,0,0,unavailable
after,landlord,6,14,6978,84978,0,1,0,0,unavailable
after,landlord,6,15,5757,83757,0,1,0,0,unavailable
after,landlord,6,16,5634,83634,0,1,0,0,unavailable
after,landlord,6,17,5514,83514,0,1,0,0,unavailable
after,landlord,6,18,15722,93722,0,1,0,0,unavailable
after,landlord,6,19,15974,93974,0,1,0,0,available
after,landlord,6,20,16293,94293,0,1,0,0,available
after,landlord,6,21,25523,103523,0,1,0,0,available
after,landlord,6,22,25458,103458,0,1,0,0,available
after,landlord,6,23,29467,107467,0,1,0,0,available
after,landlord,6,24,38683,116683,0,1,0,0,available
after,landlord,6,25,38462,116462,0,1,0,0,available
after,landlord,6,26,38430,116430,0,1,0,0,available
after,landlord,6,27,12110,90110,0,1,0,0,available
after,landlord,6,28,14532,92532,0,1,0,0,available
after,landlord,6,29,80514,192514,0,1,0,0,available
after,landlord,6,30,81882,193882,0,1,0,0,available
after,landlord,6,31,81862,193862,0,1,0,0,available
after,landlord,6,32,83564,195564,0,1,0,0,available
after,landlord,6,33,88910,200910,0,1,0,0,available
after,landlord,6,34,89161,201161,0,1,0,0,available
after,landlord,6,35,89161,201161,0,1,0,0,available
before,landlord,7,1,21821,99821,0,1,0,0,unavailable
before,landlord,7,2,21714,99714,0,1,0,0,unavailable
before,landlord,7,3,21638,99638,0,1,0,0,unavailable
before,landlord,7,4,21609,99609,0,1,0,0,unavailable
before,landlord,7,5,21591,99591,0,1,0,0,unavailable
before,landlord,7,6,21490,99490,0,1,0,0,unavailable
before,landlord,7,7,21396,99396,0,1,0,0,unavailable
before,landlord,7,8,27297,105297,0,1,0,0,unavailable
before,landlord,7,9,7136,85136,0,1,0,0,unavailable
before,landlord,7,10,7122,85122,0,1,0,0,unavailable
before,landlord,7,11,6984,84984,0,1,0,0,unavailable
before,landlord,7,12,3559,81559,0,1,0,0,unavailable
before,landlord,7,13,3398,81398,0,1,0,0,unavailable
before,landlord,7,14,3398,81398,0,1,0,0,unavailable
before,landlord,7,15,4370,82370,0,1,0,0,unavailable
before,landlord,7,16,4350,82350,0,1,0,0,unavailable
before,landlord,7,17,4245,82245,0,1,0,0,unavailable
before,landlord,7,18,4222,82222,0,1,0,0,unavailable
before,landlord,7,19,4535,82535,0,1,0,0,unavailable
before,landlord,7,20,4436,82436,0,1,0,0,unavailable
before,landlord,7,21,4307,82307,0,1,0,0,unavailable
before,landlord,7,22,4649,82649,0,1,0,0,unavailable
before,landlord,7,23,4943,82943,0,1,0,0,unavailable
before,landlord,7,24,4820,82820,0,1,0,0,unavailable
before,landlord,7,25,4806,82806,0,1,0,0,unavailable
before,landlord,7,26,15070,93070,0,1,0,0,unavailable
before,landlord,7,27,14967,92967,0,1,0,0,unavailable
before,landlord,7,28,14858,92858,0,1,0,0,unavailable
before,landlord,7,29,89060,201060,0,1,0,0,unavailable
before,landlord,7,30,90729,202729,0,1,0,0,unavailable
before,landlord,7,31,90595,202595,0,1,0,0,unavailable
before,landlord,7,32,90496,202496,0,1,0,0,unavailable
before,landlord,7,33,90341,202341,0,1,0,0,unavailable
before,landlord,7,34,90341,202341,0,1,0,0,unavailable
before,landlord,7,35,90195,202195,0,1,0,0,unavailable
after,landlord,7,1,21968,99968,0,1,0,0,unavailable
after,landlord,7,2,21916,99916,0,1,0,0,unavailable
after,landlord,7,3,21807,99807,0,1,0,0,unavailable
after,landlord,7,4,21719,99719,0,1,0,0,unavailable
after,landlord,7,5,19816,97816,0,1,0,0,unavailable
after,landlord,7,6,19593,97593,0,1,0,0,unavailable
after,landlord,7,7,19561,97561,0,1,0,0,unavailable
after,landlord,7,8,25452,103452,0,1,0,0,unavailable
after,landlord,7,9,5332,83332,0,1,0,0,unavailable
after,landlord,7,10,1056,79056,0,1,0,0,unavailable
after,landlord,7,11,9208,87208,0,1,0,0,unavailable
after,landlord,7,12,9208,87208,0,1,0,0,unavailable
after,landlord,7,13,9194,87194,0,1,0,0,unavailable
after,landlord,7,14,15527,93527,0,1,0,0,unavailable
after,landlord,7,15,15369,93369,0,1,0,0,unavailable
after,landlord,7,16,15293,93293,0,1,0,0,unavailable
after,landlord,7,17,15208,93208,0,1,0,0,available
after,landlord,7,18,15194,93194,0,1,0,0,available
after,landlord,7,19,15670,93670,0,1,0,0,available
after,landlord,7,20,15524,93524,0,1,0,0,available
after,landlord,7,21,15849,93849,0,1,0,0,available
after,landlord,7,22,15773,93773,0,1,0,0,available
after,landlord,7,23,15659,93659,0,1,0,0,available
after,landlord,7,24,25015,103015,0,1,0,0,available
after,landlord,7,25,25299,103299,0,1,0,0,available
after,landlord,7,26,35133,113133,0,1,0,0,available
after,landlord,7,27,40426,118426,0,1,0,0,available
after,landlord,7,28,42797,120797,0,1,0,0,available
after,landlord,7,29,116914,228914,0,1,0,0,available
after,landlord,7,30,115720,227720,0,1,0,0,available
after,landlord,7,31,115720,227720,0,1,0,0,available
after,landlord,7,32,115606,227606,0,1,0,0,available
after,landlord,7,33,115530,227530,0,1,0,0,available
after,landlord,7,34,114469,226469,0,1,0,0,available
after,landlord,7,35,114326,226326,0,1,0,0,available
before,landlord,8,1,21973,99973,0,1,0,0,unavailable
before,landlord,8,2,21910,99910,0,1,0,0,unavailable
before,landlord,8,3,21807,99807,0,1,0,0,unavailable
before,landlord,8,4,21590,99590,0,1,0,0,unavailable
before,landlord,8,5,21570,99570,0,1,0,0,unavailable
before,landlord,8,6,21532,99532,0,1,0,0,unavailable
before,landlord,8,7,21496,99496,0,1,0,0,unavailable
before,landlord,8,8,21482,99482,0,1,0,0,unavailable
before,landlord,8,9,21377,99377,0,1,0,0,unavailable
before,landlord,8,10,21359,99359,0,1,0,0,unavailable
before,landlord,8,11,29411,107411,0,1,0,0,unavailable
before,landlord,8,12,29411,107411,0,1,0,0,unavailable
before,landlord,8,13,25788,103788,0,1,0,0,unavailable
before,landlord,8,14,25774,103774,0,1,0,0,unavailable
before,landlord,8,15,26733,104733,0,1,0,0,unavailable
before,landlord,8,16,18901,96901,0,1,0,0,unavailable
before,landlord,8,17,19026,97026,0,1,0,0,unavailable
before,landlord,8,18,16006,94006,0,1,0,0,unavailable
before,landlord,8,19,15959,93959,0,1,0,0,unavailable
before,landlord,8,20,16218,94218,0,1,0,0,unavailable
before,landlord,8,21,16460,94460,0,1,0,0,unavailable
before,landlord,8,22,16412,94412,0,1,0,0,unavailable
before,landlord,8,23,16380,94380,0,1,0,0,unavailable
before,landlord,8,24,25582,103582,0,1,0,0,unavailable
before,landlord,8,25,25798,103798,0,1,0,0,unavailable
before,landlord,8,26,35591,113591,0,1,0,0,unavailable
before,landlord,8,27,35793,113793,0,1,0,0,unavailable
before,landlord,8,28,35979,113979,0,1,0,0,unavailable
before,landlord,8,29,109657,221657,0,1,0,0,unavailable
before,landlord,8,30,110889,222889,0,1,0,0,unavailable
before,landlord,8,31,110889,222889,0,1,0,0,unavailable
before,landlord,8,32,108969,220969,0,1,0,0,unavailable
before,landlord,8,33,108913,220913,0,1,0,0,unavailable
before,landlord,8,34,108784,220784,0,1,0,0,unavailable
before,landlord,8,35,108759,220759,0,1,0,0,unavailable
after,landlord,8,1,21973,99973,0,1,0,0,unavailable
after,landlord,8,2,21867,99867,0,1,0,0,unavailable
after,landlord,8,3,21662,99662,0,1,0,0,unavailable
after,landlord,8,4,21539,99539,0,1,0,0,unavailable
after,landlord,8,5,21463,99463,0,1,0,0,unavailable
after,landlord,8,6,21360,99360,0,1,0,0,unavailable
after,landlord,8,7,21275,99275,0,1,0,0,unavailable
after,landlord,8,8,21199,99199,0,1,0,0,unavailable
after,landlord,8,9,21185,99185,0,1,0,0,unavailable
after,landlord,8,10,21065,99065,0,1,0,0,unavailable
after,landlord,8,11,21331,99331,0,1,0,0,unavailable
after,landlord,8,12,21331,99331,0,1,0,0,unavailable
after,landlord,8,13,20091,98091,0,1,0,0,unavailable
after,landlord,8,14,20059,98059,0,1,0,0,unavailable
after,landlord,8,15,20027,98027,0,1,0,0,unavailable
after,landlord,8,16,19587,97587,0,1,0,0,unavailable
after,landlord,8,17,19676,97676,0,1,0,0,unavailable
after,landlord,8,18,19916,97916,0,1,0,0,unavailable
after,landlord,8,19,19838,97838,0,1,0,0,available
after,landlord,8,20,19806,97806,0,1,0,0,available
after,landlord,8,21,20075,98075,0,1,0,0,available
after,landlord,8,22,29103,107103,0,1,0,0,available
after,landlord,8,23,29348,107348,0,1,0,0,available
after,landlord,8,24,29543,107543,0,1,0,0,available
after,landlord,8,25,29859,107859,0,1,0,0,available
after,landlord,8,26,29765,107765,0,1,0,0,available
after,landlord,8,27,29640,107640,0,1,0,0,available
after,landlord,8,28,29598,107598,0,1,0,0,available
after,landlord,8,29,103732,215732,0,1,0,0,available
after,landlord,8,30,105070,217070,0,1,0,0,available
after,landlord,8,31,104641,216641,0,1,0,0,available
after,landlord,8,32,104221,216221,0,1,0,0,available
after,landlord,8,33,113113,225113,0,1,0,0,available
after,landlord,8,34,113113,225113,0,1,0,0,available
after,landlord,8,35,113019,225019,0,1,0,0,available
before,landlord,9,1,21906,99906,0,1,0,0,unavailable
before,landlord,9,2,21688,99688,0,1,0,0,unavailable
before,landlord,9,3,21583,99583,0,1,0,0,unavailable
before,landlord,9,4,21442,99442,0,1,0,0,unavailable
before,landlord,9,5,21262,99262,0,1,0,0,unavailable
before,landlord,9,6,21148,99148,0,1,0,0,unavailable
before,landlord,9,7,21019,99019,0,1,0,0,unavailable
before,landlord,9,8,27001,105001,0,1,0,0,unavailable
before,landlord,9,9,6983,84983,0,1,0,0,unavailable
before,landlord,9,10,2707,80707,0,1,0,0,unavailable
before,landlord,9,11,10869,88869,0,1,0,0,unavailable
before,landlord,9,12,15772,93772,0,1,0,0,unavailable
before,landlord,9,13,20438,98438,0,1,0,0,unavailable
before,landlord,9,14,20438,98438,0,1,0,0,unavailable
before,landlord,9,15,20625,98625,0,1,0,0,unavailable
before,landlord,9,16,20593,98593,0,1,0,0,unavailable
before,landlord,9,17,21985,99985,0,1,0,0,unavailable
before,landlord,9,18,22180,100180,0,1,0,0,unavailable
before,landlord,9,19,22033,100033,0,1,0,0,unavailable
before,landlord,9,20,23379,101379,0,1,0,0,unavailable
before,landlord,9,21,23557,101557,0,1,0,0,unavailable
before,landlord,9,22,23521,101521,0,1,0,0,unavailable
before,landlord,9,23,23699,101699,0,1,0,0,unavailable
before,landlord,9,24,23853,101853,0,1,0,0,unavailable
before,landlord,9,25,24089,102089,0,1,0,0,unavailable
before,landlord,9,26,24015,102015,0,1,0,0,unavailable
before,landlord,9,27,23963,101963,0,1,0,0,unavailable
before,landlord,9,28,24193,102193,0,1,0,0,unavailable
before,landlord,9,29,90117,202117,0,1,0,0,unavailable
before,landlord,9,30,87283,199283,0,1,0,0,unavailable
before,landlord,9,31,87283,199283,0,1,0,0,unavailable
before,landlord,9,32,88885,200885,0,1,0,0,unavailable
before,landlord,9,33,88713,200713,0,1,0,0,unavailable
before,landlord,9,34,88602,200602,0,1,0,0,unavailable
before,landlord,9,35,88579,200579,0,1,0,0,unavailable
after,landlord,9,1,21968,99968,0,1,0,0,unavailable
after,landlord,9,2,21010,99010,0,1,0,0,unavailable
after,landlord,9,3,20905,98905,0,1,0,0,unavailable
after,landlord,9,4,20776,98776,0,1,0,0,unavailable
after,landlord,9,5,20598,98598,0,1,0,0,unavailable
after,landlord,9,6,20399,98399,0,1,0,0,unavailable
after,landlord,9,7,20276,98276,0,1,0,0,unavailable
after,landlord,9,8,20256,98256,0,1,0,0,unavailable
after,landlord,9,9,16038,94038,0,1,0,0,unavailable
after,landlord,9,10,16020,94020,0,1,0,0,unavailable
after,landlord,9,11,15944,93944,0,1,0,0,unavailable
after,landlord,9,12,16275,94275,0,1,0,0,unavailable
after,landlord,9,13,16275,94275,0,1,0,0,unavailable
after,landlord,9,14,22600,100600,0,1,0,0,unavailable
after,landlord,9,15,22483,100483,0,1,0,0,unavailable
after,landlord,9,16,22778,100778,0,1,0,0,unavailable
after,landlord,9,17,22738,100738,0,1,0,0,available
after,landlord,9,18,22603,100603,0,1,0,0,available
after,landlord,9,19,22864,100864,0,1,0,0,available
after,landlord,9,20,24410,102410,0,1,0,0,available
after,landlord,9,21,24281,102281,0,1,0,0,available
after,landlord,9,22,24138,102138,0,1,0,0,available
after,landlord,9,23,28424,106424,0,1,0,0,available
after,landlord,9,24,27201,105201,0,1,0,0,available
after,landlord,9,25,27141,105141,0,1,0,0,available
after,landlord,9,26,26962,104962,0,1,0,0,available
after,landlord,9,27,27214,105214,0,1,0,0,available
after,landlord,9,28,29988,107988,0,1,0,0,available
after,landlord,9,29,95968,207968,0,1,0,0,available
after,landlord,9,30,97215,209215,0,1,0,0,available
after,landlord,9,31,97215,209215,0,1,0,0,available
after,landlord,9,32,97073,209073,0,1,0,0,available
after,landlord,9,33,96983,208983,0,1,0,0,available
after,landlord,9,34,96825,208825,0,1,0,0,available
after,landlord,9,35,96349,208349,0,1,0,0,available
before,landlord,10,1,21830,99830,0,1,0,0,unavailable
before,landlord,10,2,21682,99682,0,1,0,0,unavailable
before,landlord,10,3,21577,99577,0,1,0,0,unavailable
before,landlord,10,4,17754,95754,0,1,0,0,unavailable
before,landlord,10,5,17549,95549,0,1,0,0,unavailable
before,landlord,10,6,17511,95511,0,1,0,0,unavailable
before,landlord,10,7,17494,95494,0,1,0,0,unavailable
before,landlord,10,8,23386,101386,0,1,0,0,unavailable
before,landlord,10,9,23225,101225,0,1,0,1,unavailable
before,landlord,10,10,26149,104149,0,1,0,1,unavailable
before,landlord,10,11,26113,104113,0,1,0,1,unavailable
before,landlord,10,12,29079,107079,0,1,0,3,unavailable
before,landlord,10,13,33772,111772,0,1,0,3,unavailable
before,landlord,10,14,33772,111772,0,1,0,4,unavailable
before,landlord,10,15,33660,111660,0,1,0,4,unavailable
before,landlord,10,16,33204,111204,0,1,0,4,unavailable
before,landlord,10,17,29299,107299,0,0,0,5,unavailable
before,landlord,10,18,29630,107630,0,0,0,5,unavailable
before,landlord,10,19,30954,108954,0,0,0,5,unavailable
before,landlord,10,20,30764,108764,0,0,0,5,unavailable
before,landlord,10,21,30741,108741,0,0,0,5,unavailable
before,landlord,10,22,30665,108665,0,0,0,5,unavailable
before,landlord,10,23,27461,105461,0,0,0,5,unavailable
before,landlord,10,24,36590,114590,0,0,0,5,unavailable
before,landlord,10,25,51445,129445,0,0,0,5,unavailable
before,landlord,10,26,51585,129585,0,0,0,5,unavailable
before,landlord,10,27,51409,129409,0,0,0,5,unavailable
before,landlord,10,28,51393,129393,0,0,0,5,unavailable
before,landlord,10,29,126017,238017,0,0,0,5,unavailable
before,landlord,10,30,127306,239306,0,0,0,5,unavailable
before,landlord,10,31,127306,239306,0,0,0,5,unavailable
before,landlord,10,32,142177,254177,0,0,0,5,unavailable
before,landlord,10,33,142001,254001,0,0,0,5,unavailable
before,landlord,10,34,141840,253840,0,0,0,5,unavailable
before,landlord,10,35,141766,253766,0,0,0,5,unavailable
after,landlord,10,1,21830,99830,0,1,0,0,unavailable
after,landlord,10,2,20896,98896,0,1,0,0,unavailable
after,landlord,10,3,20787,98787,0,1,0,0,unavailable
after,landlord,10,4,20617,98617,0,1,0,0,unavailable
after,landlord,10,5,20472,98472,0,1,0,0,unavailable
after,landlord,10,6,20358,98358,0,1,0,0,unavailable
after,landlord,10,7,20319,98319,0,1,0,0,unavailable
after,landlord,10,8,26234,104234,0,1,0,0,unavailable
after,landlord,10,9,6129,84129,0,1,0,0,unavailable
after,landlord,10,10,6115,84115,0,1,0,0,unavailable
after,landlord,10,11,5977,83977,0,1,0,0,unavailable
after,landlord,10,12,5977,83977,0,1,0,0,unavailable
after,landlord,10,13,5863,83863,0,1,0,0,unavailable
after,landlord,10,14,5778,83778,0,1,0,0,unavailable
after,landlord,10,15,5688,83688,0,1,0,0,unavailable
after,landlord,10,16,3727,81727,0,1,0,0,unavailable
after,landlord,10,17,3981,81981,0,1,0,0,unavailable
after,landlord,10,18,4131,82131,0,1,0,0,unavailable
after,landlord,10,19,3970,81970,0,1,0,0,unavailable
after,landlord,10,20,4236,82236,0,1,0,0,unavailable
after,landlord,10,21,4184,82184,0,1,0,0,available
after,landlord,10,22,4409,82409,0,1,0,0,available
after,landlord,10,23,4280,82280,0,1,0,0,available
after,landlord,10,24,4231,82231,0,1,0,0,available
after,landlord,10,25,4068,82068,0,1,0,0,available
after,landlord,10,26,13799,91799,0,1,0,0,available
after,landlord,10,27,19521,97521,0,1,0,0,available
after,landlord,10,28,19822,97822,0,1,0,0,available
after,landlord,10,29,85773,197773,0,1,0,0,available
after,landlord,10,30,87135,199135,0,1,0,0,available
after,landlord,10,31,91265,203265,0,1,0,0,available
after,landlord,10,32,91265,203265,0,1,0,0,available
after,landlord,10,33,91107,203107,0,1,0,0,available
after,landlord,10,34,91093,203093,0,1,0,0,available
after,landlord,10,35,90879,202879,0,1,0,0,available
before,weirdo,1,1,20671,58171,1,0,0,0,unavailable
before,weirdo,1,2,20564,58064,1,0,0,0,unavailable
before,weirdo,1,3,20516,58016,1,0,0,0,unavailable
before,weirdo,1,4,20365,57865,1,0,0,0,unavailable
before,weirdo,1,5,20336,57836,1,0,0,0,unavailable
before,weirdo,1,6,20284,57784,1,0,0,0,unavailable
before,weirdo,1,7,20088,57588,1,0,0,0,unavailable
before,weirdo,1,8,20043,57543,1,0,0,0,unavailable
before,weirdo,1,9,19065,56565,1,0,0,0,unavailable
before,weirdo,1,10,18959,56459,1,0,0,0,unavailable
before,weirdo,1,11,18809,56309,1,0,0,0,unavailable
before,weirdo,1,12,18809,56309,1,0,0,0,unavailable
before,weirdo,1,13,19052,56552,1,0,0,0,unavailable
before,weirdo,1,14,18915,56415,1,0,0,0,unavailable
before,weirdo,1,15,18777,56277,1,0,0,0,unavailable
before,weirdo,1,16,18606,56106,1,0,0,0,unavailable
before,weirdo,1,17,18583,56083,1,0,0,0,unavailable
before,weirdo,1,18,18413,55913,1,0,0,0,unavailable
before,weirdo,1,19,18279,55779,1,0,0,0,unavailable
before,weirdo,1,20,18250,55750,1,0,0,0,unavailable
before,weirdo,1,21,18178,55678,1,0,0,0,unavailable
before,weirdo,1,22,18146,55646,1,0,0,0,unavailable
before,weirdo,1,23,18121,55621,1,0,0,0,unavailable
before,weirdo,1,24,18083,55583,1,0,0,0,unavailable
before,weirdo,1,25,17943,55443,1,0,0,0,unavailable
before,weirdo,1,26,17733,55233,1,0,0,0,unavailable
before,weirdo,1,27,17523,55023,1,0,0,0,unavailable
before,weirdo,1,28,15958,53458,1,0,0,0,unavailable
before,weirdo,1,29,30872,68372,1,0,0,0,unavailable
before,weirdo,1,30,28322,65822,1,0,0,0,unavailable
before,weirdo,1,31,28252,65752,1,0,0,0,unavailable
before,weirdo,1,32,28214,65714,1,0,0,0,unavailable
before,weirdo,1,33,28017,65517,1,0,0,0,unavailable
before,weirdo,1,34,28017,65517,1,0,0,0,unavailable
before,weirdo,1,35,27894,65394,1,0,0,0,unavailable
after,weirdo,1,1,20671,58171,1,0,0,0,unavailable
after,weirdo,1,2,20541,58041,1,0,0,0,unavailable
after,weirdo,1,3,20318,57818,1,0,0,0,unavailable
after,weirdo,1,4,20225,57725,1,0,0,0,unavailable
after,weirdo,1,5,18409,55909,1,0,0,0,unavailable
after,weirdo,1,6,18175,55675,1,0,0,0,unavailable
after,weirdo,1,7,17917,55417,1,0,0,0,unavailable
after,weirdo,1,8,23783,61283,1,0,0,0,unavailable
after,weirdo,1,9,3569,41069,1,0,0,0,unavailable
after,weirdo,1,10,3422,40922,1,0,0,0,unavailable
after,weirdo,1,11,3274,40774,1,0,0,0,unavailable
after,weirdo,1,12,3274,40774,1,0,0,0,unavailable
after,weirdo,1,13,3095,40595,1,0,0,0,unavailable
after,weirdo,1,14,3037,40537,1,0,0,0,unavailable
after,weirdo,1,15,2917,40417,1,0,0,0,unavailable
after,weirdo,1,16,1999,39499,1,0,0,0,unavailable
after,weirdo,1,17,1927,39427,1,0,0,0,unavailable
after,weirdo,1,18,2209,39709,1,0,0,0,unavailable
after,weirdo,1,19,1951,39451,1,0,0,0,unavailable
after,weirdo,1,20,2166,39666,1,0,0,0,unavailable
after,weirdo,1,21,2152,39652,1,0,0,0,unavailable
after,weirdo,1,22,2025,39525,1,0,0,0,unavailable
after,weirdo,1,23,1829,39329,1,0,0,0,unavailable
after,weirdo,1,24,1769,39269,1,0,0,0,unavailable
after,weirdo,1,25,380,37880,1,0,0,0,unavailable
after,weirdo,1,26,288,37788,1,0,0,0,unavailable
after,weirdo,1,27,154,37654,1,0,0,0,unavailable
after,weirdo,1,28,2,37502,1,0,0,0,unavailable
after,weirdo,1,29,14882,52382,1,0,0,0,unavailable
after,weirdo,1,30,11464,48964,1,0,0,0,unavailable
after,weirdo,1,31,11464,48964,1,0,0,0,unavailable
after,weirdo,1,32,11432,48932,1,0,0,0,unavailable
after,weirdo,1,33,11338,48838,1,0,0,0,unavailable
after,weirdo,1,34,11263,48763,1,0,0,0,unavailable
after,weirdo,1,35,11249,48749,1,0,0,0,unavailable
before,weirdo,2,1,24964,62464,1,0,0,0,unavailable
before,weirdo,2,2,24932,62432,1,0,0,0,unavailable
before,weirdo,2,3,25082,62582,1,0,0,0,unavailable
before,weirdo,2,4,24962,62462,1,0,0,0,unavailable
before,weirdo,2,5,24791,62291,1,0,0,0,unavailable
before,weirdo,2,6,24557,62057,1,0,0,0,unavailable
before,weirdo,2,7,24543,62043,1,0,0,0,unavailable
before,weirdo,2,8,24442,61942,1,0,0,0,unavailable
before,weirdo,2,9,24210,61710,1,0,0,0,unavailable
before,weirdo,2,10,24154,61654,1,0,0,0,unavailable
before,weirdo,2,11,24071,61571,1,0,0,0,unavailable
before,weirdo,2,12,24071,61571,1,0,0,0,unavailable
before,weirdo,2,13,23923,61423,1,0,0,0,unavailable
before,weirdo,2,14,22867,60367,1,0,0,0,unavailable
before,weirdo,2,15,22987,60487,1,0,0,0,unavailable
before,weirdo,2,16,18315,55815,1,0,0,0,unavailable
before,weirdo,2,17,18279,55779,1,0,0,0,unavailable
before,weirdo,2,18,18049,55549,1,0,0,0,unavailable
before,weirdo,2,19,17939,55439,1,0,0,0,unavailable
before,weirdo,2,20,17842,55342,1,0,0,0,unavailable
before,weirdo,2,21,17826,55326,1,0,0,0,unavailable
before,weirdo,2,22,17708,55208,1,0,0,0,unavailable
before,weirdo,2,23,17645,55145,1,0,0,0,unavailable
before,weirdo,2,24,17513,55013,1,0,0,0,unavailable
before,weirdo,2,25,17393,54893,1,0,0,0,unavailable
before,weirdo,2,26,17244,54744,1,0,0,0,unavailable
before,weirdo,2,27,17196,54696,1,0,0,0,unavailable
before,weirdo,2,28,17076,54576,1,0,0,0,unavailable
before,weirdo,2,29,56972,94472,1,0,0,0,unavailable
before,weirdo,2,30,31930,69430,1,0,0,0,unavailable
before,weirdo,2,31,31930,69430,1,0,0,0,unavailable
before,weirdo,2,32,31817,69317,1,0,0,0,unavailable
before,weirdo,2,33,31703,69203,1,0,0,0,unavailable
before,weirdo,2,34,31647,69147,1,0,0,0,unavailable
before,weirdo,2,35,31389,68889,1,0,0,0,unavailable
after,weirdo,2,1,24964,62464,1,0,0,0,unavailable
after,weirdo,2,2,24770,62270,1,0,0,0,unavailable
after,weirdo,2,3,24696,62196,1,0,0,0,unavailable
after,weirdo,2,4,24949,62449,1,0,0,0,unavailable
after,weirdo,2,5,24877,62377,1,0,0,0,unavailable
after,weirdo,2,6,24376,61876,1,0,0,0,unavailable
after,weirdo,2,7,24210,61710,1,0,0,0,unavailable
after,weirdo,2,8,24190,61690,1,0,0,0,unavailable
after,weirdo,2,9,23998,61498,1,0,0,0,unavailable
after,weirdo,2,10,23841,61341,1,0,0,0,unavailable
after,weirdo,2,11,23655,61155,1,0,0,0,unavailable
after,weirdo,2,12,23555,61055,1,0,0,0,unavailable
after,weirdo,2,13,23472,60972,1,0,0,0,unavailable
after,weirdo,2,14,23370,60870,1,0,0,0,unavailable
after,weirdo,2,15,23370,60870,1,0,0,0,unavailable
after,weirdo,2,16,23131,60631,1,0,0,0,unavailable
after,weirdo,2,17,22908,60408,1,0,0,0,unavailable
after,weirdo,2,18,22805,60305,1,0,0,0,unavailable
after,weirdo,2,19,22764,60264,1,0,0,0,unavailable
after,weirdo,2,20,22612,60112,1,0,0,0,unavailable
after,weirdo,2,21,22558,60058,1,0,0,0,unavailable
after,weirdo,2,22,22353,59853,1,0,0,0,unavailable
after,weirdo,2,23,21771,59271,1,0,0,0,unavailable
after,weirdo,2,24,21675,59175,1,0,0,0,unavailable
after,weirdo,2,25,21650,59150,1,0,0,0,unavailable
after,weirdo,2,26,21530,59030,1,0,0,0,unavailable
after,weirdo,2,27,21086,58586,1,0,0,0,unavailable
after,weirdo,2,28,20891,58391,1,0,0,0,unavailable
after,weirdo,2,29,120686,158186,1,0,0,0,unavailable
after,weirdo,2,30,120556,158056,1,0,0,0,unavailable
after,weirdo,2,31,120556,158056,1,0,0,0,unavailable
after,weirdo,2,32,120298,157798,1,0,0,0,unavailable
after,weirdo,2,33,120144,157644,1,0,0,0,unavailable
after,weirdo,2,34,120117,157617,1,0,0,0,unavailable
after,weirdo,2,35,120031,157531,1,0,0,0,unavailable
before,weirdo,3,1,24862,62362,1,0,0,0,unavailable
before,weirdo,3,2,24770,62270,1,0,0,0,unavailable
before,weirdo,3,3,24710,62210,1,0,0,0,unavailable
before,weirdo,3,4,24602,62102,1,0,0,0,unavailable
before,weirdo,3,5,24383,61883,1,0,0,0,unavailable
before,weirdo,3,6,24197,61697,1,0,0,0,unavailable
before,weirdo,3,7,23939,61439,1,0,0,0,unavailable
before,weirdo,3,8,23784,61284,1,0,0,0,unavailable
before,weirdo,3,9,23544,61044,1,0,0,0,unavailable
before,weirdo,3,10,23753,61253,1,0,0,0,unavailable
before,weirdo,3,11,23697,61197,1,0,0,0,unavailable
before,weirdo,3,12,23697,61197,1,0,0,0,unavailable
before,weirdo,3,13,23514,61014,1,0,0,0,unavailable
before,weirdo,3,14,23365,60865,1,0,0,0,unavailable
before,weirdo,3,15,23155,60655,1,0,0,0,unavailable
before,weirdo,3,16,23021,60521,1,0,0,0,unavailable
before,weirdo,3,17,22802,60302,1,0,0,0,unavailable
before,weirdo,3,18,20224,57724,1,0,0,0,unavailable
before,weirdo,3,19,20174,57674,1,0,0,0,unavailable
before,weirdo,3,20,19164,56664,1,0,0,0,unavailable
before,weirdo,3,21,19030,56530,1,0,0,0,unavailable
before,weirdo,3,22,18986,56486,1,0,0,0,unavailable
before,weirdo,3,23,18892,56392,1,0,0,0,unavailable
before,weirdo,3,24,18724,56224,1,0,0,0,unavailable
before,weirdo,3,25,18484,55984,1,0,0,0,unavailable
before,weirdo,3,26,18386,55886,1,0,0,0,unavailable
before,weirdo,3,27,18310,55810,1,0,0,0,unavailable
before,weirdo,3,28,18200,55700,1,0,0,0,unavailable
before,weirdo,3,29,118124,155624,1,0,0,0,unavailable
before,weirdo,3,30,3104,40604,1,0,0,0,unavailable
before,weirdo,3,31,2948,40448,1,0,0,0,unavailable
before,weirdo,3,32,2854,40354,1,0,0,0,unavailable
before,weirdo,3,33,2854,40354,1,0,0,0,unavailable
before,weirdo,3,34,2754,40254,1,0,0,0,unavailable
before,weirdo,3,35,2698,40198,1,0,0,0,unavailable
after,weirdo,3,1,24862,62362,1,0,0,0,unavailable
after,weirdo,3,2,23610,61110,1,0,0,0,unavailable
after,weirdo,3,3,23412,60912,1,0,0,0,unavailable
after,weirdo,3,4,23303,60803,1,0,0,0,unavailable
after,weirdo,3,5,23151,60651,1,0,0,0,unavailable
after,weirdo,3,6,23053,60553,1,0,0,0,unavailable
after,weirdo,3,7,22921,60421,1,0,0,0,unavailable
after,weirdo,3,8,22838,60338,1,0,0,0,unavailable
after,weirdo,3,9,21894,59394,1,0,0,0,unavailable
after,weirdo,3,10,21756,59256,1,0,0,0,unavailable
after,weirdo,3,11,21938,59438,1,0,0,0,unavailable
after,weirdo,3,12,17997,55497,1,0,0,0,unavailable
after,weirdo,3,13,17909,55409,1,0,0,0,unavailable
after,weirdo,3,14,17909,55409,1,0,0,0,unavailable
after,weirdo,3,15,17859,55359,1,0,0,0,unavailable
after,weirdo,3,16,17839,55339,1,0,0,0,unavailable
after,weirdo,3,17,17793,55293,1,0,0,0,unavailable
after,weirdo,3,18,17636,55136,1,0,0,0,unavailable
after,weirdo,3,19,17542,55042,1,0,0,0,unavailable
after,weirdo,3,20,17441,54941,1,0,0,0,unavailable
after,weirdo,3,21,17252,54752,1,0,0,0,unavailable
after,weirdo,3,22,17088,54588,1,0,0,0,unavailable
after,weirdo,3,23,16994,54494,1,0,0,0,unavailable
after,weirdo,3,24,16793,54293,1,0,0,0,unavailable
after,weirdo,3,25,17063,54563,1,0,0,0,unavailable
after,weirdo,3,26,16983,54483,1,0,0,0,unavailable
after,weirdo,3,27,16822,54322,1,0,0,0,unavailable
after,weirdo,3,28,16582,54082,1,0,0,0,unavailable
after,weirdo,3,29,31434,68934,1,0,0,0,unavailable
after,weirdo,3,30,31391,68891,1,0,0,0,unavailable
after,weirdo,3,31,31297,68797,1,0,0,0,unavailable
after,weirdo,3,32,31297,68797,1,0,0,0,unavailable
after,weirdo,3,33,31221,68721,1,0,0,0,unavailable
after,weirdo,3,34,31047,68547,1,0,0,0,unavailable
after,weirdo,3,35,30115,67615,1,0,0,0,unavailable
before,weirdo,4,1,24906,62406,1,0,0,0,unavailable
before,weirdo,4,2,20814,58314,1,0,0,0,unavailable
before,weirdo,4,3,20645,58145,1,0,0,0,unavailable
before,weirdo,4,4,20431,57931,1,0,0,0,unavailable
before,weirdo,4,5,20339,57839,1,0,0,0,unavailable
before,weirdo,4,6,20231,57731,1,0,0,0,unavailable
before,weirdo,4,7,20074,57574,1,0,0,0,unavailable
before,weirdo,4,8,25991,63491,1,0,0,0,unavailable
before,weirdo,4,9,5829,43329,1,0,0,0,unavailable
before,weirdo,4,10,5707,43207,1,0,0,0,unavailable
before,weirdo,4,11,5896,43396,1,0,0,0,unavailable
before,weirdo,4,12,4910,42410,1,0,0,0,unavailable
before,weirdo,4,13,4801,42301,1,0,0,0,unavailable
before,weirdo,4,14,4621,42121,1,0,0,0,unavailable
before,weirdo,4,15,4455,41955,1,0,0,0,unavailable
before,weirdo,4,16,4315,41815,1,0,0,0,unavailable
before,weirdo,4,17,4163,41663,1,0,0,0,unavailable
before,weirdo,4,18,4163,41663,1,0,0,0,unavailable
before,weirdo,4,19,3160,40660,1,0,0,0,unavailable
before,weirdo,4,20,3160,40660,1,0,0,0,unavailable
before,weirdo,4,21,3052,40552,1,0,0,0,unavailable
before,weirdo,4,22,2918,40418,1,0,0,0,unavailable
before,weirdo,4,23,2480,39980,1,0,0,0,unavailable
before,weirdo,4,24,2231,39731,1,0,0,0,unavailable
before,weirdo,4,25,2155,39655,1,0,0,0,unavailable
before,weirdo,4,26,1575,39075,1,0,0,0,unavailable
before,weirdo,4,27,1399,38899,1,0,0,0,unavailable
before,weirdo,4,28,1263,38763,1,0,0,0,unavailable
before,weirdo,4,29,11191,48691,1,0,0,0,unavailable
before,weirdo,4,30,11124,48624,1,0,0,0,unavailable
before,weirdo,4,31,6790,44290,1,0,0,0,unavailable
before,weirdo,4,32,6718,44218,1,0,0,0,unavailable
before,weirdo,4,33,6571,44071,1,0,0,0,unavailable
before,weirdo,4,34,6329,43829,1,0,0,0,unavailable
before,weirdo,4,35,6191,43691,1,0,0,0,unavailable
after,weirdo,4,1,24906,62406,1,0,0,0,unavailable
after,weirdo,4,2,24812,62312,1,0,0,0,unavailable
after,weirdo,4,3,24649,62149,1,0,0,0,unavailable
after,weirdo,4,4,24612,62112,1,0,0,0,unavailable
after,weirdo,4,5,24476,61976,1,0,0,0,unavailable
after,weirdo,4,6,24242,61742,1,0,0,0,unavailable
after,weirdo,4,7,24152,61652,1,0,0,0,unavailable
after,weirdo,4,8,30134,67634,1,0,0,0,unavailable
after,weirdo,4,9,9912,47412,1,0,0,0,unavailable
after,weirdo,4,10,9785,47285,1,0,0,0,unavailable
after,weirdo,4,11,9697,47197,1,0,0,0,unavailable
after,weirdo,4,12,8721,46221,1,0,0,0,unavailable
after,weirdo,4,13,8626,46126,1,0,0,0,unavailable
after,weirdo,4,14,8428,45928,1,0,0,0,unavailable
after,weirdo,4,15,8703,46203,1,0,0,0,unavailable
after,weirdo,4,16,8703,46203,1,0,0,0,unavailable
after,weirdo,4,17,6109,43609,1,0,0,0,unavailable
after,weirdo,4,18,5927,43427,1,0,0,0,unavailable
after,weirdo,4,19,5855,43355,1,0,0,0,unavailable
after,weirdo,4,20,5708,43208,1,0,0,0,unavailable
after,weirdo,4,21,5873,43373,1,0,0,0,unavailable
after,weirdo,4,22,5761,43261,1,0,0,0,unavailable
after,weirdo,4,23,5575,43075,1,0,0,0,unavailable
after,weirdo,4,24,5386,42886,1,0,0,0,unavailable
after,weirdo,4,25,826,38326,1,0,0,0,unavailable
after,weirdo,4,26,774,38274,1,0,0,0,unavailable
after,weirdo,4,27,636,38136,1,0,0,0,unavailable
after,weirdo,4,28,544,38044,1,0,0,0,unavailable
after,weirdo,4,29,75219,112719,1,0,0,0,unavailable
after,weirdo,4,30,73852,111352,1,0,0,0,unavailable
after,weirdo,4,31,73795,111295,1,0,0,0,unavailable
after,weirdo,4,32,13663,51163,1,0,0,0,unavailable
after,weirdo,4,33,13649,51149,1,0,0,0,unavailable
after,weirdo,4,34,9295,46795,1,0,0,0,unavailable
after,weirdo,4,35,9139,46639,1,0,0,0,unavailable
before,weirdo,5,1,24973,62473,1,0,0,0,unavailable
before,weirdo,5,2,22035,59535,1,0,0,0,unavailable
before,weirdo,5,3,21899,59399,1,0,0,0,unavailable
before,weirdo,5,4,21858,59358,1,0,0,0,unavailable
before,weirdo,5,5,21717,59217,1,0,0,0,unavailable
before,weirdo,5,6,21685,59185,1,0,0,0,unavailable
before,weirdo,5,7,21591,59091,1,0,0,0,unavailable
before,weirdo,5,8,21450,58950,1,0,0,0,unavailable
before,weirdo,5,9,21310,58810,1,0,0,0,unavailable
before,weirdo,5,10,21269,58769,1,0,0,0,unavailable
before,weirdo,5,11,21209,58709,1,0,0,0,unavailable
before,weirdo,5,12,20789,58289,1,0,0,0,unavailable
before,weirdo,5,13,20644,58144,1,0,0,0,unavailable
before,weirdo,5,14,20542,58042,1,0,0,0,unavailable
before,weirdo,5,15,20782,58282,1,0,0,0,unavailable
before,weirdo,5,16,20597,58097,1,0,0,0,unavailable
before,weirdo,5,17,20597,58097,1,0,0,0,unavailable
before,weirdo,5,18,20450,57950,1,0,0,0,unavailable
before,weirdo,5,19,20016,57516,1,0,0,0,unavailable
before,weirdo,5,20,19956,57456,1,0,0,0,unavailable
before,weirdo,5,21,19800,57300,1,0,0,0,unavailable
before,weirdo,5,22,19602,57102,1,0,0,0,unavailable
before,weirdo,5,23,16522,54022,1,0,0,0,unavailable
before,weirdo,5,24,16317,53817,1,0,0,0,unavailable
before,weirdo,5,25,16532,54032,1,0,0,0,unavailable
before,weirdo,5,26,15102,52602,1,0,0,0,unavailable
before,weirdo,5,27,15021,52521,1,0,0,0,unavailable
before,weirdo,5,28,14885,52385,1,0,0,0,unavailable
before,weirdo,5,29,114693,152193,1,0,0,0,unavailable
before,weirdo,5,30,114643,152143,1,0,0,0,unavailable
before,weirdo,5,31,114476,151976,1,0,0,0,unavailable
before,weirdo,5,32,114476,151976,1,0,0,0,unavailable
before,weirdo,5,33,114438,151938,1,0,0,0,unavailable
before,weirdo,5,34,114397,151897,1,0,0,0,unavailable
before,weirdo,5,35,114254,151754,1,0,0,0,unavailable
after,weirdo,5,1,24973,62473,1,0,0,0,unavailable
after,weirdo,5,2,24759,62259,1,0,0,0,unavailable
after,weirdo,5,3,24563,62063,1,0,0,0,unavailable
after,weirdo,5,4,24545,62045,1,0,0,0,unavailable
after,weirdo,5,5,20575,58075,1,0,0,0,unavailable
after,weirdo,5,6,20294,57794,1,0,0,0,unavailable
after,weirdo,5,7,19334,56834,1,0,0,0,unavailable
after,weirdo,5,8,19129,56629,1,0,0,0,unavailable
after,weirdo,5,9,18997,56497,1,0,0,0,unavailable
after,weirdo,5,10,18819,56319,1,0,0,0,unavailable
after,weirdo,5,11,18784,56284,1,0,0,0,unavailable
after,weirdo,5,12,18784,56284,1,0,0,0,unavailable
after,weirdo,5,13,18761,56261,1,0,0,0,unavailable
after,weirdo,5,14,18962,56462,1,0,0,0,unavailable
after,weirdo,5,15,18862,56362,1,0,0,0,unavailable
after,weirdo,5,16,18830,56330,1,0,0,0,unavailable
after,weirdo,5,17,18734,56234,1,0,0,0,unavailable
after,weirdo,5,18,18682,56182,1,0,0,0,unavailable
after,weirdo,5,19,18484,55984,1,0,0,0,unavailable
after,weirdo,5,20,18364,55864,1,0,0,0,unavailable
after,weirdo,5,21,18290,55790,1,0,0,0,unavailable
after,weirdo,5,22,18152,55652,1,0,0,0,unavailable
after,weirdo,5,23,18000,55500,1,0,0,0,unavailable
after,weirdo,5,24,17842,55342,1,0,0,0,unavailable
after,weirdo,5,25,17693,55193,1,0,0,0,unavailable
after,weirdo,5,26,17567,55067,1,0,0,0,unavailable
after,weirdo,5,27,17474,54974,1,0,0,0,unavailable
after,weirdo,5,28,17373,54873,1,0,0,0,unavailable
after,weirdo,5,29,57285,94785,1,0,0,0,unavailable
after,weirdo,5,30,56655,94155,1,0,0,0,unavailable
after,weirdo,5,31,56617,94117,1,0,0,0,unavailable
after,weirdo,5,32,56565,94065,1,0,0,0,unavailable
after,weirdo,5,33,56533,94033,1,0,0,0,unavailable
after,weirdo,5,34,56345,93845,1,0,0,0,unavailable
after,weirdo,5,35,31221,68721,1,0,0,0,unavailable
before,weirdo,6,1,20715,58215,1,0,0,0,unavailable
before,weirdo,6,2,20629,58129,1,0,0,0,unavailable
before,weirdo,6,3,20491,57991,1,0,0,0,unavailable
before,weirdo,6,4,20453,57953,1,0,0,0,unavailable
before,weirdo,6,5,20273,57773,1,0,0,0,unavailable
before,weirdo,6,6,20078,57578,1,0,0,0,unavailable
before,weirdo,6,7,19866,57366,1,0,0,0,unavailable
before,weirdo,6,8,19797,57297,1,0,0,0,unavailable
before,weirdo,6,9,19601,57101,1,0,0,0,unavailable
before,weirdo,6,10,19469,56969,1,0,0,0,unavailable
before,weirdo,6,11,19332,56832,1,0,0,0,unavailable
before,weirdo,6,12,16207,53707,1,0,0,0,unavailable
before,weirdo,6,13,15967,53467,1,0,0,0,unavailable
before,weirdo,6,14,15898,53398,1,0,0,0,unavailable
before,weirdo,6,15,15760,53260,1,0,0,0,unavailable
before,weirdo,6,16,15616,53116,1,0,0,0,unavailable
before,weirdo,6,17,15616,53116,1,0,0,0,unavailable
before,weirdo,6,18,15510,53010,1,0,0,0,unavailable
before,weirdo,6,19,15381,52881,1,0,0,0,unavailable
before,weirdo,6,20,15249,52749,1,0,0,0,unavailable
before,weirdo,6,21,15187,52687,1,0,0,0,unavailable
before,weirdo,6,22,15173,52673,1,0,0,0,unavailable
before,weirdo,6,23,15015,52515,1,0,0,0,unavailable
before,weirdo,6,24,14979,52479,1,0,0,0,unavailable
before,weirdo,6,25,14787,52287,1,0,0,0,unavailable
before,weirdo,6,26,14773,52273,1,0,0,0,unavailable
before,weirdo,6,27,14566,52066,1,0,0,0,unavailable
before,weirdo,6,28,14430,51930,1,0,0,0,unavailable
before,weirdo,6,29,24288,61788,1,0,0,0,unavailable
before,weirdo,6,30,23294,60794,1,0,0,0,unavailable
before,weirdo,6,31,23294,60794,1,0,0,0,unavailable
before,weirdo,6,32,23122,60622,1,0,0,0,unavailable
before,weirdo,6,33,23070,60570,1,0,0,0,unavailable
before,weirdo,6,34,22956,60456,1,0,0,0,unavailable
before,weirdo,6,35,22924,60424,1,0,0,0,unavailable
after,weirdo,6,1,20715,58215,1,0,0,0,unavailable
after,weirdo,6,2,20637,58137,1,0,0,0,unavailable
after,weirdo,6,3,20499,57999,1,0,0,0,unavailable
after,weirdo,6,4,20415,57915,1,0,0,0,unavailable
after,weirdo,6,5,20235,57735,1,0,0,0,unavailable
after,weirdo,6,6,20065,57565,1,0,0,0,unavailable
after,weirdo,6,7,16973,54473,1,0,0,0,unavailable
after,weirdo,6,8,16781,54281,1,0,0,0,unavailable
after,weirdo,6,9,16634,54134,1,0,0,0,unavailable
after,weirdo,6,10,16590,54090,1,0,0,0,unavailable
after,weirdo,6,11,16576,54076,1,0,0,0,unavailable
after,weirdo,6,12,16418,53918,1,0,0,0,unavailable
after,weirdo,6,13,16418,53918,1,0,0,0,unavailable
after,weirdo,6,14,16290,53790,1,0,0,0,unavailable
after,weirdo,6,15,16252,53752,1,0,0,0,unavailable
after,weirdo,6,16,16104,53604,1,0,0,0,unavailable
after,weirdo,6,17,16288,53788,1,0,0,0,unavailable
after,weirdo,6,18,16241,53741,1,0,0,0,unavailable
after,weirdo,6,19,16101,53601,1,0,0,0,unavailable
after,weirdo,6,20,16087,53587,1,0,0,0,unavailable
after,weirdo,6,21,15898,53398,1,0,0,0,unavailable
after,weirdo,6,22,15768,53268,1,0,0,0,unavailable
after,weirdo,6,23,15748,53248,1,0,0,0,unavailable
after,weirdo,6,24,15642,53142,1,0,0,0,unavailable
after,weirdo,6,25,15550,53050,1,0,0,0,unavailable
after,weirdo,6,26,15494,52994,1,0,0,0,unavailable
after,weirdo,6,27,15356,52856,1,0,0,0,unavailable
after,weirdo,6,28,15222,52722,1,0,0,0,unavailable
after,weirdo,6,29,22602,105102,2,0,0,0,unavailable
after,weirdo,6,30,22528,105028,2,0,0,0,unavailable
after,weirdo,6,31,22429,104929,2,0,0,0,unavailable
after,weirdo,6,32,20613,103113,2,0,0,0,unavailable
after,weirdo,6,33,20355,102855,2,0,0,0,unavailable
after,weirdo,6,34,20207,102707,2,0,0,0,unavailable
after,weirdo,6,35,20175,102675,2,0,0,0,unavailable
before,weirdo,7,1,24968,62468,1,0,0,0,unavailable
before,weirdo,7,2,21138,58638,1,0,0,0,unavailable
before,weirdo,7,3,21328,58828,1,0,0,0,unavailable
before,weirdo,7,4,21211,58711,1,0,0,0,unavailable
before,weirdo,7,5,21120,58620,1,0,0,0,unavailable
before,weirdo,7,6,21068,58568,1,0,0,0,unavailable
before,weirdo,7,7,20958,58458,1,0,0,0,unavailable
before,weirdo,7,8,26778,64278,1,0,0,0,unavailable
before,weirdo,7,9,26712,64212,1,0,0,1,unavailable
before,weirdo,7,10,29536,67036,1,0,0,1,unavailable
before,weirdo,7,11,29290,66790,1,0,0,1,unavailable
before,weirdo,7,12,29050,66550,1,0,0,1,unavailable
before,weirdo,7,13,29050,66550,1,0,0,1,unavailable
before,weirdo,7,14,28842,66342,1,0,0,1,unavailable
before,weirdo,7,15,29080,66580,1,0,0,1,unavailable
before,weirdo,7,16,28877,66377,1,0,0,1,unavailable
before,weirdo,7,17,28843,66343,1,0,0,1,unavailable
before,weirdo,7,18,28717,66217,1,0,0,1,unavailable
before,weirdo,7,19,2727,40227,1,0,0,1,unavailable
before,weirdo,7,20,2629,40129,1,0,0,1,unavailable
before,weirdo,7,21,1089,38589,1,0,0,1,unavailable
before,weirdo,7,22,1013,38513,1,0,0,1,unavailable
before,weirdo,7,23,875,38375,1,0,0,1,unavailable
before,weirdo,7,24,395,37895,1,0,0,1,unavailable
before,weirdo,7,25,155,37655,1,0,0,1,unavailable
before,weirdo,7,26,82,37582,1,0,0,1,unavailable
before,weirdo,7,27,8,37508,1,0,0,1,unavailable
before,weirdo,7,28,8,37508,1,0,0,1,unavailable
before,weirdo,7,29,99899,137399,1,0,0,1,unavailable
before,weirdo,7,30,36481,73981,1,0,0,1,unavailable
before,weirdo,7,31,36481,73981,1,0,0,1,unavailable
before,weirdo,7,32,35443,72943,1,0,0,1,unavailable
before,weirdo,7,33,35222,72722,1,0,0,1,unavailable
before,weirdo,7,34,35112,72612,1,0,0,1,unavailable
before,weirdo,7,35,35018,72518,1,0,0,1,unavailable
after,weirdo,7,1,24968,62468,1,0,0,0,unavailable
after,weirdo,7,2,24683,62183,1,0,0,0,unavailable
after,weirdo,7,3,24443,61943,1,0,0,0,unavailable
after,weirdo,7,4,24289,61789,1,0,0,0,unavailable
after,weirdo,7,5,24272,61772,1,0,0,0,unavailable
after,weirdo,7,6,24146,61646,1,0,0,0,unavailable
after,weirdo,7,7,23154,60654,1,0,0,0,unavailable
after,weirdo,7,8,23337,60837,1,0,0,0,unavailable
after,weirdo,7,9,23231,60731,1,0,0,0,unavailable
after,weirdo,7,10,23111,60611,1,0,0,0,unavailable
after,weirdo,7,11,22997,60497,1,0,0,0,unavailable
after,weirdo,7,12,22997,60497,1,0,0,0,unavailable
after,weirdo,7,13,22977,60477,1,0,0,0,unavailable
after,weirdo,7,14,22852,60352,1,0,0,0,unavailable
after,weirdo,7,15,22724,60224,1,0,0,0,unavailable
after,weirdo,7,16,19304,56804,1,0,0,0,unavailable
after,weirdo,7,17,19018,56518,1,0,0,0,unavailable
after,weirdo,7,18,18826,56326,1,0,0,0,unavailable
after,weirdo,7,19,18734,56234,1,0,0,0,unavailable
after,weirdo,7,20,18520,56020,1,0,0,0,unavailable
after,weirdo,7,21,18434,55934,1,0,0,0,unavailable
after,weirdo,7,22,18300,55800,1,0,0,0,unavailable
after,weirdo,7,23,17842,55342,1,0,0,0,unavailable
after,weirdo,7,24,9952,47452,1,0,0,0,unavailable
after,weirdo,7,25,9936,47436,1,0,0,0,unavailable
after,weirdo,7,26,9696,47196,1,0,0,0,unavailable
after,weirdo,7,27,9564,47064,1,0,0,0,unavailable
after,weirdo,7,28,9283,46783,1,0,0,0,unavailable
after,weirdo,7,29,19137,56637,1,0,0,0,unavailable
after,weirdo,7,30,18648,56148,1,0,0,0,unavailable
after,weirdo,7,31,18612,56112,1,0,0,0,unavailable
after,weirdo,7,32,18536,56036,1,0,0,0,unavailable
after,weirdo,7,33,18536,56036,1,0,0,0,unavailable
after,weirdo,7,34,18536,56036,1,0,0,0,unavailable
after,weirdo,7,35,18504,56004,1,0,0,0,unavailable
before,weirdo,8,1,20777,58277,1,0,0,0,unavailable
before,weirdo,8,2,20759,58259,1,0,0,0,unavailable
before,weirdo,8,3,20679,58179,1,0,0,0,unavailable
before,weirdo,8,4,20421,57921,1,0,0,0,unavailable
before,weirdo,8,5,17287,54787,1,0,0,0,unavailable
before,weirdo,8,6,17177,54677,1,0,0,0,unavailable
before,weirdo,8,7,17121,54621,1,0,0,0,unavailable
before,weirdo,8,8,16994,54494,1,0,0,0,unavailable
before,weirdo,8,9,16810,54310,1,0,0,0,unavailable
before,weirdo,8,10,16692,54192,1,0,0,0,unavailable
before,weirdo,8,11,16953,54453,1,0,0,0,unavailable
before,weirdo,8,12,16939,54439,1,0,0,0,unavailable
before,weirdo,8,13,16939,54439,1,0,0,0,unavailable
before,weirdo,8,14,16892,54392,1,0,0,0,unavailable
before,weirdo,8,15,16696,54196,1,0,0,0,unavailable
before,weirdo,8,16,16516,54016,1,0,0,0,unavailable
before,weirdo,8,17,16258,53758,1,0,0,0,unavailable
before,weirdo,8,18,16109,53609,1,0,0,0,unavailable
before,weirdo,8,19,15989,53489,1,0,0,0,unavailable
before,weirdo,8,20,15885,53385,1,0,0,0,unavailable
before,weirdo,8,21,15847,53347,1,0,0,0,unavailable
before,weirdo,8,22,14015,51515,1,0,0,0,unavailable
before,weirdo,8,23,13775,51275,1,0,0,0,unavailable
before,weirdo,8,24,13637,51137,1,0,0,0,unavailable
before,weirdo,8,25,13517,51017,1,0,0,0,unavailable
before,weirdo,8,26,12479,49979,1,0,0,0,unavailable
before,weirdo,8,27,11381,48881,1,0,0,0,unavailable
before,weirdo,8,28,11241,48741,1,0,0,0,unavailable
before,weirdo,8,29,26001,63501,1,0,0,0,unavailable
before,weirdo,8,30,25806,63306,1,0,0,0,unavailable
before,weirdo,8,31,25743,63243,1,0,0,0,unavailable
before,weirdo,8,32,25623,63123,1,0,0,0,unavailable
before,weirdo,8,33,25448,62948,1,0,0,0,unavailable
before,weirdo,8,34,25381,62881,1,0,0,0,unavailable
before,weirdo,8,35,25381,62881,1,0,0,0,unavailable
after,weirdo,8,1,20777,58277,1,0,0,0,unavailable
after,weirdo,8,2,19307,56807,1,0,0,0,unavailable
after,weirdo,8,3,19208,56708,1,0,0,0,unavailable
after,weirdo,8,4,19185,56685,1,0,0,0,unavailable
after,weirdo,8,5,19111,56611,1,0,0,0,unavailable
after,weirdo,8,6,19079,56579,1,0,0,0,unavailable
after,weirdo,8,7,18932,56432,1,0,0,0,unavailable
after,weirdo,8,8,18904,56404,1,0,0,0,unavailable
after,weirdo,8,9,18756,56256,1,0,0,0,unavailable
after,weirdo,8,10,18633,56133,1,0,0,0,unavailable
after,weirdo,8,11,18619,56119,1,0,0,0,unavailable
after,weirdo,8,12,18619,56119,1,0,0,0,unavailable
after,weirdo,8,13,18496,55996,1,0,0,0,unavailable
after,weirdo,8,14,18460,55960,1,0,0,0,unavailable
after,weirdo,8,15,18320,55820,1,0,0,0,unavailable
after,weirdo,8,16,10502,48002,1,0,0,0,unavailable
after,weirdo,8,17,10382,47882,1,0,0,0,unavailable
after,weirdo,8,18,10519,48019,1,0,0,0,unavailable
after,weirdo,8,19,10432,47932,1,0,0,0,unavailable
after,weirdo,8,20,10757,48257,1,0,0,0,unavailable
after,weirdo,8,21,10637,48137,1,0,0,0,unavailable
after,weirdo,8,22,10581,48081,1,0,0,0,unavailable
after,weirdo,8,23,10433,47933,1,0,0,0,unavailable
after,weirdo,8,24,10253,47753,1,0,0,0,unavailable
after,weirdo,8,25,10230,47730,1,0,0,0,unavailable
after,weirdo,8,26,10078,47578,1,0,0,0,unavailable
after,weirdo,8,27,9958,47458,1,0,0,0,unavailable
after,weirdo,8,28,9861,47361,1,0,0,0,unavailable
after,weirdo,8,29,109811,147311,1,0,0,0,unavailable
after,weirdo,8,30,107959,145459,1,0,0,0,unavailable
after,weirdo,8,31,107959,145459,1,0,0,0,unavailable
after,weirdo,8,32,107901,145401,1,0,0,0,unavailable
after,weirdo,8,33,107881,145381,1,0,0,0,unavailable
after,weirdo,8,34,107715,145215,1,0,0,0,unavailable
after,weirdo,8,35,105010,142510,1,0,0,0,unavailable
before,weirdo,9,1,24964,62464,1,0,0,0,unavailable
before,weirdo,9,2,21254,58754,1,0,0,0,unavailable
before,weirdo,9,3,21109,58609,1,0,0,0,unavailable
before,weirdo,9,4,20908,58408,1,0,0,0,unavailable
before,weirdo,9,5,12965,50465,1,0,0,0,unavailable
before,weirdo,9,6,12455,49955,1,0,0,0,unavailable
before,weirdo,9,7,12257,49757,1,0,0,0,unavailable
before,weirdo,9,8,12098,49598,1,0,0,0,unavailable
before,weirdo,9,9,11998,49498,1,0,0,0,unavailable
before,weirdo,9,10,11904,49404,1,0,0,0,unavailable
before,weirdo,9,11,8818,46318,1,0,0,0,unavailable
before,weirdo,9,12,8670,46170,1,0,0,0,unavailable
before,weirdo,9,13,8536,46036,1,0,0,0,unavailable
before,weirdo,9,14,8743,46243,1,0,0,0,unavailable
before,weirdo,9,15,8667,46167,1,0,0,0,unavailable
before,weirdo,9,16,8667,46167,1,0,0,0,unavailable
before,weirdo,9,17,8582,46082,1,0,0,0,unavailable
before,weirdo,9,18,8394,45894,1,0,0,0,unavailable
before,weirdo,9,19,8214,45714,1,0,0,0,unavailable
before,weirdo,9,20,7665,45165,1,0,0,0,unavailable
before,weirdo,9,21,7425,44925,1,0,0,0,unavailable
before,weirdo,9,22,7343,44843,1,0,0,0,unavailable
before,weirdo,9,23,7544,45044,1,0,0,0,unavailable
before,weirdo,9,24,7511,45011,1,0,0,0,unavailable
before,weirdo,9,25,7417,44917,1,0,0,0,unavailable
before,weirdo,9,26,7245,44745,1,0,0,0,unavailable
before,weirdo,9,27,7156,44656,1,0,0,0,unavailable
before,weirdo,9,28,6946,44446,1,0,0,0,unavailable
before,weirdo,9,29,106845,144345,1,0,0,0,unavailable
before,weirdo,9,30,106619,144119,1,0,0,0,unavailable
before,weirdo,9,31,106496,143996,1,0,0,0,unavailable
before,weirdo,9,32,105584,143084,1,0,0,0,unavailable
before,weirdo,9,33,105584,143084,1,0,0,0,unavailable
before,weirdo,9,34,105437,142937,1,0,0,0,unavailable
before,weirdo,9,35,105247,142747,1,0,0,0,unavailable
after,weirdo,9,1,24964,62464,1,0,0,0,unavailable
after,weirdo,9,2,24790,62290,1,0,0,0,unavailable
after,weirdo,9,3,24573,62073,1,0,0,0,unavailable
after,weirdo,9,4,24469,61969,1,0,0,0,unavailable
after,weirdo,9,5,24244,61744,1,0,0,0,unavailable
after,weirdo,9,6,24010,61510,1,0,0,0,unavailable
after,weirdo,9,7,24111,61611,1,0,0,0,unavailable
after,weirdo,9,8,30021,67521,1,0,0,0,unavailable
after,weirdo,9,9,29769,67269,1,0,0,1,unavailable
after,weirdo,9,10,32660,70160,1,0,0,1,unavailable
after,weirdo,9,11,32382,69882,1,0,0,1,unavailable
after,weirdo,9,12,32238,69738,1,0,0,1,unavailable
after,weirdo,9,13,32238,69738,1,0,0,1,unavailable
after,weirdo,9,14,31930,69430,1,0,0,1,unavailable
after,weirdo,9,15,31816,69316,1,0,0,1,unavailable
after,weirdo,9,16,31655,69155,1,0,0,1,unavailable
after,weirdo,9,17,31646,69146,1,0,0,1,unavailable
after,weirdo,9,18,30550,68050,1,0,0,1,unavailable
after,weirdo,9,19,5422,42922,1,0,0,1,unavailable
after,weirdo,9,20,5334,42834,1,0,0,1,unavailable
after,weirdo,9,21,5184,42684,1,0,0,1,unavailable
after,weirdo,9,22,5156,42656,1,0,0,1,unavailable
after,weirdo,9,23,4992,42492,1,0,0,1,unavailable
after,weirdo,9,24,1960,39460,1,0,0,1,unavailable
after,weirdo,9,25,1768,39268,1,0,0,1,unavailable
after,weirdo,9,26,1588,39088,1,0,0,1,unavailable
after,weirdo,9,27,1396,38896,1,0,0,1,unavailable
after,weirdo,9,28,1204,38704,1,0,0,1,unavailable
after,weirdo,9,29,37364,74864,1,0,0,1,unavailable
after,weirdo,9,30,37251,74751,1,0,0,1,unavailable
after,weirdo,9,31,37137,74637,1,0,0,1,unavailable
after,weirdo,9,32,37017,74517,1,0,0,1,unavailable
after,weirdo,9,33,36975,74475,1,0,0,1,unavailable
after,weirdo,9,34,36975,74475,1,0,0,1,unavailable
after,weirdo,9,35,36820,74320,1,0,0,1,unavailable
before,weirdo,10,1,24977,62477,1,0,0,0,unavailable
before,weirdo,10,2,21823,59323,1,0,0,0,unavailable
before,weirdo,10,3,21662,59162,1,0,0,0,unavailable
before,weirdo,10,4,21641,59141,1,0,0,0,unavailable
before,weirdo,10,5,17505,55005,1,0,0,0,unavailable
before,weirdo,10,6,17271,54771,1,0,0,0,unavailable
before,weirdo,10,7,17153,54653,1,0,0,0,unavailable
before,weirdo,10,8,17133,54633,1,0,0,0,unavailable
before,weirdo,10,9,17089,54589,1,0,0,0,unavailable
before,weirdo,10,10,17055,54555,1,0,0,0,unavailable
before,weirdo,10,11,16718,54218,1,0,0,0,unavailable
before,weirdo,10,12,17043,54543,1,0,0,0,unavailable
before,weirdo,10,13,16967,54467,1,0,0,0,unavailable
before,weirdo,10,14,16811,54311,1,0,0,0,unavailable
before,weirdo,10,15,16353,53853,1,0,0,0,unavailable
before,weirdo,10,16,16353,53853,1,0,0,0,unavailable
before,weirdo,10,17,16330,53830,1,0,0,0,unavailable
before,weirdo,10,18,16278,53778,1,0,0,0,unavailable
before,weirdo,10,19,16158,53658,1,0,0,0,unavailable
before,weirdo,10,20,15948,53448,1,0,0,0,unavailable
before,weirdo,10,21,16234,53734,1,0,0,0,unavailable
before,weirdo,10,22,15752,53252,1,0,0,0,unavailable
before,weirdo,10,23,15220,52720,1,0,0,0,unavailable
before,weirdo,10,24,15063,52563,1,0,0,0,unavailable
before,weirdo,10,25,14929,52429,1,0,0,0,unavailable
before,weirdo,10,26,14491,51991,1,0,0,0,unavailable
before,weirdo,10,27,14464,51964,1,0,0,0,unavailable
before,weirdo,10,28,14275,51775,1,0,0,0,unavailable
before,weirdo,10,29,114100,151600,1,0,0,0,unavailable
before,weirdo,10,30,114029,151529,1,0,0,0,unavailable
before,weirdo,10,31,113977,151477,1,0,0,0,unavailable
before,weirdo,10,32,113761,151261,1,0,0,0,unavailable
before,weirdo,10,33,113761,151261,1,0,0,0,unavailable
before,weirdo,10,34,113702,151202,1,0,0,0,unavailable
before,weirdo,10,35,113595,151095,1,0,0,0,unavailable
after,weirdo,10,1,24977,62477,1,0,0,0,unavailable
after,weirdo,10,2,24423,61923,1,0,0,0,unavailable
after,weirdo,10,3,24262,61762,1,0,0,0,unavailable
after,weirdo,10,4,24124,61624,1,0,0,0,unavailable
after,weirdo,10,5,22190,59690,1,0,0,0,unavailable
after,weirdo,10,6,22042,59542,1,0,0,0,unavailable
after,weirdo,10,7,22019,59519,1,0,0,0,unavailable
after,weirdo,10,8,21772,59272,1,0,0,0,unavailable
after,weirdo,10,9,21696,59196,1,0,0,0,unavailable
after,weirdo,10,10,21658,59158,1,0,0,0,unavailable
after,weirdo,10,11,21546,59046,1,0,0,0,unavailable
after,weirdo,10,12,21467,58967,1,0,0,0,unavailable
after,weirdo,10,13,21322,58822,1,0,0,0,unavailable
after,weirdo,10,14,21228,58728,1,0,0,0,unavailable
after,weirdo,10,15,21087,58587,1,0,0,0,unavailable
after,weirdo,10,16,21087,58587,1,0,0,0,unavailable
after,weirdo,10,17,13251,50751,1,0,0,0,unavailable
after,weirdo,10,18,13173,50673,1,0,0,0,unavailable
after,weirdo,10,19,10153,47653,1,0,0,0,unavailable
after,weirdo,10,20,10008,47508,1,0,0,0,unavailable
after,weirdo,10,21,9922,47422,1,0,0,0,unavailable
after,weirdo,10,22,7364,44864,1,0,0,0,unavailable
after,weirdo,10,23,7219,44719,1,0,0,0,unavailable
after,weirdo,10,24,7207,44707,1,0,0,0,unavailable
after,weirdo,10,25,7002,44502,1,0,0,0,unavailable
after,weirdo,10,26,6766,44266,1,0,0,0,unavailable
after,weirdo,10,27,6594,44094,1,0,0,0,unavailable
after,weirdo,10,28,6504,44004,1,0,0,0,unavailable
after,weirdo,10,29,106366,143866,1,0,0,0,unavailable
after,weirdo,10,30,106328,143828,1,0,0,0,unavailable
after,weirdo,10,31,106199,143699,1,0,0,0,unavailable
after,weirdo,10,32,106181,143681,1,0,0,0,unavailable
after,weirdo,10,33,105506,143006,1,0,0,0,unavailable
after,weirdo,10,34,105506,143006,1,0,0,0,unavailable
after,weirdo,10,35,105348,142848,1,0,0,0,unavailable
before,trap_committed,1,1,21486,99486,0,1,0,0,unavailable
before,trap_committed,1,2,21446,99446,0,1,0,0,unavailable
before,trap_committed,1,3,21326,99326,0,1,0,0,unavailable
before,trap_committed,1,4,21209,99209,0,1,0,0,unavailable
before,trap_committed,1,5,17395,95395,0,1,0,0,unavailable
before,trap_committed,1,6,17343,95343,0,1,0,0,unavailable
before,trap_committed,1,7,17314,95314,0,1,0,0,unavailable
before,trap_committed,1,8,23226,101226,0,1,0,0,unavailable
before,trap_committed,1,9,165,78165,0,1,0,0,unavailable
before,trap_committed,1,10,7422,85422,0,1,0,0,unavailable
before,trap_committed,1,11,7290,85290,0,1,0,0,unavailable
before,trap_committed,1,12,7290,85290,0,1,0,0,unavailable
before,trap_committed,1,13,720,78720,0,1,0,0,unavailable
before,trap_committed,1,14,6997,84997,0,1,0,0,unavailable
before,trap_committed,1,15,7293,85293,0,1,0,0,unavailable
before,trap_committed,1,16,7221,85221,0,1,0,0,unavailable
before,trap_committed,1,17,7543,85543,0,1,0,0,unavailable
before,trap_committed,1,18,17755,95755,0,1,0,0,unavailable
before,trap_committed,1,19,19137,97137,0,1,0,0,unavailable
before,trap_committed,1,20,19360,97360,0,1,0,0,unavailable
before,trap_committed,1,21,19599,97599,0,1,0,0,unavailable
before,trap_committed,1,22,28971,106971,0,1,0,0,unavailable
before,trap_committed,1,23,24499,102499,0,1,0,0,unavailable
before,trap_committed,1,24,24791,102791,0,1,0,0,unavailable
before,trap_committed,1,25,34775,112775,0,1,0,0,unavailable
before,trap_committed,1,26,45075,123075,0,1,0,0,unavailable
before,trap_committed,1,27,50429,128429,0,1,0,0,unavailable
before,trap_committed,1,28,53131,131131,0,1,0,0,unavailable
before,trap_committed,1,29,106711,184711,0,1,1,0,unavailable
before,trap_committed,1,30,116485,194485,0,1,1,0,unavailable
before,trap_committed,1,31,121941,199941,0,1,1,0,unavailable
before,trap_committed,1,32,129291,207291,0,1,1,0,unavailable
before,trap_committed,1,33,136467,214467,0,1,1,0,unavailable
before,trap_committed,1,34,143782,221782,0,1,1,0,unavailable
before,trap_committed,1,35,150974,228974,0,1,1,0,unavailable
before,trap_committed,2,1,21862,99862,0,1,0,0,unavailable
before,trap_committed,2,2,21679,99679,0,1,0,0,unavailable
before,trap_committed,2,3,21603,99603,0,1,0,0,unavailable
before,trap_committed,2,4,21561,99561,0,1,0,0,unavailable
before,trap_committed,2,5,21525,99525,0,1,0,0,unavailable
before,trap_committed,2,6,21394,99394,0,1,0,0,unavailable
before,trap_committed,2,7,21300,99300,0,1,0,0,unavailable
before,trap_committed,2,8,27195,105195,0,1,0,0,unavailable
before,trap_committed,2,9,27156,105156,0,1,0,1,unavailable
before,trap_committed,2,10,27137,105137,0,1,0,1,unavailable
before,trap_committed,2,11,35197,113197,0,1,0,3,unavailable
before,trap_committed,2,12,35197,113197,0,1,0,3,unavailable
before,trap_committed,2,13,35165,113165,0,1,0,4,unavailable
before,trap_committed,2,14,35071,113071,0,1,0,4,unavailable
before,trap_committed,2,15,33106,111106,0,1,0,4,unavailable
before,trap_committed,2,16,33001,111001,0,0,0,5,unavailable
before,trap_committed,2,17,32898,110898,0,0,0,5,unavailable
before,trap_committed,2,18,32898,110898,0,0,0,5,unavailable
before,trap_committed,2,19,34316,112316,0,0,0,5,unavailable
before,trap_committed,2,20,34198,112198,0,0,0,5,unavailable
before,trap_committed,2,21,42626,120626,0,0,0,5,unavailable
before,trap_committed,2,22,51683,129683,0,0,0,5,unavailable
before,trap_committed,2,23,47845,125845,0,0,0,5,unavailable
before,trap_committed,2,24,25479,103479,0,0,1,5,unavailable
before,trap_committed,2,25,32795,110795,0,0,1,5,unavailable
before,trap_committed,2,26,49901,127901,0,0,1,5,unavailable
before,trap_committed,2,27,57422,135422,0,0,1,5,unavailable
before,trap_committed,2,28,67187,145187,0,0,1,5,unavailable
before,trap_committed,2,29,32002,110002,0,0,2,5,unavailable
before,trap_committed,2,30,43057,121057,0,0,2,5,unavailable
before,trap_committed,2,31,71357,149357,0,0,2,5,unavailable
before,trap_committed,2,32,84445,162445,0,0,2,5,unavailable
before,trap_committed,2,33,97678,175678,0,0,2,5,unavailable
before,trap_committed,2,34,110802,188802,0,0,2,5,unavailable
before,trap_committed,2,35,133876,211876,0,0,2,5,unavailable
after,trap_committed,1,1,21906,99906,0,1,0,0,unavailable
after,trap_committed,1,2,20974,98974,0,1,0,0,unavailable
after,trap_committed,1,3,19660,97660,0,1,0,0,unavailable
after,trap_committed,1,4,19519,97519,0,1,0,0,unavailable
after,trap_committed,1,5,19462,97462,0,1,0,0,unavailable
after,trap_committed,1,6,16424,94424,0,1,0,0,unavailable
after,trap_committed,1,7,16371,94371,0,1,0,0,unavailable
after,trap_committed,1,8,22182,100182,0,1,0,0,unavailable
after,trap_committed,1,9,22162,100162,0,1,0,1,unavailable
after,trap_committed,1,10,27563,105563,0,1,0,1,unavailable
after,trap_committed,1,11,39531,117531,0,1,0,3,unavailable
after,trap_committed,1,12,39531,117531,0,1,0,3,unavailable
after,trap_committed,1,13,39809,117809,0,1,0,4,unavailable
after,trap_committed,1,14,39616,117616,0,1,0,4,unavailable
after,trap_committed,1,15,40631,118631,0,1,0,4,unavailable
after,trap_committed,1,16,66011,144011,0,1,0,4,accepted
after,trap_committed,1,17,55355,133355,0,1,0,5,accepted
after,trap_committed,1,18,123955,201955,0,1,0,5,accepted
after,trap_committed,1,19,107997,185997,0,1,1,5,accepted
after,trap_committed,1,20,101397,179397,0,1,1,5,accepted
after,trap_committed,1,21,155645,233645,0,1,1,5,accepted
after,trap_committed,1,22,96875,174875,0,1,2,5,accepted
after,trap_committed,1,23,182790,260790,0,1,2,5,accepted
after,trap_committed,1,24,246358,324358,0,1,2,5,accepted
after,trap_committed,1,25,86649,289649,1,1,2,5,accepted
after,trap_committed,1,26,200689,403689,1,1,2,5,accepted
after,trap_committed,1,27,335913,538913,1,1,2,5,accepted
after,trap_committed,1,28,149639,352639,1,1,3,5,accepted
after,trap_committed,1,29,44213,507213,1,2,3,5,accepted
after,trap_committed,1,30,107463,570463,1,2,3,5,accepted
after,trap_committed,1,31,281225,744225,1,2,3,5,accepted
after,trap_committed,1,32,109345,772345,2,2,3,5,accepted
after,trap_committed,1,33,185693,848693,2,2,3,5,accepted
after,trap_committed,1,34,272693,935693,2,2,3,5,accepted
after,trap_committed,1,35,383261,1046261,2,2,3,5,accepted
before,trap_committed,3,1,21964,99964,0,1,0,0,unavailable
before,trap_committed,3,2,21906,99906,0,1,0,0,unavailable
before,trap_committed,3,3,21871,99871,0,1,0,0,unavailable
before,trap_committed,3,4,21648,99648,0,1,0,0,unavailable
before,trap_committed,3,5,21478,99478,0,1,0,0,unavailable
before,trap_committed,3,6,21355,99355,0,1,0,0,unavailable
before,trap_committed,3,7,21314,99314,0,1,0,0,unavailable
before,trap_committed,3,8,23038,101038,0,1,0,0,unavailable
before,trap_committed,3,9,2941,80941,0,1,0,0,unavailable
before,trap_committed,3,10,2333,80333,0,1,0,0,unavailable
before,trap_committed,3,11,2273,80273,0,1,0,0,unavailable
before,trap_committed,3,12,2219,80219,0,1,0,0,unavailable
before,trap_committed,3,13,2219,80219,0,1,0,0,unavailable
before,trap_committed,3,14,2081,80081,0,1,0,0,unavailable
before,trap_committed,3,15,3058,81058,0,1,0,0,unavailable
before,trap_committed,3,16,3361,81361,0,1,0,0,unavailable
before,trap_committed,3,17,3323,81323,0,1,0,0,unavailable
before,trap_committed,3,18,13218,91218,0,1,0,0,unavailable
before,trap_committed,3,19,13080,91080,0,1,0,0,unavailable
before,trap_committed,3,20,14528,92528,0,1,0,0,unavailable
before,trap_committed,3,21,13540,91540,0,1,0,0,unavailable
before,trap_committed,3,22,22868,100868,0,1,0,0,unavailable
before,trap_committed,3,23,22394,100394,0,1,0,0,unavailable
before,trap_committed,3,24,22586,100586,0,1,0,0,unavailable
before,trap_committed,3,25,32550,110550,0,1,0,0,unavailable
before,trap_committed,3,26,31666,109666,0,1,0,0,unavailable
before,trap_committed,3,27,31605,109605,0,1,0,0,unavailable
before,trap_committed,3,28,31490,109490,0,1,0,0,unavailable
before,trap_committed,3,29,82070,160070,0,1,1,0,unavailable
before,trap_committed,3,30,89383,167383,0,1,1,0,unavailable
before,trap_committed,3,31,96667,174667,0,1,1,0,unavailable
before,trap_committed,3,32,103997,181997,0,1,1,0,unavailable
before,trap_committed,3,33,111347,189347,0,1,1,0,unavailable
before,trap_committed,3,34,118510,196510,0,1,1,0,unavailable
before,trap_committed,3,35,125808,203808,0,1,1,0,unavailable
after,trap_committed,2,1,21862,99862,0,1,0,0,unavailable
after,trap_committed,2,2,21687,99687,0,1,0,0,unavailable
after,trap_committed,2,3,21611,99611,0,1,0,0,unavailable
after,trap_committed,2,4,18579,96579,0,1,0,0,unavailable
after,trap_committed,2,5,18503,96503,0,1,0,0,unavailable
after,trap_committed,2,6,18471,96471,0,1,0,0,unavailable
after,trap_committed,2,7,18377,96377,0,1,0,0,unavailable
after,trap_committed,2,8,24357,102357,0,1,0,0,unavailable
after,trap_committed,2,9,24312,102312,0,1,0,1,unavailable
after,trap_committed,2,10,23080,101080,0,1,0,1,unavailable
after,trap_committed,2,11,35411,113411,0,1,0,3,unavailable
after,trap_committed,2,12,35411,113411,0,1,0,3,unavailable
after,trap_committed,2,13,40428,118428,0,1,0,4,unavailable
after,trap_committed,2,14,40738,118738,0,1,0,4,unavailable
after,trap_committed,2,15,40708,118708,0,1,0,4,unavailable
after,trap_committed,2,16,40610,118610,0,0,0,5,accepted
after,trap_committed,2,17,40387,118387,0,0,0,5,accepted
after,trap_committed,2,18,37367,115367,0,0,0,5,accepted
after,trap_committed,2,19,37618,115618,0,0,0,5,accepted
after,trap_committed,2,20,37943,115943,0,0,0,5,accepted
after,trap_committed,2,21,47415,125415,0,0,0,5,accepted
after,trap_committed,2,22,47377,125377,0,0,0,5,accepted
after,trap_committed,2,23,47315,125315,0,0,0,5,accepted
after,trap_committed,2,24,63838,141838,0,0,1,5,accepted
after,trap_committed,2,25,82306,160306,0,0,1,5,accepted
after,trap_committed,2,26,99864,177864,0,0,1,5,accepted
after,trap_committed,2,27,107194,185194,0,0,1,5,accepted
after,trap_committed,2,28,114844,192844,0,0,1,5,accepted
after,trap_committed,2,29,79562,157562,0,0,2,5,accepted
after,trap_committed,2,30,95584,173584,0,0,2,5,accepted
after,trap_committed,2,31,127879,205879,0,0,2,5,accepted
after,trap_committed,2,32,141074,219074,0,0,2,5,accepted
after,trap_committed,2,33,154209,232209,0,0,2,5,accepted
after,trap_committed,2,34,167480,245480,0,0,2,5,accepted
after,trap_committed,2,35,180713,258713,0,0,2,5,accepted
before,trap_committed,4,1,21964,99964,0,1,0,0,unavailable
before,trap_committed,4,2,18126,96126,0,1,0,0,unavailable
before,trap_committed,4,3,18018,96018,0,1,0,0,unavailable
before,trap_committed,4,4,17907,95907,0,1,0,0,unavailable
before,trap_committed,4,5,17818,95818,0,1,0,0,unavailable
before,trap_committed,4,6,17760,95760,0,1,0,0,unavailable
before,trap_committed,4,7,17631,95631,0,1,0,0,unavailable
before,trap_committed,4,8,23579,101579,0,1,0,0,unavailable
before,trap_committed,4,9,23503,101503,0,1,0,1,unavailable
before,trap_committed,4,10,23467,101467,0,1,0,1,unavailable
before,trap_committed,4,11,32882,110882,0,1,0,3,unavailable
before,trap_committed,4,12,32882,110882,0,1,0,3,unavailable
before,trap_committed,4,13,37637,115637,0,1,0,4,unavailable
before,trap_committed,4,14,37835,115835,0,1,0,4,unavailable
before,trap_committed,4,15,37801,115801,0,1,0,4,unavailable
before,trap_committed,4,16,34725,112725,0,1,0,4,unavailable
before,trap_committed,4,17,36133,114133,0,1,0,5,unavailable
before,trap_committed,4,18,45936,123936,0,1,0,5,unavailable
before,trap_committed,4,19,47296,125296,0,1,0,5,unavailable
before,trap_committed,4,20,44017,122017,0,1,0,5,unavailable
before,trap_committed,4,21,53464,131464,0,1,0,5,unavailable
before,trap_committed,4,22,53674,131674,0,1,0,5,unavailable
before,trap_committed,4,23,53560,131560,0,1,0,5,unavailable
before,trap_committed,4,24,22364,100364,0,1,1,5,unavailable
before,trap_committed,4,25,39323,117323,0,1,1,5,unavailable
before,trap_committed,4,26,46173,124173,0,1,1,5,unavailable
before,trap_committed,4,27,59202,137202,0,1,1,5,unavailable
before,trap_committed,4,28,66432,144432,0,1,1,5,unavailable
before,trap_committed,4,29,148717,226717,0,1,1,5,unavailable
before,trap_committed,4,30,155993,233993,0,1,1,5,unavailable
before,trap_committed,4,31,35543,113543,0,1,2,5,unavailable
before,trap_committed,4,32,48749,126749,0,1,2,5,unavailable
before,trap_committed,4,33,61928,139928,0,1,2,5,unavailable
before,trap_committed,4,34,75090,153090,0,1,2,5,unavailable
before,trap_committed,4,35,97753,175753,0,1,2,5,unavailable
after,trap_committed,3,1,21968,99968,0,1,0,0,unavailable
after,trap_committed,3,2,21912,99912,0,1,0,0,unavailable
after,trap_committed,3,3,21888,99888,0,1,0,0,unavailable
after,trap_committed,3,4,21715,99715,0,1,0,0,unavailable
after,trap_committed,3,5,21595,99595,0,1,0,0,unavailable
after,trap_committed,3,6,18137,96137,0,1,0,0,unavailable
after,trap_committed,3,7,18043,96043,0,1,0,0,unavailable
after,trap_committed,3,8,23881,101881,0,1,0,0,unavailable
after,trap_committed,3,9,3757,81757,0,1,0,0,unavailable
after,trap_committed,3,10,2319,80319,0,1,0,0,unavailable
after,trap_committed,3,11,2287,80287,0,1,0,0,unavailable
after,trap_committed,3,12,2287,80287,0,1,0,0,unavailable
after,trap_committed,3,13,2501,80501,0,1,0,0,unavailable
after,trap_committed,3,14,2772,80772,0,1,0,0,unavailable
after,trap_committed,3,15,2652,80652,0,1,0,0,unavailable
after,trap_committed,3,16,2614,80614,0,1,0,0,unavailable
after,trap_committed,3,17,33607,111607,0,1,0,0,accepted
after,trap_committed,3,18,53527,131527,0,1,0,0,accepted
after,trap_committed,3,19,74239,152239,0,1,0,0,accepted
after,trap_committed,3,20,86165,164165,0,1,1,0,accepted
after,trap_committed,3,21,71525,149525,0,1,1,0,accepted
after,trap_committed,3,22,165929,243929,0,1,1,0,accepted
after,trap_committed,3,23,120890,198890,0,1,2,0,accepted
after,trap_committed,3,24,109811,187811,0,1,2,0,accepted
after,trap_committed,3,25,152573,230573,0,1,2,0,accepted
after,trap_committed,3,26,213059,291059,0,1,2,0,accepted
after,trap_committed,3,27,62307,265307,1,1,2,0,accepted
after,trap_committed,3,28,158891,361891,1,1,2,0,accepted
after,trap_committed,3,29,57561,260561,1,1,3,0,accepted
after,trap_committed,3,30,103468,306468,1,1,3,0,accepted
after,trap_committed,3,31,182118,385118,1,1,3,0,accepted
after,trap_committed,3,32,264064,467064,1,1,3,0,accepted
after,trap_committed,3,33,367970,570970,1,1,3,0,accepted
after,trap_committed,3,34,36201,439201,2,1,3,0,accepted
after,trap_committed,3,35,167773,570773,2,1,3,0,accepted
before,trap_committed,5,1,21961,99961,0,1,0,0,unavailable
before,trap_committed,5,2,21403,99403,0,1,0,0,unavailable
before,trap_committed,5,3,21242,99242,0,1,0,0,unavailable
before,trap_committed,5,4,21219,99219,0,1,0,0,unavailable
before,trap_committed,5,5,21189,99189,0,1,0,0,unavailable
before,trap_committed,5,6,21080,99080,0,1,0,0,unavailable
before,trap_committed,5,7,20971,98971,0,1,0,0,unavailable
before,trap_committed,5,8,26883,104883,0,1,0,0,unavailable
before,trap_committed,5,9,26869,104869,0,1,0,1,unavailable
before,trap_committed,5,10,29768,107768,0,1,0,1,unavailable
before,trap_committed,5,11,41692,119692,0,1,0,3,unavailable
before,trap_committed,5,12,38161,116161,0,1,0,3,unavailable
before,trap_committed,5,13,38041,116041,0,1,0,4,unavailable
before,trap_committed,5,14,44748,122748,0,1,0,4,unavailable
before,trap_committed,5,15,45605,123605,0,1,0,4,unavailable
before,trap_committed,5,16,45605,123605,0,0,0,5,unavailable
before,trap_committed,5,17,45578,123578,0,0,0,5,unavailable
before,trap_committed,5,18,55703,133703,0,0,0,5,unavailable
before,trap_committed,5,19,52649,130649,0,0,0,5,unavailable
before,trap_committed,5,20,54085,132085,0,0,0,5,unavailable
before,trap_committed,5,21,54031,132031,0,0,0,5,unavailable
before,trap_committed,5,22,63419,141419,0,0,0,5,unavailable
before,trap_committed,5,23,62981,140981,0,0,0,5,unavailable
before,trap_committed,5,24,40797,118797,0,0,1,5,unavailable
before,trap_committed,5,25,57802,135802,0,0,1,5,unavailable
before,trap_committed,5,26,75086,153086,0,0,1,5,unavailable
before,trap_committed,5,27,81464,159464,0,0,1,5,unavailable
before,trap_committed,5,28,88274,166274,0,0,1,5,unavailable
before,trap_committed,5,29,61418,139418,0,0,2,5,unavailable
before,trap_committed,5,30,74689,152689,0,0,2,5,unavailable
before,trap_committed,5,31,100395,178395,0,0,2,5,unavailable
before,trap_committed,5,32,113646,191646,0,0,2,5,unavailable
before,trap_committed,5,33,126870,204870,0,0,2,5,unavailable
before,trap_committed,5,34,139736,217736,0,0,2,5,unavailable
before,trap_committed,5,35,152942,230942,0,0,2,5,unavailable
after,trap_committed,4,1,21906,99906,0,1,0,0,unavailable
after,trap_committed,4,2,18068,96068,0,1,0,0,unavailable
after,trap_committed,4,3,17948,95948,0,1,0,0,unavailable
after,trap_committed,4,4,17868,95868,0,1,0,0,unavailable
after,trap_committed,4,5,13434,91434,0,1,0,0,unavailable
after,trap_committed,4,6,12182,90182,0,1,0,0,unavailable
after,trap_committed,4,7,9659,87659,0,1,0,0,unavailable
after,trap_committed,4,8,14198,92198,0,1,0,0,unavailable
after,trap_committed,4,9,14198,92198,0,1,0,1,unavailable
after,trap_committed,4,10,17162,95162,0,1,0,1,unavailable
after,trap_committed,4,11,29354,107354,0,1,0,3,unavailable
after,trap_committed,4,12,29354,107354,0,1,0,3,unavailable
after,trap_committed,4,13,29639,107639,0,1,0,4,unavailable
after,trap_committed,4,14,29483,107483,0,1,0,4,unavailable
after,trap_committed,4,15,30745,108745,0,1,0,4,unavailable
after,trap_committed,4,16,55725,133725,0,1,0,4,accepted
after,trap_committed,4,17,200102,278102,0,1,0,5,accepted
after,trap_committed,4,18,152184,230184,0,1,1,5,accepted
after,trap_committed,4,19,102918,180918,0,1,2,5,accepted
after,trap_committed,4,20,171552,249552,0,1,2,5,accepted
after,trap_committed,4,21,164897,242897,0,1,2,5,accepted
after,trap_committed,4,22,234821,312821,0,1,2,5,accepted
after,trap_committed,4,23,47894,250894,1,1,2,5,accepted
after,trap_committed,4,24,108980,311980,1,1,2,5,accepted
after,trap_committed,4,25,160420,363420,1,1,2,5,accepted
after,trap_committed,4,26,218412,421412,1,1,2,5,accepted
after,trap_committed,4,27,161186,364186,1,1,2,5,accepted
after,trap_committed,4,28,305970,508970,1,1,2,5,accepted
after,trap_committed,4,29,170399,373399,1,1,3,5,accepted
after,trap_committed,4,30,225554,428554,1,1,3,5,accepted
after,trap_committed,4,31,87754,550754,1,2,3,5,accepted
after,trap_committed,4,32,202571,665571,1,2,3,5,accepted
after,trap_committed,4,33,280348,743348,1,2,3,5,accepted
after,trap_committed,4,34,333445,796445,1,2,3,5,accepted
after,trap_committed,4,35,104445,767445,2,2,3,5,accepted
before,trap_committed,6,1,21915,99915,0,1,0,0,unavailable
before,trap_committed,6,2,21879,99879,0,1,0,0,unavailable
before,trap_committed,6,3,21859,99859,0,1,0,0,unavailable
before,trap_committed,6,4,21765,99765,0,1,0,0,unavailable
before,trap_committed,6,5,21653,99653,0,1,0,0,unavailable
before,trap_committed,6,6,21601,99601,0,1,0,0,unavailable
before,trap_committed,6,7,21469,99469,0,1,0,0,unavailable
before,trap_committed,6,8,27355,105355,0,1,0,0,unavailable
before,trap_committed,6,9,27267,105267,0,1,0,1,unavailable
before,trap_committed,6,10,30215,108215,0,1,0,1,unavailable
before,trap_committed,6,11,42451,120451,0,1,0,3,unavailable
before,trap_committed,6,12,42451,120451,0,1,0,3,unavailable
before,trap_committed,6,13,38410,116410,0,1,0,4,unavailable
before,trap_committed,6,14,38378,116378,0,1,0,4,unavailable
before,trap_committed,6,15,38250,116250,0,1,0,4,unavailable
before,trap_committed,6,16,34836,112836,0,0,0,5,unavailable
before,trap_committed,6,17,34622,112622,0,0,0,5,unavailable
before,trap_committed,6,18,34604,112604,0,0,0,5,unavailable
before,trap_committed,6,19,35908,113908,0,0,0,5,unavailable
before,trap_committed,6,20,35285,113285,0,0,0,5,unavailable
before,trap_committed,6,21,44916,122916,0,0,0,5,unavailable
before,trap_committed,6,22,28059,106059,0,0,0,5,unavailable
before,trap_committed,6,23,27995,105995,0,0,0,5,unavailable
before,trap_committed,6,24,42901,120901,0,0,0,5,unavailable
before,trap_committed,6,25,52485,130485,0,0,0,5,unavailable
before,trap_committed,6,26,52739,130739,0,0,0,5,unavailable
before,trap_committed,6,27,52932,130932,0,0,0,5,unavailable
before,trap_committed,6,28,54959,132959,0,0,0,5,unavailable
before,trap_committed,6,29,116717,194717,0,0,1,5,unavailable
before,trap_committed,6,30,126482,204482,0,0,1,5,unavailable
before,trap_committed,6,31,148599,226599,0,0,1,5,unavailable
before,trap_committed,6,32,156255,234255,0,0,1,5,unavailable
before,trap_committed,6,33,20662,98662,0,0,2,5,unavailable
before,trap_committed,6,34,42099,120099,0,0,2,5,unavailable
before,trap_committed,6,35,55399,133399,0,0,2,5,unavailable
after,trap_committed,5,1,21961,99961,0,1,0,0,unavailable
after,trap_committed,5,2,21795,99795,0,1,0,0,unavailable
after,trap_committed,5,3,21719,99719,0,1,0,0,unavailable
after,trap_committed,5,4,21581,99581,0,1,0,0,unavailable
after,trap_committed,5,5,16511,94511,0,1,0,0,unavailable
after,trap_committed,5,6,16350,94350,0,1,0,0,unavailable
after,trap_committed,5,7,16314,94314,0,1,0,0,unavailable
after,trap_committed,5,8,22238,100238,0,1,0,0,unavailable
after,trap_committed,5,9,1378,79378,0,1,0,0,unavailable
after,trap_committed,5,10,1284,79284,0,1,0,0,unavailable
after,trap_committed,5,11,46,78046,0,1,0,0,unavailable
after,trap_committed,5,12,46,78046,0,1,0,0,unavailable
after,trap_committed,5,13,32,78032,0,1,0,0,unavailable
after,trap_committed,5,14,5,78005,0,1,0,0,unavailable
after,trap_committed,5,15,1245,79245,0,1,0,0,unavailable
after,trap_committed,5,16,23140,101140,0,1,0,0,accepted
after,trap_committed,5,17,53095,131095,0,1,0,0,accepted
after,trap_committed,5,18,40657,118657,0,1,0,0,accepted
after,trap_committed,5,19,126687,204687,0,1,0,0,accepted
after,trap_committed,5,20,76344,154344,0,1,1,0,accepted
after,trap_committed,5,21,154338,232338,0,1,1,0,accepted
after,trap_committed,5,22,194995,272995,0,1,2,0,accepted
after,trap_committed,5,23,58812,261812,1,1,2,0,accepted
after,trap_committed,5,24,91963,294963,1,1,2,0,accepted
after,trap_committed,5,25,195460,398460,1,1,2,0,accepted
after,trap_committed,5,26,172875,375875,1,1,2,0,accepted
after,trap_committed,5,27,245482,448482,1,1,2,0,accepted
after,trap_committed,5,28,246473,449473,1,1,2,0,accepted
after,trap_committed,5,29,123748,326748,1,1,3,0,accepted
after,trap_committed,5,30,202337,405337,1,1,3,0,accepted
after,trap_committed,5,31,60573,523573,1,2,3,0,accepted
after,trap_committed,5,32,153113,616113,1,2,3,0,accepted
after,trap_committed,5,33,235713,698713,1,2,3,0,accepted
after,trap_committed,5,34,276573,739573,1,2,3,0,accepted
after,trap_committed,5,35,417217,880217,1,2,3,0,accepted
before,trap_committed,7,1,21871,99871,0,1,0,0,unavailable
before,trap_committed,7,2,21709,99709,0,1,0,0,unavailable
before,trap_committed,7,3,21617,99617,0,1,0,0,unavailable
before,trap_committed,7,4,21520,99520,0,1,0,0,unavailable
before,trap_committed,7,5,21444,99444,0,1,0,0,unavailable
before,trap_committed,7,6,21402,99402,0,1,0,0,unavailable
before,trap_committed,7,7,21308,99308,0,1,0,0,unavailable
before,trap_committed,7,8,27562,105562,0,1,0,0,unavailable
before,trap_committed,7,9,22886,100886,0,1,0,1,unavailable
before,trap_committed,7,10,30063,108063,0,1,0,1,unavailable
before,trap_committed,7,11,38598,116598,0,1,0,3,unavailable
before,trap_committed,7,12,38598,116598,0,1,0,3,unavailable
before,trap_committed,7,13,38582,116582,0,1,0,4,unavailable
before,trap_committed,7,14,38833,116833,0,1,0,4,unavailable
before,trap_committed,7,15,39726,117726,0,1,0,4,unavailable
before,trap_committed,7,16,47296,125296,0,1,0,4,unavailable
before,trap_committed,7,17,47184,125184,0,1,0,5,unavailable
before,trap_committed,7,18,47108,125108,0,1,0,5,unavailable
before,trap_committed,7,19,48763,126763,0,1,0,5,unavailable
before,trap_committed,7,20,48634,126634,0,1,0,5,unavailable
before,trap_committed,7,21,44758,122758,0,1,0,5,unavailable
before,trap_committed,7,22,54131,132131,0,1,0,5,unavailable
before,trap_committed,7,23,54013,132013,0,1,0,5,unavailable
before,trap_committed,7,24,22911,100911,0,1,1,5,unavailable
before,trap_committed,7,25,39390,117390,0,1,1,5,unavailable
before,trap_committed,7,26,42700,120700,0,1,1,5,unavailable
before,trap_committed,7,27,55710,133710,0,1,1,5,unavailable
before,trap_committed,7,28,63060,141060,0,1,1,5,unavailable
before,trap_committed,7,29,36147,114147,0,1,2,5,unavailable
before,trap_committed,7,30,51864,129864,0,1,2,5,unavailable
before,trap_committed,7,31,80045,158045,0,1,2,5,unavailable
before,trap_committed,7,32,93102,171102,0,1,2,5,unavailable
before,trap_committed,7,33,115285,193285,0,1,2,5,unavailable
before,trap_committed,7,34,128585,206585,0,1,2,5,unavailable
before,trap_committed,7,35,138733,216733,0,1,2,5,unavailable
after,trap_committed,6,1,21915,99915,0,1,0,0,unavailable
after,trap_committed,6,2,21797,99797,0,1,0,0,unavailable
after,trap_committed,6,3,21751,99751,0,1,0,0,unavailable
after,trap_committed,6,4,21713,99713,0,1,0,0,unavailable
after,trap_committed,6,5,21452,99452,0,1,0,0,unavailable
after,trap_committed,6,6,21394,99394,0,1,0,0,unavailable
after,trap_committed,6,7,21365,99365,0,1,0,0,unavailable
after,trap_committed,6,8,27245,105245,0,1,0,0,unavailable
after,trap_committed,6,9,7125,85125,0,1,0,0,unavailable
after,trap_committed,6,10,7107,85107,0,1,0,0,unavailable
after,trap_committed,6,11,15563,93563,0,1,0,0,unavailable
after,trap_committed,6,12,15563,93563,0,1,0,0,unavailable
after,trap_committed,6,13,15415,93415,0,1,0,0,unavailable
after,trap_committed,6,14,21963,99963,0,1,0,0,unavailable
after,trap_committed,6,15,23224,101224,0,1,0,0,unavailable
after,trap_committed,6,16,45748,123748,0,1,0,0,accepted
after,trap_committed,6,17,91816,169816,0,1,0,0,accepted
after,trap_committed,6,18,62451,140451,0,1,1,0,accepted
after,trap_committed,6,19,120346,198346,0,1,1,0,accepted
after,trap_committed,6,20,119011,197011,0,1,1,0,accepted
after,trap_committed,6,21,182292,260292,0,1,1,0,accepted
after,trap_committed,6,22,105181,183181,0,1,2,0,accepted
after,trap_committed,6,23,110029,188029,0,1,2,0,accepted
after,trap_committed,6,24,103734,181734,0,1,2,0,accepted
after,trap_committed,6,25,206314,284314,0,1,2,0,accepted
after,trap_committed,6,26,20859,223859,1,1,2,0,accepted
after,trap_committed,6,27,174148,377148,1,1,2,0,accepted
after,trap_committed,6,28,206175,409175,1,1,2,0,accepted
after,trap_committed,6,29,110532,313532,1,1,3,0,accepted
after,trap_committed,6,30,172482,375482,1,1,3,0,accepted
after,trap_committed,6,31,267521,470521,1,1,3,0,accepted
after,trap_committed,6,32,123021,586021,1,2,3,0,accepted
after,trap_committed,6,33,167441,630441,1,2,3,0,accepted
after,trap_committed,6,34,266911,729911,1,2,3,0,accepted
after,trap_committed,6,35,405591,868591,1,2,3,0,accepted
before,trap_committed,8,1,21906,99906,0,1,0,0,unavailable
before,trap_committed,8,2,20068,98068,0,1,0,0,unavailable
before,trap_committed,8,3,20018,98018,0,1,0,0,unavailable
before,trap_committed,8,4,19910,97910,0,1,0,0,unavailable
before,trap_committed,8,5,15678,93678,0,1,0,0,unavailable
before,trap_committed,8,6,15517,93517,0,1,0,0,unavailable
before,trap_committed,8,7,15412,93412,0,1,0,0,unavailable
before,trap_committed,8,8,19992,97992,0,1,0,0,unavailable
before,trap_committed,8,9,17372,95372,0,1,0,1,unavailable
before,trap_committed,8,10,24511,102511,0,1,0,1,unavailable
before,trap_committed,8,11,36473,114473,0,1,0,3,unavailable
before,trap_committed,8,12,41876,119876,0,1,0,3,unavailable
before,trap_committed,8,13,41777,119777,0,1,0,4,unavailable
before,trap_committed,8,14,41777,119777,0,1,0,4,unavailable
before,trap_committed,8,15,41683,119683,0,1,0,4,unavailable
before,trap_committed,8,16,41589,119589,0,0,0,5,unavailable
before,trap_committed,8,17,38162,116162,0,0,0,5,unavailable
before,trap_committed,8,18,38457,116457,0,0,0,5,unavailable
before,trap_committed,8,19,38755,116755,0,0,0,5,unavailable
before,trap_committed,8,20,38995,116995,0,0,0,5,unavailable
before,trap_committed,8,21,39296,117296,0,0,0,5,unavailable
before,trap_committed,8,22,38297,116297,0,0,0,5,unavailable
before,trap_committed,8,23,38239,116239,0,0,0,5,unavailable
before,trap_committed,8,24,62698,140698,0,0,0,5,unavailable
before,trap_committed,8,25,62675,140675,0,0,0,5,unavailable
before,trap_committed,8,26,63004,141004,0,0,0,5,unavailable
before,trap_committed,8,27,59366,137366,0,0,0,5,unavailable
before,trap_committed,8,28,62014,140014,0,0,0,5,unavailable
before,trap_committed,8,29,115596,193596,0,0,1,5,unavailable
before,trap_committed,8,30,125675,203675,0,0,1,5,unavailable
before,trap_committed,8,31,147549,225549,0,0,1,5,unavailable
before,trap_committed,8,32,156892,234892,0,0,1,5,unavailable
before,trap_committed,8,33,21316,99316,0,0,2,5,unavailable
before,trap_committed,8,34,34616,112616,0,0,2,5,unavailable
before,trap_committed,8,35,47878,125878,0,0,2,5,unavailable
after,trap_committed,7,1,21871,99871,0,1,0,0,unavailable
after,trap_committed,7,2,21793,99793,0,1,0,0,unavailable
after,trap_committed,7,3,21779,99779,0,1,0,0,unavailable
after,trap_committed,7,4,21655,99655,0,1,0,0,unavailable
after,trap_committed,7,5,21639,99639,0,1,0,0,unavailable
after,trap_committed,7,6,21528,99528,0,1,0,0,unavailable
after,trap_committed,7,7,21503,99503,0,1,0,0,unavailable
after,trap_committed,7,8,23289,101289,0,1,0,0,unavailable
after,trap_committed,7,9,1475,79475,0,1,0,0,unavailable
after,trap_committed,7,10,1452,79452,0,1,0,0,unavailable
after,trap_committed,7,11,1653,79653,0,1,0,0,unavailable
after,trap_committed,7,12,1653,79653,0,1,0,0,unavailable
after,trap_committed,7,13,1904,79904,0,1,0,0,unavailable
after,trap_committed,7,14,1830,79830,0,1,0,0,unavailable
after,trap_committed,7,15,2776,80776,0,1,0,0,unavailable
after,trap_committed,7,16,27347,105347,0,1,0,0,accepted
after,trap_committed,7,17,88442,166442,0,1,0,0,accepted
after,trap_committed,7,18,89822,167822,0,1,1,0,accepted
after,trap_committed,7,19,51710,129710,0,1,1,0,accepted
after,trap_committed,7,20,140138,218138,0,1,1,0,accepted
after,trap_committed,7,21,184653,262653,0,1,1,0,accepted
after,trap_committed,7,22,112871,190871,0,1,2,0,accepted
after,trap_committed,7,23,173333,251333,0,1,2,0,accepted
after,trap_committed,7,24,221943,299943,0,1,2,0,accepted
after,trap_committed,7,25,58310,261310,1,1,2,0,accepted
after,trap_committed,7,26,108440,311440,1,1,2,0,accepted
after,trap_committed,7,27,170802,373802,1,1,2,0,accepted
after,trap_committed,7,28,235864,438864,1,1,2,0,accepted
after,trap_committed,7,29,89794,292794,1,1,3,0,accepted
after,trap_committed,7,30,116624,319624,1,1,3,0,accepted
after,trap_committed,7,31,258572,461572,1,1,3,0,accepted
after,trap_committed,7,32,112252,575252,1,2,3,0,accepted
after,trap_committed,7,33,178352,641352,1,2,3,0,accepted
after,trap_committed,7,34,320067,783067,1,2,3,0,accepted
after,trap_committed,7,35,73067,736067,2,2,3,0,accepted
before,trap_committed,9,1,19071,97071,0,1,0,0,unavailable
before,trap_committed,9,2,18957,96957,0,1,0,0,unavailable
before,trap_committed,9,3,18852,96852,0,1,0,0,unavailable
before,trap_committed,9,4,14349,92349,0,1,0,0,unavailable
before,trap_committed,9,5,14191,92191,0,1,0,0,unavailable
before,trap_committed,9,6,14133,92133,0,1,0,0,unavailable
before,trap_committed,9,7,14017,92017,0,1,0,0,unavailable
before,trap_committed,9,8,20003,98003,0,1,0,0,unavailable
before,trap_committed,9,9,3,78003,0,1,0,0,unavailable
before,trap_committed,9,10,3,78003,0,1,0,0,unavailable
before,trap_committed,9,11,234,78234,0,1,0,0,unavailable
before,trap_committed,9,12,128,78128,0,1,0,0,unavailable
before,trap_committed,9,13,43,78043,0,1,0,0,unavailable
before,trap_committed,9,14,6218,84218,0,1,0,0,unavailable
before,trap_committed,9,15,6463,84463,0,1,0,0,unavailable
before,trap_committed,9,16,3434,81434,0,1,0,0,unavailable
before,trap_committed,9,17,3414,81414,0,1,0,0,unavailable
before,trap_committed,9,18,3414,81414,0,1,0,0,unavailable
before,trap_committed,9,19,3307,81307,0,1,0,0,unavailable
before,trap_committed,9,20,2767,80767,0,1,0,0,unavailable
before,trap_committed,9,21,12397,90397,0,1,0,0,unavailable
before,trap_committed,9,22,12303,90303,0,1,0,0,unavailable
before,trap_committed,9,23,12209,90209,0,1,0,0,unavailable
before,trap_committed,9,24,12209,90209,0,1,0,0,unavailable
before,trap_committed,9,25,11771,89771,0,1,0,0,unavailable
before,trap_committed,9,26,21711,99711,0,1,0,0,unavailable
before,trap_committed,9,27,21998,99998,0,1,0,0,unavailable
before,trap_committed,9,28,22310,100310,0,1,0,0,unavailable
before,trap_committed,9,29,75872,153872,0,1,1,0,unavailable
before,trap_committed,9,30,83116,161116,0,1,1,0,unavailable
before,trap_committed,9,31,90466,168466,0,1,1,0,unavailable
before,trap_committed,9,32,97632,175632,0,1,1,0,unavailable
before,trap_committed,9,33,104881,182881,0,1,1,0,unavailable
before,trap_committed,9,34,112189,190189,0,1,1,0,unavailable
before,trap_committed,9,35,119770,197770,0,1,1,0,unavailable
after,trap_committed,8,1,21906,99906,0,1,0,0,unavailable
after,trap_committed,8,2,21840,99840,0,1,0,0,unavailable
after,trap_committed,8,3,21720,99720,0,1,0,0,unavailable
after,trap_committed,8,4,21549,99549,0,1,0,0,unavailable
after,trap_committed,8,5,21501,99501,0,1,0,0,unavailable
after,trap_committed,8,6,21483,99483,0,1,0,0,unavailable
after,trap_committed,8,7,21341,99341,0,1,0,0,unavailable
after,trap_committed,8,8,27265,105265,0,1,0,0,unavailable
after,trap_committed,8,9,22929,100929,0,1,0,1,unavailable
after,trap_committed,8,10,30105,108105,0,1,0,1,unavailable
after,trap_committed,8,11,41934,119934,0,1,0,3,unavailable
after,trap_committed,8,12,41934,119934,0,1,0,3,unavailable
after,trap_committed,8,13,42104,120104,0,1,0,4,unavailable
after,trap_committed,8,14,42334,120334,0,1,0,4,unavailable
after,trap_committed,8,15,42276,120276,0,1,0,4,unavailable
after,trap_committed,8,16,64271,142271,0,1,0,4,accepted
after,trap_committed,8,17,80324,158324,0,1,1,5,accepted
after,trap_committed,8,18,103000,181000,0,1,1,5,accepted
after,trap_committed,8,19,145981,223981,0,1,1,5,accepted
after,trap_committed,8,20,183951,261951,0,1,1,5,accepted
after,trap_committed,8,21,111868,189868,0,1,2,5,accepted
after,trap_committed,8,22,105801,183801,0,1,2,5,accepted
after,trap_committed,8,23,232735,310735,0,1,2,5,accepted
after,trap_committed,8,24,69761,272761,1,1,2,5,accepted
after,trap_committed,8,25,148261,351261,1,1,2,5,accepted
after,trap_committed,8,26,228895,431895,1,1,2,5,accepted
after,trap_committed,8,27,352468,555468,1,1,2,5,accepted
after,trap_committed,8,28,145715,348715,1,1,3,5,accepted
after,trap_committed,8,29,267065,470065,1,1,3,5,accepted
after,trap_committed,8,30,69217,532217,1,2,3,5,accepted
after,trap_committed,8,31,160299,623299,1,2,3,5,accepted
after,trap_committed,8,32,267575,730575,1,2,3,5,accepted
after,trap_committed,8,33,362675,825675,1,2,3,5,accepted
after,trap_committed,8,34,406110,869110,1,2,3,5,accepted
after,trap_committed,8,35,144758,807758,2,2,3,5,accepted
before,trap_committed,10,1,18964,96964,0,1,0,0,unavailable
before,trap_committed,10,2,18806,96806,0,1,0,0,unavailable
before,trap_committed,10,3,18788,96788,0,1,0,0,unavailable
before,trap_committed,10,4,18750,96750,0,1,0,0,unavailable
before,trap_committed,10,5,18545,96545,0,1,0,0,unavailable
before,trap_committed,10,6,18384,96384,0,1,0,0,unavailable
before,trap_committed,10,7,18355,96355,0,1,0,0,unavailable
before,trap_committed,10,8,24355,102355,0,1,0,0,unavailable
before,trap_committed,10,9,4246,82246,0,1,0,0,unavailable
before,trap_committed,10,10,4126,82126,0,1,0,0,unavailable
before,trap_committed,10,11,4014,82014,0,1,0,0,unavailable
before,trap_committed,10,12,4014,82014,0,1,0,0,unavailable
before,trap_committed,10,13,3094,81094,0,1,0,0,unavailable
before,trap_committed,10,14,3000,81000,0,1,0,0,unavailable
before,trap_committed,10,15,2962,80962,0,1,0,0,unavailable
before,trap_committed,10,16,3173,81173,0,1,0,0,unavailable
before,trap_committed,10,17,4302,82302,0,1,0,0,unavailable
before,trap_committed,10,18,4252,82252,0,1,0,0,unavailable
before,trap_committed,10,19,4541,82541,0,1,0,0,unavailable
before,trap_committed,10,20,5709,83709,0,1,0,0,unavailable
before,trap_committed,10,21,15024,93024,0,1,0,0,unavailable
before,trap_committed,10,22,24058,102058,0,1,0,0,unavailable
before,trap_committed,10,23,20320,98320,0,1,0,0,unavailable
before,trap_committed,10,24,20288,98288,0,1,0,0,unavailable
before,trap_committed,10,25,29877,107877,0,1,0,0,unavailable
before,trap_committed,10,26,39831,117831,0,1,0,0,unavailable
before,trap_committed,10,27,45113,123113,0,1,0,0,unavailable
before,trap_committed,10,28,37313,115313,0,1,0,0,unavailable
before,trap_committed,10,29,91200,169200,0,1,1,0,unavailable
before,trap_committed,10,30,98371,176371,0,1,1,0,unavailable
before,trap_committed,10,31,105721,183721,0,1,1,0,unavailable
before,trap_committed,10,32,113035,191035,0,1,1,0,unavailable
before,trap_committed,10,33,120321,198321,0,1,1,0,unavailable
before,trap_committed,10,34,125733,203733,0,1,1,0,unavailable
before,trap_committed,10,35,132989,210989,0,1,1,0,unavailable
after,trap_committed,9,1,19071,97071,0,1,0,0,unavailable
after,trap_committed,9,2,18977,96977,0,1,0,0,unavailable
after,trap_committed,9,3,18868,96868,0,1,0,0,unavailable
after,trap_committed,9,4,10859,88859,0,1,0,0,unavailable
after,trap_committed,9,5,10278,88278,0,1,0,0,unavailable
after,trap_committed,9,6,10237,88237,0,1,0,0,unavailable
after,trap_committed,9,7,10152,88152,0,1,0,0,unavailable
after,trap_committed,9,8,15132,93132,0,1,0,0,unavailable
after,trap_committed,9,9,15351,93351,0,1,0,1,unavailable
after,trap_committed,9,10,18283,96283,0,1,0,1,unavailable
after,trap_committed,9,11,30154,108154,0,1,0,3,unavailable
after,trap_committed,9,12,30154,108154,0,1,0,3,unavailable
after,trap_committed,9,13,35162,113162,0,1,0,4,unavailable
after,trap_committed,9,14,35046,113046,0,1,0,4,unavailable
after,trap_committed,9,15,36367,114367,0,1,0,4,unavailable
after,trap_committed,9,16,68446,146446,0,1,0,4,accepted
after,trap_committed,9,17,84272,162272,0,1,1,5,accepted
after,trap_committed,9,18,143188,221188,0,1,1,5,accepted
after,trap_committed,9,19,53726,131726,0,1,1,5,accepted
after,trap_committed,9,20,122154,200154,0,1,1,5,accepted
after,trap_committed,9,21,86245,164245,0,1,1,5,accepted
after,trap_committed,9,22,180581,258581,0,1,1,5,accepted
after,trap_committed,9,23,186693,264693,0,1,2,5,accepted
after,trap_committed,9,24,244761,322761,0,1,2,5,accepted
after,trap_committed,9,25,90500,293500,1,1,2,5,accepted
after,trap_committed,9,26,168924,371924,1,1,2,5,accepted
after,trap_committed,9,27,279604,482604,1,1,2,5,accepted
after,trap_committed,9,28,30651,233651,1,1,3,5,accepted
after,trap_committed,9,29,154574,357574,1,1,3,5,accepted
after,trap_committed,9,30,146810,349810,1,1,3,5,accepted
after,trap_committed,9,31,193377,396377,1,1,3,5,accepted
after,trap_committed,9,32,324291,527291,1,1,3,5,accepted
after,trap_committed,9,33,141191,604191,1,2,3,5,accepted
after,trap_committed,9,34,228668,691668,1,2,3,5,accepted
after,trap_committed,9,35,311607,774607,1,2,3,5,accepted
before,trap_careful,1,1,21982,99982,0,1,0,0,unavailable
before,trap_careful,1,2,21916,99916,0,1,0,0,unavailable
before,trap_careful,1,3,21916,99916,0,1,0,0,unavailable
before,trap_careful,1,4,21881,99881,0,1,0,0,unavailable
before,trap_careful,1,5,14074,92074,0,1,0,0,unavailable
before,trap_careful,1,6,13616,91616,0,1,0,0,unavailable
before,trap_careful,1,7,12287,90287,0,1,0,0,unavailable
before,trap_careful,1,8,17729,95729,0,1,0,0,unavailable
before,trap_careful,1,9,13497,91497,0,1,0,1,unavailable
before,trap_careful,1,10,13429,91429,0,1,0,1,unavailable
before,trap_careful,1,11,25379,103379,0,1,0,3,unavailable
before,trap_careful,1,12,25379,103379,0,1,0,3,unavailable
before,trap_careful,1,13,25221,103221,0,1,0,4,unavailable
before,trap_careful,1,14,25150,103150,0,1,0,4,unavailable
before,trap_careful,1,15,24932,102932,0,1,0,4,unavailable
before,trap_careful,1,16,25233,103233,0,1,0,4,unavailable
before,trap_careful,1,17,25508,103508,0,1,0,5,unavailable
before,trap_careful,1,18,25028,103028,0,1,0,5,unavailable
before,trap_careful,1,19,24581,102581,0,1,0,5,unavailable
before,trap_careful,1,20,23933,101933,0,1,0,5,unavailable
before,trap_careful,1,21,33446,111446,0,1,0,5,unavailable
before,trap_careful,1,22,42867,120867,0,1,0,5,unavailable
before,trap_careful,1,23,42809,120809,0,1,0,5,unavailable
before,trap_careful,1,24,66108,144108,0,1,0,5,unavailable
before,trap_careful,1,25,66088,144088,0,1,0,5,unavailable
before,trap_careful,1,26,75919,153919,0,1,0,5,unavailable
before,trap_careful,1,27,75675,153675,0,1,0,5,unavailable
before,trap_careful,1,28,73851,151851,0,1,0,5,unavailable
before,trap_careful,1,29,102366,180366,0,1,1,5,unavailable
before,trap_careful,1,30,84587,162587,0,1,1,5,unavailable
before,trap_careful,1,31,81905,159905,0,1,1,5,unavailable
before,trap_careful,1,32,64241,142241,0,1,1,5,unavailable
before,trap_careful,1,33,71591,149591,0,1,1,5,unavailable
before,trap_careful,1,34,76265,154265,0,1,1,5,unavailable
before,trap_careful,1,35,83554,161554,0,1,1,5,unavailable
after,trap_committed,10,1,18964,96964,0,1,0,0,unavailable
after,trap_committed,10,2,18896,96896,0,1,0,0,unavailable
after,trap_committed,10,3,18776,96776,0,1,0,0,unavailable
after,trap_committed,10,4,14498,92498,0,1,0,0,unavailable
after,trap_committed,10,5,14413,92413,0,1,0,0,unavailable
after,trap_committed,10,6,14295,92295,0,1,0,0,unavailable
after,trap_committed,10,7,14191,92191,0,1,0,0,unavailable
after,trap_committed,10,8,20062,98062,0,1,0,0,unavailable
after,trap_committed,10,9,48,78048,0,1,0,0,unavailable
after,trap_committed,10,10,7202,85202,0,1,0,0,unavailable
after,trap_committed,10,11,7132,85132,0,1,0,0,unavailable
after,trap_committed,10,12,7132,85132,0,1,0,0,unavailable
after,trap_committed,10,13,7072,85072,0,1,0,0,unavailable
after,trap_committed,10,14,13694,91694,0,1,0,0,unavailable
after,trap_committed,10,15,13656,91656,0,1,0,0,unavailable
after,trap_committed,10,16,13476,91476,0,1,0,0,accepted
after,trap_committed,10,17,52085,130085,0,1,0,0,accepted
after,trap_committed,10,18,76488,154488,0,1,0,0,accepted
after,trap_committed,10,19,95948,173948,0,1,1,0,accepted
after,trap_committed,10,20,72975,150975,0,1,1,0,accepted
after,trap_committed,10,21,103905,181905,0,1,1,0,accepted
after,trap_committed,10,22,73515,151515,0,1,1,0,accepted
after,trap_committed,10,23,126192,204192,0,1,1,0,accepted
after,trap_committed,10,24,80805,158805,0,1,1,0,accepted
after,trap_committed,10,25,144099,222099,0,1,1,0,accepted
after,trap_committed,10,26,62293,140293,0,1,2,0,accepted
after,trap_committed,10,27,77951,155951,0,1,2,0,accepted
after,trap_committed,10,28,161499,239499,0,1,2,0,accepted
after,trap_committed,10,29,71679,274679,1,1,2,0,accepted
after,trap_committed,10,30,130471,333471,1,1,2,0,accepted
after,trap_committed,10,31,220768,423768,1,1,2,0,accepted
after,trap_committed,10,32,296392,499392,1,1,2,0,accepted
after,trap_committed,10,33,37092,240092,1,1,3,0,accepted
after,trap_committed,10,34,114675,317675,1,1,3,0,accepted
after,trap_committed,10,35,206737,409737,1,1,3,0,accepted
before,trap_careful,2,1,21971,99971,0,1,0,0,unavailable
before,trap_careful,2,2,20913,98913,0,1,0,0,unavailable
before,trap_careful,2,3,20913,98913,0,1,0,0,unavailable
before,trap_careful,2,4,20874,98874,0,1,0,0,unavailable
before,trap_careful,2,5,20842,98842,0,1,0,0,unavailable
before,trap_careful,2,6,20824,98824,0,1,0,0,unavailable
before,trap_careful,2,7,19975,97975,0,1,0,0,unavailable
before,trap_careful,2,8,25868,103868,0,1,0,0,unavailable
before,trap_careful,2,9,21191,99191,0,1,0,1,unavailable
before,trap_careful,2,10,24159,102159,0,1,0,1,unavailable
before,trap_careful,2,11,36396,114396,0,1,0,3,unavailable
before,trap_careful,2,12,36396,114396,0,1,0,3,unavailable
before,trap_careful,2,13,36236,114236,0,1,0,4,unavailable
before,trap_careful,2,14,35242,113242,0,1,0,4,unavailable
before,trap_careful,2,15,35110,113110,0,1,0,4,unavailable
before,trap_careful,2,16,31498,109498,0,0,0,5,unavailable
before,trap_careful,2,17,31629,109629,0,0,0,5,unavailable
before,trap_careful,2,18,31473,109473,0,0,0,5,unavailable
before,trap_careful,2,19,31387,109387,0,0,0,5,unavailable
before,trap_careful,2,20,31364,109364,0,0,0,5,unavailable
before,trap_careful,2,21,31344,109344,0,0,0,5,unavailable
before,trap_careful,2,22,31666,109666,0,0,0,5,unavailable
before,trap_careful,2,23,31552,109552,0,0,0,5,unavailable
before,trap_careful,2,24,46414,124414,0,0,0,5,unavailable
before,trap_careful,2,25,45859,123859,0,0,0,5,unavailable
before,trap_careful,2,26,46124,124124,0,0,0,5,unavailable
before,trap_careful,2,27,46419,124419,0,0,0,5,unavailable
before,trap_careful,2,28,45058,123058,0,0,0,5,unavailable
before,trap_careful,2,29,71744,149744,0,0,1,5,unavailable
before,trap_careful,2,30,78972,156972,0,0,1,5,unavailable
before,trap_careful,2,31,76128,154128,0,0,1,5,unavailable
before,trap_careful,2,32,83478,161478,0,0,1,5,unavailable
before,trap_careful,2,33,65676,143676,0,0,1,5,unavailable
before,trap_careful,2,34,72989,150989,0,0,1,5,unavailable
before,trap_careful,2,35,80201,158201,0,0,1,5,unavailable
after,trap_careful,1,1,21982,99982,0,1,0,0,unavailable
after,trap_careful,1,2,21824,99824,0,1,0,0,unavailable
after,trap_careful,1,3,21824,99824,0,1,0,0,unavailable
after,trap_careful,1,4,21743,99743,0,1,0,0,unavailable
after,trap_careful,1,5,18988,96988,0,1,0,0,unavailable
after,trap_careful,1,6,15170,93170,0,1,0,0,unavailable
after,trap_careful,1,7,10741,88741,0,1,0,0,unavailable
after,trap_careful,1,8,16647,94647,0,1,0,0,unavailable
after,trap_careful,1,9,16611,94611,0,1,0,1,unavailable
after,trap_careful,1,10,16573,94573,0,1,0,1,unavailable
after,trap_careful,1,11,28488,106488,0,1,0,3,unavailable
after,trap_careful,1,12,28488,106488,0,1,0,3,unavailable
after,trap_careful,1,13,27250,105250,0,1,0,4,unavailable
after,trap_careful,1,14,27180,105180,0,1,0,4,unavailable
after,trap_careful,1,15,27125,105125,0,1,0,4,unavailable
after,trap_careful,1,16,58110,136110,0,1,0,4,accepted
after,trap_careful,1,17,62609,140609,0,1,0,5,accepted
after,trap_careful,1,18,60751,138751,0,1,0,5,accepted
after,trap_careful,1,19,68241,146241,0,1,0,5,accepted
after,trap_careful,1,20,99227,177227,0,1,0,5,accepted
after,trap_careful,1,21,98968,176968,0,1,0,5,accepted
after,trap_careful,1,22,97492,175492,0,1,0,5,accepted
after,trap_careful,1,23,63868,141868,0,1,0,5,accepted
after,trap_careful,1,24,75782,153782,0,1,0,5,accepted
after,trap_careful,1,25,108075,186075,0,1,0,5,accepted
after,trap_careful,1,26,85527,163527,0,1,1,5,accepted
after,trap_careful,1,27,66984,144984,0,1,1,5,accepted
after,trap_careful,1,28,98330,176330,0,1,1,5,accepted
after,trap_careful,1,29,80673,158673,0,1,2,5,accepted
after,trap_careful,1,30,119917,197917,0,1,2,5,accepted
after,trap_careful,1,31,190152,268152,0,1,2,5,accepted
after,trap_careful,1,32,223392,301392,0,1,2,5,accepted
after,trap_careful,1,33,294692,372692,0,1,2,5,accepted
after,trap_careful,1,34,87854,290854,1,1,2,5,accepted
after,trap_careful,1,35,142925,345925,1,1,2,5,accepted
after,trap_careful,2,1,21955,99955,0,1,0,0,unavailable
after,trap_careful,2,2,18417,96417,0,1,0,0,unavailable
after,trap_careful,2,3,18342,96342,0,1,0,0,unavailable
after,trap_careful,2,4,18179,96179,0,1,0,0,unavailable
after,trap_careful,2,5,14358,92358,0,1,0,0,unavailable
after,trap_careful,2,6,14340,92340,0,1,0,0,unavailable
after,trap_careful,2,7,14331,92331,0,1,0,0,unavailable
after,trap_careful,2,8,20331,98331,0,1,0,0,unavailable
after,trap_careful,2,9,311,78311,0,1,0,0,unavailable
after,trap_careful,2,10,153,78153,0,1,0,0,unavailable
after,trap_careful,2,11,15,78015,0,1,0,0,unavailable
after,trap_careful,2,12,15,78015,0,1,0,0,unavailable
after,trap_careful,2,13,4755,82755,0,1,0,0,unavailable
after,trap_careful,2,14,4968,82968,0,1,0,0,unavailable
after,trap_careful,2,15,5231,83231,0,1,0,0,unavailable
after,trap_careful,2,16,27825,105825,0,1,0,0,accepted
after,trap_careful,2,17,79338,157338,0,1,0,0,accepted
after,trap_careful,2,18,48200,126200,0,1,0,0,accepted
after,trap_careful,2,19,84024,162024,0,1,0,0,accepted
after,trap_careful,2,20,39346,117346,0,1,0,0,accepted
after,trap_careful,2,21,66682,144682,0,1,0,0,accepted
after,trap_careful,2,22,65626,143626,0,1,0,0,accepted
after,trap_careful,2,23,69696,147696,0,1,0,0,accepted
after,trap_careful,2,24,72004,150004,0,1,0,0,accepted
after,trap_careful,2,25,78354,156354,0,1,0,0,accepted
after,trap_careful,2,26,76631,154631,0,1,0,0,accepted
after,trap_careful,2,27,84681,162681,0,1,0,0,accepted
after,trap_careful,2,28,89968,167968,0,1,0,0,accepted
after,trap_careful,2,29,158991,236991,0,1,1,0,accepted
after,trap_careful,2,30,193583,271583,0,1,1,0,accepted
after,trap_careful,2,31,72104,150104,0,1,1,0,accepted
after,trap_careful,2,32,78454,156454,0,1,1,0,accepted
after,trap_careful,2,33,111190,189190,0,1,1,0,accepted
after,trap_careful,2,34,117402,195402,0,1,1,0,accepted
after,trap_careful,2,35,167332,245332,0,1,1,0,accepted
before,trap_careful,3,1,21982,99982,0,1,0,0,unavailable
before,trap_careful,3,2,21890,99890,0,1,0,0,unavailable
before,trap_careful,3,3,21890,99890,0,1,0,0,unavailable
before,trap_careful,3,4,21749,99749,0,1,0,0,unavailable
before,trap_careful,3,5,21717,99717,0,1,0,0,unavailable
before,trap_careful,3,6,21679,99679,0,1,0,0,unavailable
before,trap_careful,3,7,21647,99647,0,1,0,0,unavailable
before,trap_careful,3,8,23971,101971,0,1,0,0,unavailable
before,trap_careful,3,9,23835,101835,0,1,0,1,unavailable
before,trap_careful,3,10,26749,104749,0,1,0,1,unavailable
before,trap_careful,3,11,30820,108820,0,1,0,3,unavailable
before,trap_careful,3,12,30820,108820,0,1,0,3,unavailable
before,trap_careful,3,13,30806,108806,0,1,0,4,unavailable
before,trap_careful,3,14,30739,108739,0,1,0,4,unavailable
before,trap_careful,3,15,30716,108716,0,1,0,4,unavailable
before,trap_careful,3,16,30682,108682,0,1,0,4,unavailable
before,trap_careful,3,17,27357,105357,0,1,0,5,unavailable
before,trap_careful,3,18,37079,115079,0,1,0,5,unavailable
before,trap_careful,3,19,36994,114994,0,1,0,5,unavailable
before,trap_careful,3,20,36893,114893,0,1,0,5,unavailable
before,trap_careful,3,21,45619,123619,0,1,0,5,unavailable
before,trap_careful,3,22,45035,123035,0,1,0,5,unavailable
before,trap_careful,3,23,43157,121157,0,1,0,5,unavailable
before,trap_careful,3,24,58081,136081,0,1,0,5,unavailable
before,trap_careful,3,25,56245,134245,0,1,0,5,unavailable
before,trap_careful,3,26,56113,134113,0,1,0,5,unavailable
before,trap_careful,3,27,61821,139821,0,1,0,5,unavailable
before,trap_careful,3,28,64057,142057,0,1,0,5,unavailable
before,trap_careful,3,29,100868,178868,0,1,1,5,unavailable
before,trap_careful,3,30,83020,161020,0,1,1,5,unavailable
before,trap_careful,3,31,80232,158232,0,1,1,5,unavailable
before,trap_careful,3,32,62568,140568,0,1,1,5,unavailable
before,trap_careful,3,33,69918,147918,0,1,1,5,unavailable
before,trap_careful,3,34,77101,155101,0,1,1,5,unavailable
before,trap_careful,3,35,82633,160633,0,1,1,5,unavailable
before,trap_careful,4,1,21915,99915,0,1,0,0,unavailable
before,trap_careful,4,2,21777,99777,0,1,0,0,unavailable
before,trap_careful,4,3,21665,99665,0,1,0,0,unavailable
before,trap_careful,4,4,21584,99584,0,1,0,0,unavailable
before,trap_careful,4,5,17984,95984,0,1,0,0,unavailable
before,trap_careful,4,6,17930,95930,0,1,0,0,unavailable
before,trap_careful,4,7,17921,95921,0,1,0,0,unavailable
before,trap_careful,4,8,23921,101921,0,1,0,0,unavailable
before,trap_careful,4,9,23003,101003,0,1,0,1,unavailable
before,trap_careful,4,10,25917,103917,0,1,0,1,unavailable
before,trap_careful,4,11,33689,111689,0,1,0,3,unavailable
before,trap_careful,4,12,33689,111689,0,1,0,3,unavailable
before,trap_careful,4,13,33637,111637,0,1,0,4,unavailable
before,trap_careful,4,14,39934,117934,0,1,0,4,unavailable
before,trap_careful,4,15,39878,117878,0,1,0,4,unavailable
before,trap_careful,4,16,40140,118140,0,1,0,4,unavailable
before,trap_careful,4,17,41201,119201,0,1,0,5,unavailable
before,trap_careful,4,18,41149,119149,0,1,0,5,unavailable
before,trap_careful,4,19,41126,119126,0,1,0,5,unavailable
before,trap_careful,4,20,41430,119430,0,1,0,5,unavailable
before,trap_careful,4,21,40959,118959,0,1,0,5,unavailable
before,trap_careful,4,22,50034,128034,0,1,0,5,unavailable
before,trap_careful,4,23,49958,127958,0,1,0,5,unavailable
before,trap_careful,4,24,64873,142873,0,1,0,5,unavailable
before,trap_careful,4,25,64859,142859,0,1,0,5,unavailable
before,trap_careful,4,26,64821,142821,0,1,0,5,unavailable
before,trap_careful,4,27,70117,148117,0,1,0,5,unavailable
before,trap_careful,4,28,72488,150488,0,1,0,5,unavailable
before,trap_careful,4,29,97451,175451,0,1,1,5,unavailable
before,trap_careful,4,30,78472,156472,0,1,1,5,unavailable
before,trap_careful,4,31,75384,153384,0,1,1,5,unavailable
before,trap_careful,4,32,82734,160734,0,1,1,5,unavailable
before,trap_careful,4,33,65052,143052,0,1,1,5,unavailable
before,trap_careful,4,34,72343,150343,0,1,1,5,unavailable
before,trap_careful,4,35,79661,157661,0,1,1,5,unavailable
after,trap_careful,3,1,21982,99982,0,1,0,0,unavailable
after,trap_careful,3,2,21868,99868,0,1,0,0,unavailable
after,trap_careful,3,3,21663,99663,0,1,0,0,unavailable
after,trap_careful,3,4,21575,99575,0,1,0,0,unavailable
after,trap_careful,3,5,21543,99543,0,1,0,0,unavailable
after,trap_careful,3,6,21445,99445,0,1,0,0,unavailable
after,trap_careful,3,7,21351,99351,0,1,0,0,unavailable
after,trap_careful,3,8,27351,105351,0,1,0,0,unavailable
after,trap_careful,3,9,27205,105205,0,1,0,1,unavailable
after,trap_careful,3,10,27111,105111,0,1,0,1,unavailable
after,trap_careful,3,11,39025,117025,0,1,0,3,unavailable
after,trap_careful,3,12,39025,117025,0,1,0,3,unavailable
after,trap_careful,3,13,38920,116920,0,1,0,4,unavailable
after,trap_careful,3,14,38806,116806,0,1,0,4,unavailable
after,trap_careful,3,15,38758,116758,0,1,0,4,unavailable
after,trap_careful,3,16,37294,115294,0,0,0,5,unavailable
after,trap_careful,3,17,38420,116420,0,0,0,5,unavailable
after,trap_careful,3,18,37944,115944,0,0,0,5,unavailable
after,trap_careful,3,19,38232,116232,0,0,0,5,unavailable
after,trap_careful,3,20,38196,116196,0,0,0,5,unavailable
after,trap_careful,3,21,38488,116488,0,0,0,5,unavailable
after,trap_careful,3,22,46665,124665,0,0,0,5,unavailable
after,trap_careful,3,23,46628,124628,0,0,0,5,unavailable
after,trap_careful,3,24,61903,139903,0,0,0,5,unavailable
after,trap_careful,3,25,61812,139812,0,0,0,5,unavailable
after,trap_careful,3,26,71610,149610,0,0,0,5,unavailable
after,trap_careful,3,27,71454,149454,0,0,0,5,unavailable
after,trap_careful,3,28,71682,149682,0,0,0,5,unavailable
after,trap_careful,3,29,99552,177552,0,0,1,5,unavailable
after,trap_careful,3,30,81788,159788,0,0,1,5,unavailable
after,trap_careful,3,31,79113,157113,0,0,1,5,unavailable
after,trap_careful,3,32,61463,139463,0,0,1,5,unavailable
after,trap_careful,3,33,68799,146799,0,0,1,5,unavailable
after,trap_careful,3,34,76091,154091,0,0,1,5,unavailable
after,trap_careful,3,35,68233,146233,0,0,1,5,unavailable
before,trap_careful,5,1,21927,99927,0,1,0,0,unavailable
before,trap_careful,5,2,21871,99871,0,1,0,0,unavailable
before,trap_careful,5,3,21741,99741,0,1,0,0,unavailable
before,trap_careful,5,4,21600,99600,0,1,0,0,unavailable
before,trap_careful,5,5,20300,98300,0,1,0,0,unavailable
before,trap_careful,5,6,20251,98251,0,1,0,0,unavailable
before,trap_careful,5,7,20233,98233,0,1,0,0,unavailable
before,trap_careful,5,8,26233,104233,0,1,0,0,unavailable
before,trap_careful,5,9,26113,104113,0,1,0,1,unavailable
before,trap_careful,5,10,28975,106975,0,1,0,1,unavailable
before,trap_careful,5,11,39990,117990,0,1,0,3,unavailable
before,trap_careful,5,12,39990,117990,0,1,0,3,unavailable
before,trap_careful,5,13,39970,117970,0,1,0,4,unavailable
before,trap_careful,5,14,46294,124294,0,1,0,4,unavailable
before,trap_careful,5,15,47252,125252,0,1,0,4,unavailable
before,trap_careful,5,16,47119,125119,0,1,0,4,unavailable
before,trap_careful,5,17,48130,126130,0,1,0,5,unavailable
before,trap_careful,5,18,48076,126076,0,1,0,5,unavailable
before,trap_careful,5,19,48301,126301,0,1,0,5,unavailable
before,trap_careful,5,20,46434,124434,0,1,0,5,unavailable
before,trap_careful,5,21,46682,124682,0,1,0,5,unavailable
before,trap_careful,5,22,42840,120840,0,1,0,5,unavailable
before,trap_careful,5,23,42796,120796,0,1,0,5,unavailable
before,trap_careful,5,24,58044,136044,0,1,0,5,unavailable
before,trap_careful,5,25,58384,136384,0,1,0,5,unavailable
before,trap_careful,5,26,58242,136242,0,1,0,5,unavailable
before,trap_careful,5,27,58545,136545,0,1,0,5,unavailable
before,trap_careful,5,28,61270,139270,0,1,0,5,unavailable
before,trap_careful,5,29,93885,171885,0,1,1,5,unavailable
before,trap_careful,5,30,76201,154201,0,1,1,5,unavailable
before,trap_careful,5,31,73519,151519,0,1,1,5,unavailable
before,trap_careful,5,32,80773,158773,0,1,1,5,unavailable
before,trap_careful,5,33,63004,141004,0,1,1,5,unavailable
before,trap_careful,5,34,70225,148225,0,1,1,5,unavailable
before,trap_careful,5,35,77575,155575,0,1,1,5,unavailable
after,trap_careful,4,1,21915,99915,0,1,0,0,unavailable
after,trap_careful,4,2,21715,99715,0,1,0,0,unavailable
after,trap_careful,4,3,21715,99715,0,1,0,0,unavailable
after,trap_careful,4,4,21683,99683,0,1,0,0,unavailable
after,trap_careful,4,5,19463,97463,0,1,0,0,unavailable
after,trap_careful,4,6,19369,97369,0,1,0,0,unavailable
after,trap_careful,4,7,19360,97360,0,1,0,0,unavailable
after,trap_careful,4,8,25360,103360,0,1,0,0,unavailable
after,trap_careful,4,9,25271,103271,0,1,0,1,unavailable
after,trap_careful,4,10,35454,113454,0,1,0,1,unavailable
after,trap_careful,4,11,47735,125735,0,1,0,3,unavailable
after,trap_careful,4,12,47735,125735,0,1,0,3,unavailable
after,trap_careful,4,13,43397,121397,0,1,0,4,unavailable
after,trap_careful,4,14,50007,128007,0,1,0,4,unavailable
after,trap_careful,4,15,50252,128252,0,1,0,4,unavailable
after,trap_careful,4,16,50123,128123,0,0,0,5,accepted
after,trap_careful,4,17,49497,127497,0,0,0,5,accepted
after,trap_careful,4,18,49411,127411,0,0,0,5,accepted
after,trap_careful,4,19,50983,128983,0,0,0,5,accepted
after,trap_careful,4,20,51291,129291,0,0,0,5,accepted
after,trap_careful,4,21,60934,138934,0,0,0,5,accepted
after,trap_careful,4,22,59093,137093,0,0,0,5,accepted
after,trap_careful,4,23,58154,136154,0,0,0,5,accepted
after,trap_careful,4,24,43730,121730,0,0,0,5,accepted
after,trap_careful,4,25,62216,140216,0,0,0,5,accepted
after,trap_careful,4,26,65744,143744,0,0,0,5,accepted
after,trap_careful,4,27,63924,141924,0,0,0,5,accepted
after,trap_careful,4,28,63753,141753,0,0,0,5,accepted
after,trap_careful,4,29,92271,170271,0,0,1,5,accepted
after,trap_careful,4,30,74146,152146,0,0,1,5,accepted
after,trap_careful,4,31,71496,149496,0,0,1,5,accepted
after,trap_careful,4,32,78707,156707,0,0,1,5,accepted
after,trap_careful,4,33,60932,138932,0,0,1,5,accepted
after,trap_careful,4,34,68068,146068,0,0,1,5,accepted
after,trap_careful,4,35,75409,153409,0,0,1,5,accepted
after,trap_careful,5,1,21958,99958,0,1,0,0,unavailable
after,trap_careful,5,2,21800,99800,0,1,0,0,unavailable
after,trap_careful,5,3,21655,99655,0,1,0,0,unavailable
after,trap_careful,5,4,21567,99567,0,1,0,0,unavailable
after,trap_careful,5,5,21508,99508,0,1,0,0,unavailable
after,trap_careful,5,6,21470,99470,0,1,0,0,unavailable
after,trap_careful,5,7,21401,99401,0,1,0,0,unavailable
after,trap_careful,5,8,23801,101801,0,1,0,0,unavailable
after,trap_careful,5,9,23727,101727,0,1,0,1,unavailable
after,trap_careful,5,10,23709,101709,0,1,0,1,unavailable
after,trap_careful,5,11,35689,113689,0,1,0,3,unavailable
after,trap_careful,5,12,35689,113689,0,1,0,3,unavailable
after,trap_careful,5,13,35131,113131,0,1,0,4,unavailable
after,trap_careful,5,14,35654,113654,0,1,0,4,unavailable
after,trap_careful,5,15,35625,113625,0,1,0,4,unavailable
after,trap_careful,5,16,32605,110605,0,0,0,5,accepted
after,trap_careful,5,17,32582,110582,0,0,0,5,accepted
after,trap_careful,5,18,42397,120397,0,0,0,5,accepted
after,trap_careful,5,19,41977,119977,0,0,0,5,accepted
after,trap_careful,5,20,42607,120607,0,0,0,5,accepted
after,trap_careful,5,21,42935,120935,0,0,0,5,accepted
after,trap_careful,5,22,43198,121198,0,0,0,5,accepted
after,trap_careful,5,23,43060,121060,0,0,0,5,accepted
after,trap_careful,5,24,51626,129626,0,0,0,5,accepted
after,trap_careful,5,25,20021,98021,0,0,0,5,accepted
after,trap_careful,5,26,50518,128518,0,0,0,5,accepted
after,trap_careful,5,27,46079,124079,0,0,0,5,accepted
after,trap_careful,5,28,45561,123561,0,0,0,5,accepted
after,trap_careful,5,29,74138,152138,0,0,1,5,accepted
after,trap_careful,5,30,81374,159374,0,0,1,5,accepted
after,trap_careful,5,31,78686,156686,0,0,1,5,accepted
after,trap_careful,5,32,60916,138916,0,0,1,5,accepted
after,trap_careful,5,33,68234,146234,0,0,1,5,accepted
after,trap_careful,5,34,75464,153464,0,0,1,5,accepted
after,trap_careful,5,35,82782,160782,0,0,1,5,accepted
before,trap_careful,6,1,17771,95771,0,1,0,0,unavailable
before,trap_careful,6,2,17739,95739,0,1,0,0,unavailable
before,trap_careful,6,3,17578,95578,0,1,0,0,unavailable
before,trap_careful,6,4,17146,95146,0,1,0,0,unavailable
before,trap_careful,6,5,14246,92246,0,1,0,0,unavailable
before,trap_careful,6,6,14148,92148,0,1,0,0,unavailable
before,trap_careful,6,7,14130,92130,0,1,0,0,unavailable
before,trap_careful,6,8,20072,98072,0,1,0,0,unavailable
before,trap_careful,6,9,20002,98002,0,1,0,1,unavailable
before,trap_careful,6,10,22944,100944,0,1,0,1,unavailable
before,trap_careful,6,11,34795,112795,0,1,0,3,unavailable
before,trap_careful,6,12,34795,112795,0,1,0,3,unavailable
before,trap_careful,6,13,34766,112766,0,1,0,4,unavailable
before,trap_careful,6,14,34692,112692,0,1,0,4,unavailable
before,trap_careful,6,15,35367,113367,0,1,0,4,unavailable
before,trap_careful,6,16,35223,113223,0,1,0,4,unavailable
before,trap_careful,6,17,36677,114677,0,1,0,5,unavailable
before,trap_careful,6,18,46793,124793,0,1,0,5,unavailable
before,trap_careful,6,19,48504,126504,0,1,0,5,unavailable
before,trap_careful,6,20,48696,126696,0,1,0,5,unavailable
before,trap_careful,6,21,57997,135997,0,1,0,5,unavailable
before,trap_careful,6,22,57899,135899,0,1,0,5,unavailable
before,trap_careful,6,23,57770,135770,0,1,0,5,unavailable
before,trap_careful,6,24,81995,159995,0,1,0,5,unavailable
before,trap_careful,6,25,82181,160181,0,1,0,5,unavailable
before,trap_careful,6,26,82057,160057,0,1,0,5,unavailable
before,trap_careful,6,27,82028,160028,0,1,0,5,unavailable
before,trap_careful,6,28,84337,162337,0,1,0,5,unavailable
before,trap_careful,6,29,112808,190808,0,1,1,5,unavailable
before,trap_careful,6,30,95135,173135,0,1,1,5,unavailable
before,trap_careful,6,31,92456,170456,0,1,1,5,unavailable
before,trap_careful,6,32,74792,152792,0,1,1,5,unavailable
before,trap_careful,6,33,82104,160104,0,1,1,5,unavailable
before,trap_careful,6,34,64342,142342,0,1,1,5,unavailable
before,trap_careful,6,35,70287,148287,0,1,1,5,unavailable
before,trap_careful,7,1,21991,99991,0,1,0,0,unavailable
before,trap_careful,7,2,18297,96297,0,1,0,0,unavailable
before,trap_careful,7,3,18297,96297,0,1,0,0,unavailable
before,trap_careful,7,4,18262,96262,0,1,0,0,unavailable
before,trap_careful,7,5,17825,95825,0,1,0,0,unavailable
before,trap_careful,7,6,17807,95807,0,1,0,0,unavailable
before,trap_careful,7,7,17710,95710,0,1,0,0,unavailable
before,trap_careful,7,8,23634,101634,0,1,0,0,unavailable
before,trap_careful,7,9,3596,81596,0,1,0,0,unavailable
before,trap_careful,7,10,3482,81482,0,1,0,0,unavailable
before,trap_careful,7,11,3397,81397,0,1,0,0,unavailable
before,trap_careful,7,12,3397,81397,0,1,0,0,unavailable
before,trap_careful,7,13,2421,80421,0,1,0,0,unavailable
before,trap_careful,7,14,2633,80633,0,1,0,0,unavailable
before,trap_careful,7,15,3596,81596,0,1,0,0,unavailable
before,trap_careful,7,16,435,78435,0,1,0,0,unavailable
before,trap_careful,7,17,343,78343,0,1,0,0,unavailable
before,trap_careful,7,18,10510,88510,0,1,0,0,unavailable
before,trap_careful,7,19,10458,88458,0,1,0,0,unavailable
before,trap_careful,7,20,10656,88656,0,1,0,0,unavailable
before,trap_careful,7,21,6927,84927,0,1,0,0,unavailable
before,trap_careful,7,22,6895,84895,0,1,0,0,unavailable
before,trap_careful,7,23,6872,84872,0,1,0,0,unavailable
before,trap_careful,7,24,15974,93974,0,1,0,0,unavailable
before,trap_careful,7,25,16234,94234,0,1,0,0,unavailable
before,trap_careful,7,26,12187,90187,0,1,0,0,unavailable
before,trap_careful,7,27,12378,90378,0,1,0,0,unavailable
before,trap_careful,7,28,12609,90609,0,1,0,0,unavailable
before,trap_careful,7,29,66459,144459,0,1,1,0,unavailable
before,trap_careful,7,30,73702,151702,0,1,1,0,unavailable
before,trap_careful,7,31,80905,158905,0,1,1,0,unavailable
before,trap_careful,7,32,63255,141255,0,1,1,0,unavailable
before,trap_careful,7,33,70596,148596,0,1,1,0,unavailable
before,trap_careful,7,34,77886,155886,0,1,1,0,unavailable
before,trap_careful,7,35,60180,138180,0,1,1,0,unavailable
after,trap_careful,6,1,21991,99991,0,1,0,0,unavailable
after,trap_careful,6,2,21939,99939,0,1,0,0,unavailable
after,trap_careful,6,3,18054,96054,0,1,0,0,unavailable
after,trap_careful,6,4,17613,95613,0,1,0,0,unavailable
after,trap_careful,6,5,17498,95498,0,1,0,0,unavailable
after,trap_careful,6,6,17460,95460,0,1,0,0,unavailable
after,trap_careful,6,7,17341,95341,0,1,0,0,unavailable
after,trap_careful,6,8,23203,101203,0,1,0,0,unavailable
after,trap_careful,6,9,23127,101127,0,1,0,1,unavailable
after,trap_careful,6,10,26015,104015,0,1,0,1,unavailable
after,trap_careful,6,11,37922,115922,0,1,0,3,unavailable
after,trap_careful,6,12,37922,115922,0,1,0,3,unavailable
after,trap_careful,6,13,38132,116132,0,1,0,4,unavailable
after,trap_careful,6,14,38076,116076,0,1,0,4,unavailable
after,trap_careful,6,15,39393,117393,0,1,0,4,unavailable
after,trap_careful,6,16,36317,114317,0,0,0,5,accepted
after,trap_careful,6,17,36515,114515,0,0,0,5,accepted
after,trap_careful,6,18,35957,113957,0,0,0,5,accepted
after,trap_careful,6,19,35840,113840,0,0,0,5,accepted
after,trap_careful,6,20,36952,114952,0,0,0,5,accepted
after,trap_careful,6,21,36832,114832,0,0,0,5,accepted
after,trap_careful,6,22,45905,123905,0,0,0,5,accepted
after,trap_careful,6,23,45776,123776,0,0,0,5,accepted
after,trap_careful,6,24,19070,97070,0,0,0,5,accepted
after,trap_careful,6,25,60064,138064,0,0,0,5,accepted
after,trap_careful,6,26,65700,143700,0,0,0,5,accepted
after,trap_careful,6,27,71402,149402,0,0,0,5,accepted
after,trap_careful,6,28,71342,149342,0,0,0,5,accepted
after,trap_careful,6,29,99919,177919,0,0,1,5,accepted
after,trap_careful,6,30,82231,160231,0,0,1,5,accepted
after,trap_careful,6,31,79529,157529,0,0,1,5,accepted
after,trap_careful,6,32,61839,139839,0,0,1,5,accepted
after,trap_careful,6,33,77766,155766,0,0,1,5,accepted
after,trap_careful,6,34,83196,161196,0,0,1,5,accepted
after,trap_careful,6,35,65546,143546,0,0,1,5,accepted
after,trap_careful,7,1,21971,99971,0,1,0,0,unavailable
after,trap_careful,7,2,21895,99895,0,1,0,0,unavailable
after,trap_careful,7,3,21895,99895,0,1,0,0,unavailable
after,trap_careful,7,4,21869,99869,0,1,0,0,unavailable
after,trap_careful,7,5,21831,99831,0,1,0,0,unavailable
after,trap_careful,7,6,21813,99813,0,1,0,0,unavailable
after,trap_careful,7,7,21795,99795,0,1,0,0,unavailable
after,trap_careful,7,8,23455,101455,0,1,0,0,unavailable
after,trap_careful,7,9,18906,96906,0,1,0,1,unavailable
after,trap_careful,7,10,17968,95968,0,1,0,1,unavailable
after,trap_careful,7,11,29848,107848,0,1,0,3,unavailable
after,trap_careful,7,12,29848,107848,0,1,0,3,unavailable
after,trap_careful,7,13,23728,101728,0,1,0,4,unavailable
after,trap_careful,7,14,23662,101662,0,1,0,4,unavailable
after,trap_careful,7,15,23529,101529,0,1,0,4,unavailable
after,trap_careful,7,16,23005,101005,0,0,0,5,accepted
after,trap_careful,7,17,24505,102505,0,0,0,5,accepted
after,trap_careful,7,18,24447,102447,0,0,0,5,accepted
after,trap_careful,7,19,25964,103964,0,0,0,5,accepted
after,trap_careful,7,20,26185,104185,0,0,0,5,accepted
after,trap_careful,7,21,26140,104140,0,0,0,5,accepted
after,trap_careful,7,22,26082,104082,0,0,0,5,accepted
after,trap_careful,7,23,25977,103977,0,0,0,5,accepted
after,trap_careful,7,24,59630,137630,0,0,0,5,accepted
after,trap_careful,7,25,27262,105262,0,0,0,5,accepted
after,trap_careful,7,26,45505,123505,0,0,0,5,accepted
after,trap_careful,7,27,50889,128889,0,0,0,5,accepted
after,trap_careful,7,28,53538,131538,0,0,0,5,accepted
after,trap_careful,7,29,90229,168229,0,0,1,5,accepted
after,trap_careful,7,30,72503,150503,0,0,1,5,accepted
after,trap_careful,7,31,69755,147755,0,0,1,5,accepted
after,trap_careful,7,32,77105,155105,0,0,1,5,accepted
after,trap_careful,7,33,84315,162315,0,0,1,5,accepted
after,trap_careful,7,34,66637,144637,0,0,1,5,accepted
after,trap_careful,7,35,73973,151973,0,0,1,5,accepted
before,trap_careful,8,1,21982,99982,0,1,0,0,unavailable
before,trap_careful,8,2,21920,99920,0,1,0,0,unavailable
before,trap_careful,8,3,21920,99920,0,1,0,0,unavailable
before,trap_careful,8,4,21008,99008,0,1,0,0,unavailable
before,trap_careful,8,5,18508,96508,0,1,0,0,unavailable
before,trap_careful,8,6,18470,96470,0,1,0,0,unavailable
before,trap_careful,8,7,18434,96434,0,1,0,0,unavailable
before,trap_careful,8,8,24290,102290,0,1,0,0,unavailable
before,trap_careful,8,9,24232,102232,0,1,0,1,unavailable
before,trap_careful,8,10,27200,105200,0,1,0,1,unavailable
before,trap_careful,8,11,39114,117114,0,1,0,3,unavailable
before,trap_careful,8,12,39114,117114,0,1,0,3,unavailable
before,trap_careful,8,13,39460,117460,0,1,0,4,unavailable
before,trap_careful,8,14,39406,117406,0,1,0,4,unavailable
before,trap_careful,8,15,39663,117663,0,1,0,4,unavailable
before,trap_careful,8,16,39458,117458,0,0,0,5,unavailable
before,trap_careful,8,17,35100,113100,0,0,0,5,unavailable
before,trap_careful,8,18,42328,120328,0,0,0,5,unavailable
before,trap_careful,8,19,39623,117623,0,0,0,5,unavailable
before,trap_careful,8,20,41008,119008,0,0,0,5,unavailable
before,trap_careful,8,21,49856,127856,0,0,0,5,unavailable
before,trap_careful,8,22,59263,137263,0,0,0,5,unavailable
before,trap_careful,8,23,59215,137215,0,0,0,5,unavailable
before,trap_careful,8,24,74130,152130,0,0,0,5,unavailable
before,trap_careful,8,25,84083,162083,0,0,0,5,unavailable
before,trap_careful,8,26,83988,161988,0,0,0,5,unavailable
before,trap_careful,8,27,64663,142663,0,0,0,5,unavailable
before,trap_careful,8,28,64904,142904,0,0,0,5,unavailable
before,trap_careful,8,29,101697,179697,0,0,1,5,unavailable
before,trap_careful,8,30,82209,160209,0,0,1,5,unavailable
before,trap_careful,8,31,79392,157392,0,0,1,5,unavailable
before,trap_careful,8,32,61736,139736,0,0,1,5,unavailable
before,trap_careful,8,33,67148,145148,0,0,1,5,unavailable
before,trap_careful,8,34,74246,152246,0,0,1,5,unavailable
before,trap_careful,8,35,81158,159158,0,0,1,5,unavailable
after,trap_careful,8,1,21982,99982,0,1,0,0,unavailable
after,trap_careful,8,2,21927,99927,0,1,0,0,unavailable
after,trap_careful,8,3,21927,99927,0,1,0,0,unavailable
after,trap_careful,8,4,21757,99757,0,1,0,0,unavailable
after,trap_careful,8,5,20914,98914,0,1,0,0,unavailable
after,trap_careful,8,6,20876,98876,0,1,0,0,unavailable
after,trap_careful,8,7,20858,98858,0,1,0,0,unavailable
after,trap_careful,8,8,26834,104834,0,1,0,0,unavailable
after,trap_careful,8,9,26758,104758,0,1,0,1,unavailable
after,trap_careful,8,10,22506,100506,0,1,0,1,unavailable
after,trap_careful,8,11,34360,112360,0,1,0,3,unavailable
after,trap_careful,8,12,34360,112360,0,1,0,3,unavailable
after,trap_careful,8,13,34590,112590,0,1,0,4,unavailable
after,trap_careful,8,14,34570,112570,0,1,0,4,unavailable
after,trap_careful,8,15,34853,112853,0,1,0,4,unavailable
after,trap_careful,8,16,42428,120428,0,0,0,5,accepted
after,trap_careful,8,17,42370,120370,0,0,0,5,accepted
after,trap_careful,8,18,52536,130536,0,0,0,5,accepted
after,trap_careful,8,19,53907,131907,0,0,0,5,accepted
after,trap_careful,8,20,53769,131769,0,0,0,5,accepted
after,trap_careful,8,21,63375,141375,0,0,0,5,accepted
after,trap_careful,8,22,72708,150708,0,0,0,5,accepted
after,trap_careful,8,23,72664,150664,0,0,0,5,accepted
after,trap_careful,8,24,81061,159061,0,0,0,5,accepted
after,trap_careful,8,25,70335,148335,0,0,0,5,accepted
after,trap_careful,8,26,24525,102525,0,0,0,5,accepted
after,trap_careful,8,27,29774,107774,0,0,0,5,accepted
after,trap_careful,8,28,32178,110178,0,0,0,5,accepted
after,trap_careful,8,29,67469,145469,0,0,1,5,accepted
after,trap_careful,8,30,72990,150990,0,0,1,5,accepted
after,trap_careful,8,31,70314,148314,0,0,1,5,accepted
after,trap_careful,8,32,77421,155421,0,0,1,5,accepted
after,trap_careful,8,33,68675,146675,0,0,1,5,accepted
after,trap_careful,8,34,83746,161746,0,0,1,5,accepted
after,trap_careful,8,35,66096,144096,0,0,1,5,accepted
before,trap_careful,9,1,21906,99906,0,1,0,0,unavailable
before,trap_careful,9,2,21854,99854,0,1,0,0,unavailable
before,trap_careful,9,3,21854,99854,0,1,0,0,unavailable
before,trap_careful,9,4,21822,99822,0,1,0,0,unavailable
before,trap_careful,9,5,17822,95822,0,1,0,0,unavailable
before,trap_careful,9,6,17752,95752,0,1,0,0,unavailable
before,trap_careful,9,7,17734,95734,0,1,0,0,unavailable
before,trap_careful,9,8,23720,101720,0,1,0,0,unavailable
before,trap_careful,9,9,23582,101582,0,1,0,1,unavailable
before,trap_careful,9,10,26424,104424,0,1,0,1,unavailable
before,trap_careful,9,11,31106,109106,0,1,0,3,unavailable
before,trap_careful,9,12,31106,109106,0,1,0,3,unavailable
before,trap_careful,9,13,31092,109092,0,1,0,4,unavailable
before,trap_careful,9,14,31376,109376,0,1,0,4,unavailable
before,trap_careful,9,15,31322,109322,0,1,0,4,unavailable
before,trap_careful,9,16,31302,109302,0,1,0,4,unavailable
before,trap_careful,9,17,26979,104979,0,1,0,5,unavailable
before,trap_careful,9,18,37102,115102,0,1,0,5,unavailable
before,trap_careful,9,19,36141,114141,0,1,0,5,unavailable
before,trap_careful,9,20,37495,115495,0,1,0,5,unavailable
before,trap_careful,9,21,34972,112972,0,1,0,5,unavailable
before,trap_careful,9,22,44316,122316,0,1,0,5,unavailable
before,trap_careful,9,23,44138,122138,0,1,0,5,unavailable
before,trap_careful,9,24,59453,137453,0,1,0,5,unavailable
before,trap_careful,9,25,59719,137719,0,1,0,5,unavailable
before,trap_careful,9,26,59652,137652,0,1,0,5,unavailable
before,trap_careful,9,27,65370,143370,0,1,0,5,unavailable
before,trap_careful,9,28,65250,143250,0,1,0,5,unavailable
before,trap_careful,9,29,101232,179232,0,1,1,5,unavailable
before,trap_careful,9,30,83468,161468,0,1,1,5,unavailable
before,trap_careful,9,31,78898,156898,0,1,1,5,unavailable
before,trap_careful,9,32,61248,139248,0,1,1,5,unavailable
before,trap_careful,9,33,77528,155528,0,1,1,5,unavailable
before,trap_careful,9,34,84812,162812,0,1,1,5,unavailable
before,trap_careful,9,35,67064,145064,0,1,1,5,unavailable
before,trap_careful,10,1,21930,99930,0,1,0,0,unavailable
before,trap_careful,10,2,20078,98078,0,1,0,0,unavailable
before,trap_careful,10,3,16678,94678,0,1,0,0,unavailable
before,trap_careful,10,4,16546,94546,0,1,0,0,unavailable
before,trap_careful,10,5,16458,94458,0,1,0,0,unavailable
before,trap_careful,10,6,16000,94000,0,1,0,0,unavailable
before,trap_careful,10,7,15982,93982,0,1,0,0,unavailable
before,trap_careful,10,8,21982,99982,0,1,0,0,unavailable
before,trap_careful,10,9,1824,79824,0,1,0,0,unavailable
before,trap_careful,10,10,1792,79792,0,1,0,0,unavailable
before,trap_careful,10,11,302,78302,0,1,0,0,unavailable
before,trap_careful,10,12,302,78302,0,1,0,0,unavailable
before,trap_careful,10,13,5371,83371,0,1,0,0,unavailable
before,trap_careful,10,14,4897,82897,0,1,0,0,unavailable
before,trap_careful,10,15,6104,84104,0,1,0,0,unavailable
before,trap_careful,10,16,6042,84042,0,1,0,0,unavailable
before,trap_careful,10,17,6731,84731,0,1,0,0,unavailable
before,trap_careful,10,18,6508,84508,0,1,0,0,unavailable
before,trap_careful,10,19,6461,84461,0,1,0,0,unavailable
before,trap_careful,10,20,6438,84438,0,1,0,0,unavailable
before,trap_careful,10,21,6291,84291,0,1,0,0,unavailable
before,trap_careful,10,22,6151,84151,0,1,0,0,unavailable
before,trap_careful,10,23,5728,83728,0,1,0,0,unavailable
before,trap_careful,10,24,2208,80208,0,1,0,0,unavailable
before,trap_careful,10,25,12076,90076,0,1,0,0,unavailable
before,trap_careful,10,26,11944,89944,0,1,0,0,unavailable
before,trap_careful,10,27,10112,88112,0,1,0,0,unavailable
before,trap_careful,10,28,12438,90438,0,1,0,0,unavailable
before,trap_careful,10,29,73820,151820,0,1,1,0,unavailable
before,trap_careful,10,30,81052,159052,0,1,1,0,unavailable
before,trap_careful,10,31,62944,140944,0,1,1,0,unavailable
before,trap_careful,10,32,70156,148156,0,1,1,0,unavailable
before,trap_careful,10,33,77488,155488,0,1,1,0,unavailable
before,trap_careful,10,34,84838,162838,0,1,1,0,unavailable
before,trap_careful,10,35,67041,145041,0,1,1,0,unavailable
after,trap_careful,9,1,21957,99957,0,1,0,0,unavailable
after,trap_careful,9,2,21856,99856,0,1,0,0,unavailable
after,trap_careful,9,3,21856,99856,0,1,0,0,unavailable
after,trap_careful,9,4,21815,99815,0,1,0,0,unavailable
after,trap_careful,9,5,18815,96815,0,1,0,0,unavailable
after,trap_careful,9,6,18797,96797,0,1,0,0,unavailable
after,trap_careful,9,7,18659,96659,0,1,0,0,unavailable
after,trap_careful,9,8,24521,102521,0,1,0,0,unavailable
after,trap_careful,9,9,4489,82489,0,1,0,0,unavailable
after,trap_careful,9,10,4351,82351,0,1,0,0,unavailable
after,trap_careful,9,11,131,78131,0,1,0,0,unavailable
after,trap_careful,9,12,67,78067,0,1,0,0,unavailable
after,trap_careful,9,13,67,78067,0,1,0,0,unavailable
after,trap_careful,9,14,6228,84228,0,1,0,0,unavailable
after,trap_careful,9,15,6526,84526,0,1,0,0,unavailable
after,trap_careful,9,16,6365,84365,0,1,0,0,accepted
after,trap_careful,9,17,25189,103189,0,1,0,0,accepted
after,trap_careful,9,18,49757,127757,0,1,0,0,accepted
after,trap_careful,9,19,92744,170744,0,1,0,0,accepted
after,trap_careful,9,20,47395,125395,0,1,0,0,accepted
after,trap_careful,9,21,70563,148563,0,1,0,0,accepted
after,trap_careful,9,22,70450,148450,0,1,0,0,accepted
after,trap_careful,9,23,62830,140830,0,1,0,0,accepted
after,trap_careful,9,24,29575,107575,0,1,0,0,accepted
after,trap_careful,9,25,54675,132675,0,1,0,0,accepted
after,trap_careful,9,26,78105,156105,0,1,0,0,accepted
after,trap_careful,9,27,101333,179333,0,1,0,0,accepted
after,trap_careful,9,28,75297,153297,0,1,0,0,accepted
after,trap_careful,9,29,111485,189485,0,1,1,0,accepted
after,trap_careful,9,30,208088,286088,0,1,1,0,accepted
after,trap_careful,9,31,115009,193009,0,1,2,0,accepted
after,trap_careful,9,32,164095,242095,0,1,2,0,accepted
after,trap_careful,9,33,177395,255395,0,1,2,0,accepted
after,trap_careful,9,34,216016,294016,0,1,2,0,accepted
after,trap_careful,9,35,186064,264064,0,1,2,0,accepted
before,trap_aggressive,1,1,21971,99971,0,1,0,0,unavailable
before,trap_aggressive,1,2,20133,98133,0,1,0,0,unavailable
before,trap_aggressive,1,3,20073,98073,0,1,0,0,unavailable
before,trap_aggressive,1,4,19909,97909,0,1,0,0,unavailable
before,trap_aggressive,1,5,19780,97780,0,1,0,0,unavailable
before,trap_aggressive,1,6,19750,97750,0,1,0,0,unavailable
before,trap_aggressive,1,7,19730,97730,0,1,0,0,unavailable
before,trap_aggressive,1,8,25698,103698,0,1,0,0,unavailable
before,trap_aggressive,1,9,5698,83698,0,1,0,0,unavailable
before,trap_aggressive,1,10,5684,83684,0,1,0,0,unavailable
before,trap_aggressive,1,11,14186,92186,0,1,0,0,unavailable
before,trap_aggressive,1,12,14186,92186,0,1,0,0,unavailable
before,trap_aggressive,1,13,14146,92146,0,1,0,0,unavailable
before,trap_aggressive,1,14,12912,90912,0,1,0,0,unavailable
before,trap_aggressive,1,15,12774,90774,0,1,0,0,unavailable
before,trap_aggressive,1,16,12698,90698,0,1,0,0,unavailable
before,trap_aggressive,1,17,14153,92153,0,1,0,0,unavailable
before,trap_aggressive,1,18,13507,91507,0,1,0,0,unavailable
before,trap_aggressive,1,19,13333,91333,0,1,0,0,unavailable
before,trap_aggressive,1,20,13301,91301,0,1,0,0,unavailable
before,trap_aggressive,1,21,22596,100596,0,1,0,0,unavailable
before,trap_aggressive,1,22,22865,100865,0,1,0,0,unavailable
before,trap_aggressive,1,23,1883,79883,0,1,0,0,unavailable
before,trap_aggressive,1,24,45,78045,0,1,0,0,unavailable
before,trap_aggressive,1,25,9700,87700,0,1,0,0,unavailable
before,trap_aggressive,1,26,19908,97908,0,1,0,0,unavailable
before,trap_aggressive,1,27,19761,97761,0,1,0,0,unavailable
before,trap_aggressive,1,28,21703,99703,0,1,0,0,unavailable
before,trap_aggressive,1,29,42489,120489,0,1,1,0,unavailable
before,trap_aggressive,1,30,22951,100951,0,1,1,0,unavailable
before,trap_aggressive,1,31,28551,106551,0,1,1,0,unavailable
before,trap_aggressive,1,32,34069,112069,0,1,1,0,unavailable
before,trap_aggressive,1,33,14573,92573,0,1,1,0,unavailable
before,trap_aggressive,1,34,27898,105898,0,1,1,0,unavailable
before,trap_aggressive,1,35,33408,111408,0,1,1,0,unavailable
after,trap_careful,10,1,21962,99962,0,1,0,0,unavailable
after,trap_careful,10,2,20024,98024,0,1,0,0,unavailable
after,trap_careful,10,3,20024,98024,0,1,0,0,unavailable
after,trap_careful,10,4,19989,97989,0,1,0,0,unavailable
after,trap_careful,10,5,19975,97975,0,1,0,0,unavailable
after,trap_careful,10,6,19957,97957,0,1,0,0,unavailable
after,trap_careful,10,7,19944,97944,0,1,0,0,unavailable
after,trap_careful,10,8,25833,103833,0,1,0,0,unavailable
after,trap_careful,10,9,4915,82915,0,1,0,0,unavailable
after,trap_careful,10,10,4849,82849,0,1,0,0,unavailable
after,trap_careful,10,11,529,78529,0,1,0,0,unavailable
after,trap_careful,10,12,529,78529,0,1,0,0,unavailable
after,trap_careful,10,13,813,78813,0,1,0,0,unavailable
after,trap_careful,10,14,7143,85143,0,1,0,0,unavailable
after,trap_careful,10,15,7129,85129,0,1,0,0,unavailable
after,trap_careful,10,16,30574,108574,0,1,0,0,accepted
after,trap_careful,10,17,59308,137308,0,1,0,0,accepted
after,trap_careful,10,18,68385,146385,0,1,0,0,accepted
after,trap_careful,10,19,68347,146347,0,1,0,0,accepted
after,trap_careful,10,20,71151,149151,0,1,0,0,accepted
after,trap_careful,10,21,71422,149422,0,1,0,0,accepted
after,trap_careful,10,22,85786,163786,0,1,0,0,accepted
after,trap_careful,10,23,92444,170444,0,1,0,0,accepted
after,trap_careful,10,24,47032,125032,0,1,0,0,accepted
after,trap_careful,10,25,76751,154751,0,1,0,0,accepted
after,trap_careful,10,26,87148,165148,0,1,0,0,accepted
after,trap_careful,10,27,106754,184754,0,1,0,0,accepted
after,trap_careful,10,28,79976,157976,0,1,1,0,accepted
after,trap_careful,10,29,123089,201089,0,1,1,0,accepted
after,trap_careful,10,30,163319,241319,0,1,1,0,accepted
after,trap_careful,10,31,231711,309711,0,1,1,0,accepted
after,trap_careful,10,32,142741,220741,0,1,2,0,accepted
after,trap_careful,10,33,179824,257824,0,1,2,0,accepted
after,trap_careful,10,34,150024,228024,0,1,2,0,accepted
after,trap_careful,10,35,162188,240188,0,1,2,0,accepted
before,trap_aggressive,2,1,21973,99973,0,1,0,0,unavailable
before,trap_aggressive,2,2,21853,99853,0,1,0,0,unavailable
before,trap_aggressive,2,3,22078,100078,0,1,0,0,unavailable
before,trap_aggressive,2,4,18806,96806,0,1,0,0,unavailable
before,trap_aggressive,2,5,18779,96779,0,1,0,0,unavailable
before,trap_aggressive,2,6,18672,96672,0,1,0,0,unavailable
before,trap_aggressive,2,7,19003,97003,0,1,0,0,unavailable
before,trap_aggressive,2,8,25334,103334,0,1,0,0,unavailable
before,trap_aggressive,2,9,5334,83334,0,1,0,0,unavailable
before,trap_aggressive,2,10,12858,90858,0,1,0,0,unavailable
before,trap_aggressive,2,11,8400,86400,0,1,0,0,unavailable
before,trap_aggressive,2,12,8701,86701,0,1,0,0,unavailable
before,trap_aggressive,2,13,13446,91446,0,1,0,0,unavailable
before,trap_aggressive,2,14,13446,91446,0,1,0,0,unavailable
before,trap_aggressive,2,15,13412,91412,0,1,0,0,unavailable
before,trap_aggressive,2,16,13251,91251,0,1,0,0,unavailable
before,trap_aggressive,2,17,13478,91478,0,1,0,0,unavailable
before,trap_aggressive,2,18,23308,101308,0,1,0,0,unavailable
before,trap_aggressive,2,19,24712,102712,0,1,0,0,unavailable
before,trap_aggressive,2,20,26248,104248,0,1,0,0,unavailable
before,trap_aggressive,2,21,22392,100392,0,1,0,0,unavailable
before,trap_aggressive,2,22,31511,109511,0,1,0,0,unavailable
before,trap_aggressive,2,23,10573,88573,0,1,0,0,unavailable
before,trap_aggressive,2,24,10479,88479,0,1,0,0,unavailable
before,trap_aggressive,2,25,20114,98114,0,1,0,0,unavailable
before,trap_aggressive,2,26,17954,95954,0,1,0,0,unavailable
before,trap_aggressive,2,27,23294,101294,0,1,0,0,unavailable
before,trap_aggressive,2,28,26086,104086,0,1,0,0,unavailable
before,trap_aggressive,2,29,22906,100906,0,1,1,0,unavailable
before,trap_aggressive,2,30,28453,106453,0,1,1,0,unavailable
before,trap_aggressive,2,31,34053,112053,0,1,1,0,unavailable
before,trap_aggressive,2,32,14630,92630,0,1,1,0,unavailable
before,trap_aggressive,2,33,20120,98120,0,1,1,0,unavailable
before,trap_aggressive,2,34,25553,103553,0,1,1,0,unavailable
before,trap_aggressive,2,35,15906,93906,0,1,1,0,unavailable
after,trap_aggressive,1,1,21871,99871,0,1,0,0,unavailable
after,trap_aggressive,1,2,17993,95993,0,1,0,0,unavailable
after,trap_aggressive,1,3,18306,96306,0,1,0,0,unavailable
after,trap_aggressive,1,4,18508,96508,0,1,0,0,unavailable
after,trap_aggressive,1,5,18342,96342,0,1,0,0,unavailable
after,trap_aggressive,1,6,18620,96620,0,1,0,0,unavailable
after,trap_aggressive,1,7,18830,96830,0,1,0,0,unavailable
after,trap_aggressive,1,8,25105,103105,0,1,0,0,unavailable
after,trap_aggressive,1,9,25345,103345,0,1,0,1,unavailable
after,trap_aggressive,1,10,28251,106251,0,1,0,1,unavailable
after,trap_aggressive,1,11,40219,118219,0,1,0,3,unavailable
after,trap_aggressive,1,12,15564,93564,0,1,0,3,unavailable
after,trap_aggressive,1,13,15910,93910,0,1,0,4,unavailable
after,trap_aggressive,1,14,22526,100526,0,1,0,4,unavailable
after,trap_aggressive,1,15,22742,100742,0,1,0,4,unavailable
after,trap_aggressive,1,16,21747,99747,0,0,0,5,accepted
after,trap_aggressive,1,17,22080,100080,0,0,0,5,accepted
after,trap_aggressive,1,18,22080,100080,0,0,0,5,accepted
after,trap_aggressive,1,19,21942,99942,0,0,0,5,accepted
after,trap_aggressive,1,20,23112,101112,0,0,0,5,accepted
after,trap_aggressive,1,21,19396,97396,0,0,0,5,accepted
after,trap_aggressive,1,22,19320,97320,0,0,0,5,accepted
after,trap_aggressive,1,23,19244,97244,0,0,0,5,accepted
after,trap_aggressive,1,24,33141,111141,0,0,0,5,accepted
after,trap_aggressive,1,25,78924,156924,0,0,0,5,accepted
after,trap_aggressive,1,26,17717,95717,0,0,1,5,accepted
after,trap_aggressive,1,27,28704,106704,0,0,1,5,accepted
after,trap_aggressive,1,28,34248,112248,0,0,1,5,accepted
after,trap_aggressive,1,29,114848,192848,0,0,1,5,accepted
after,trap_aggressive,1,30,95372,173372,0,0,1,5,accepted
after,trap_aggressive,1,31,90972,168972,0,0,1,5,accepted
after,trap_aggressive,1,32,96543,174543,0,0,1,5,accepted
after,trap_aggressive,1,33,101985,179985,0,0,1,5,accepted
after,trap_aggressive,1,34,106667,184667,0,0,1,5,accepted
after,trap_aggressive,1,35,112109,190109,0,0,1,5,accepted
before,trap_aggressive,3,1,21973,99973,0,1,0,0,unavailable
before,trap_aggressive,3,2,21879,99879,0,1,0,0,unavailable
before,trap_aggressive,3,3,21774,99774,0,1,0,0,unavailable
before,trap_aggressive,3,4,21742,99742,0,1,0,0,unavailable
before,trap_aggressive,3,5,21634,99634,0,1,0,0,unavailable
before,trap_aggressive,3,6,21579,99579,0,1,0,0,unavailable
before,trap_aggressive,3,7,20541,98541,0,1,0,0,unavailable
before,trap_aggressive,3,8,26421,104421,0,1,0,0,unavailable
before,trap_aggressive,3,9,26421,104421,0,1,0,1,unavailable
before,trap_aggressive,3,10,25101,103101,0,1,0,1,unavailable
before,trap_aggressive,3,11,45273,123273,0,1,0,3,unavailable
before,trap_aggressive,3,12,25363,103363,0,1,0,3,unavailable
before,trap_aggressive,3,13,25343,103343,0,1,0,4,unavailable
before,trap_aggressive,3,14,269,78269,0,1,0,4,unavailable
before,trap_aggressive,3,15,269,78269,0,1,0,4,unavailable
before,trap_aggressive,3,16,231,78231,0,1,0,4,unavailable
before,trap_aggressive,3,17,174,78174,0,1,0,5,unavailable
before,trap_aggressive,3,18,820,78820,0,1,0,5,unavailable
before,trap_aggressive,3,19,791,78791,0,1,0,5,unavailable
before,trap_aggressive,3,20,1016,79016,0,1,0,5,unavailable
before,trap_aggressive,3,21,10608,88608,0,1,0,5,unavailable
before,trap_aggressive,3,22,10569,88569,0,1,0,5,unavailable
before,trap_aggressive,3,23,8693,86693,0,1,0,5,unavailable
before,trap_aggressive,3,24,23977,101977,0,1,0,5,unavailable
before,trap_aggressive,3,25,33479,111479,0,1,0,5,unavailable
before,trap_aggressive,3,26,33763,111763,0,1,0,5,unavailable
before,trap_aggressive,3,27,14112,92112,0,1,0,5,unavailable
before,trap_aggressive,3,28,16853,94853,0,1,0,5,unavailable
before,trap_aggressive,3,29,10418,88418,0,1,0,5,unavailable
before,trap_aggressive,3,30,10687,88687,0,1,0,5,unavailable
before,trap_aggressive,3,31,25645,103645,0,1,0,5,unavailable
before,trap_aggressive,3,32,25645,103645,0,1,0,5,unavailable
before,trap_aggressive,3,33,25584,103584,0,1,0,5,unavailable
before,trap_aggressive,3,34,25379,103379,0,1,0,5,unavailable
before,trap_aggressive,3,35,10044,88044,0,1,0,5,unavailable
after,trap_aggressive,2,1,21973,99973,0,1,0,0,unavailable
after,trap_aggressive,2,2,21941,99941,0,1,0,0,unavailable
after,trap_aggressive,2,3,22166,100166,0,1,0,0,unavailable
after,trap_aggressive,2,4,21961,99961,0,1,0,0,unavailable
after,trap_aggressive,2,5,21876,99876,0,1,0,0,unavailable
after,trap_aggressive,2,6,21838,99838,0,1,0,0,unavailable
after,trap_aggressive,2,7,21824,99824,0,1,0,0,unavailable
after,trap_aggressive,2,8,28064,106064,0,1,0,0,unavailable
after,trap_aggressive,2,9,28406,106406,0,1,0,1,unavailable
after,trap_aggressive,2,10,25889,103889,0,1,0,1,unavailable
after,trap_aggressive,2,11,37742,115742,0,1,0,3,unavailable
after,trap_aggressive,2,12,12742,90742,0,1,0,3,unavailable
after,trap_aggressive,2,13,17435,95435,0,1,0,4,unavailable
after,trap_aggressive,2,14,17426,95426,0,1,0,4,unavailable
after,trap_aggressive,2,15,16433,94433,0,1,0,4,unavailable
after,trap_aggressive,2,16,16419,94419,0,1,0,4,accepted
after,trap_aggressive,2,17,135979,213979,0,1,0,5,accepted
after,trap_aggressive,2,18,63915,141915,0,1,1,5,accepted
after,trap_aggressive,2,19,43717,121717,0,1,1,5,accepted
after,trap_aggressive,2,20,22188,100188,0,1,1,5,accepted
after,trap_aggressive,2,21,156856,234856,0,1,1,5,accepted
after,trap_aggressive,2,22,27129,105129,0,1,2,5,accepted
after,trap_aggressive,2,23,159621,237621,0,1,2,5,accepted
after,trap_aggressive,2,24,181392,259392,0,1,2,5,accepted
after,trap_aggressive,2,25,189504,267504,0,1,2,5,accepted
after,trap_aggressive,2,26,197899,275899,0,1,2,5,accepted
after,trap_aggressive,2,27,204658,282658,0,1,2,5,accepted
after,trap_aggressive,2,28,221603,299603,0,1,2,5,accepted
after,trap_aggressive,2,29,92468,170468,0,1,3,5,accepted
after,trap_aggressive,2,30,94535,172535,0,1,3,5,accepted
after,trap_aggressive,2,31,108421,186421,0,1,3,5,accepted
after,trap_aggressive,2,32,95141,173141,0,1,3,5,accepted
after,trap_aggressive,2,33,122135,200135,0,1,3,5,accepted
after,trap_aggressive,2,34,148912,226912,0,1,3,5,accepted
after,trap_aggressive,2,35,106812,184812,0,1,3,5,accepted
before,trap_aggressive,4,1,21871,99871,0,1,0,0,unavailable
before,trap_aggressive,4,2,17713,95713,0,1,0,0,unavailable
before,trap_aggressive,4,3,17628,95628,0,1,0,0,unavailable
before,trap_aggressive,4,4,17543,95543,0,1,0,0,unavailable
before,trap_aggressive,4,5,17458,95458,0,1,0,0,unavailable
before,trap_aggressive,4,6,17341,95341,0,1,0,0,unavailable
before,trap_aggressive,4,7,17256,95256,0,1,0,0,unavailable
before,trap_aggressive,4,8,23242,101242,0,1,0,0,unavailable
before,trap_aggressive,4,9,3242,81242,0,1,0,0,unavailable
before,trap_aggressive,4,10,3212,81212,0,1,0,0,unavailable
before,trap_aggressive,4,11,11246,89246,0,1,0,0,unavailable
before,trap_aggressive,4,12,11246,89246,0,1,0,0,unavailable
before,trap_aggressive,4,13,7006,85006,0,1,0,0,unavailable
before,trap_aggressive,4,14,2777,80777,0,1,0,0,unavailable
before,trap_aggressive,4,15,4405,82405,0,1,0,0,unavailable
before,trap_aggressive,4,16,1659,79659,0,1,0,0,unavailable
before,trap_aggressive,4,17,1521,79521,0,1,0,0,unavailable
before,trap_aggressive,4,18,11436,89436,0,1,0,0,unavailable
before,trap_aggressive,4,19,12696,90696,0,1,0,0,unavailable
before,trap_aggressive,4,20,12970,90970,0,1,0,0,unavailable
before,trap_aggressive,4,21,12850,90850,0,1,0,0,unavailable
before,trap_aggressive,4,22,13165,91165,0,1,0,0,unavailable
before,trap_aggressive,4,23,13136,91136,0,1,0,0,unavailable
before,trap_aggressive,4,24,13104,91104,0,1,0,0,unavailable
before,trap_aggressive,4,25,22533,100533,0,1,0,0,unavailable
before,trap_aggressive,4,26,22475,100475,0,1,0,0,unavailable
before,trap_aggressive,4,27,22399,100399,0,1,0,0,unavailable
before,trap_aggressive,4,28,22671,100671,0,1,0,0,unavailable
before,trap_aggressive,4,29,59725,137725,0,1,1,0,unavailable
before,trap_aggressive,4,30,38465,116465,0,1,1,0,unavailable
before,trap_aggressive,4,31,19013,97013,0,1,1,0,unavailable
before,trap_aggressive,4,32,24613,102613,0,1,1,0,unavailable
before,trap_aggressive,4,33,30009,108009,0,1,1,0,unavailable
before,trap_aggressive,4,34,18326,96326,0,1,1,0,unavailable
before,trap_aggressive,4,35,23812,101812,0,1,1,0,unavailable
after,trap_aggressive,3,1,21973,99973,0,1,0,0,unavailable
after,trap_aggressive,3,2,21815,99815,0,1,0,0,unavailable
after,trap_aggressive,3,3,21710,99710,0,1,0,0,unavailable
after,trap_aggressive,3,4,21669,99669,0,1,0,0,unavailable
after,trap_aggressive,3,5,21586,99586,0,1,0,0,unavailable
after,trap_aggressive,3,6,21548,99548,0,1,0,0,unavailable
after,trap_aggressive,3,7,21516,99516,0,1,0,0,unavailable
after,trap_aggressive,3,8,27502,105502,0,1,0,0,unavailable
after,trap_aggressive,3,9,7488,85488,0,1,0,0,unavailable
after,trap_aggressive,3,10,7330,85330,0,1,0,0,unavailable
after,trap_aggressive,3,11,7302,85302,0,1,0,0,unavailable
after,trap_aggressive,3,12,7568,85568,0,1,0,0,unavailable
after,trap_aggressive,3,13,7568,85568,0,1,0,0,unavailable
after,trap_aggressive,3,14,13881,91881,0,1,0,0,unavailable
after,trap_aggressive,3,15,13752,91752,0,1,0,0,unavailable
after,trap_aggressive,3,16,13565,91565,0,1,0,0,unavailable
after,trap_aggressive,3,17,15088,93088,0,1,0,0,unavailable
after,trap_aggressive,3,18,13965,91965,0,1,0,0,accepted
after,trap_aggressive,3,19,13219,91219,0,1,0,0,accepted
after,trap_aggressive,3,20,12565,90565,0,1,0,0,accepted
after,trap_aggressive,3,21,113560,191560,0,1,0,0,accepted
after,trap_aggressive,3,22,130350,208350,0,1,1,0,accepted
after,trap_aggressive,3,23,93918,296918,1,1,1,0,accepted
after,trap_aggressive,3,24,72816,275816,1,1,1,0,accepted
after,trap_aggressive,3,25,61324,264324,1,1,1,0,accepted
after,trap_aggressive,3,26,36986,239986,1,1,1,0,accepted
after,trap_aggressive,3,27,230189,433189,1,1,1,0,accepted
after,trap_aggressive,3,28,186772,389772,1,1,1,0,accepted
after,trap_aggressive,3,29,239730,442730,1,1,2,0,accepted
after,trap_aggressive,3,30,511960,714960,1,1,2,0,accepted
after,trap_aggressive,3,31,408502,611502,1,1,3,0,accepted
after,trap_aggressive,3,32,549957,752957,1,1,3,0,accepted
after,trap_aggressive,3,33,560557,763557,1,1,3,0,accepted
after,trap_aggressive,3,34,646443,849443,1,1,3,0,accepted
after,trap_aggressive,3,35,669529,872529,1,1,3,0,accepted
before,trap_aggressive,5,1,21968,99968,0,1,0,0,unavailable
before,trap_aggressive,5,2,18954,96954,0,1,0,0,unavailable
before,trap_aggressive,5,3,18940,96940,0,1,0,0,unavailable
before,trap_aggressive,5,4,18920,96920,0,1,0,0,unavailable
before,trap_aggressive,5,5,18826,96826,0,1,0,0,unavailable
before,trap_aggressive,5,6,18732,96732,0,1,0,0,unavailable
before,trap_aggressive,5,7,18527,96527,0,1,0,0,unavailable
before,trap_aggressive,5,8,24489,102489,0,1,0,0,unavailable
before,trap_aggressive,5,9,24369,102369,0,1,0,1,unavailable
before,trap_aggressive,5,10,27231,105231,0,1,0,1,unavailable
before,trap_aggressive,5,11,39211,117211,0,1,0,3,unavailable
before,trap_aggressive,5,12,14193,92193,0,1,0,3,unavailable
before,trap_aggressive,5,13,14193,92193,0,1,0,4,unavailable
before,trap_aggressive,5,14,14032,92032,0,1,0,4,unavailable
before,trap_aggressive,5,15,14298,92298,0,1,0,4,unavailable
before,trap_aggressive,5,16,14537,92537,0,1,0,4,unavailable
before,trap_aggressive,5,17,14461,92461,0,1,0,5,unavailable
before,trap_aggressive,5,18,14338,92338,0,1,0,5,unavailable
before,trap_aggressive,5,19,14618,92618,0,1,0,5,unavailable
before,trap_aggressive,5,20,14934,92934,0,1,0,5,unavailable
before,trap_aggressive,5,21,14901,92901,0,1,0,5,unavailable
before,trap_aggressive,5,22,13360,91360,0,1,0,5,unavailable
before,trap_aggressive,5,23,17360,95360,0,1,0,5,unavailable
before,trap_aggressive,5,24,16456,94456,0,1,0,5,unavailable
before,trap_aggressive,5,25,26415,104415,0,1,0,5,unavailable
before,trap_aggressive,5,26,26698,104698,0,1,0,5,unavailable
before,trap_aggressive,5,27,26613,104613,0,1,0,5,unavailable
before,trap_aggressive,5,28,26593,104593,0,1,0,5,unavailable
before,trap_aggressive,5,29,63310,141310,0,1,1,5,unavailable
before,trap_aggressive,5,30,43765,121765,0,1,1,5,unavailable
before,trap_aggressive,5,31,39335,117335,0,1,1,5,unavailable
before,trap_aggressive,5,32,21576,99576,0,1,1,5,unavailable
before,trap_aggressive,5,33,27080,105080,0,1,1,5,unavailable
before,trap_aggressive,5,34,32680,110680,0,1,1,5,unavailable
before,trap_aggressive,5,35,37317,115317,0,1,1,5,unavailable
after,trap_aggressive,4,1,21971,99971,0,1,0,0,unavailable
after,trap_aggressive,4,2,17953,95953,0,1,0,0,unavailable
after,trap_aggressive,4,3,17939,95939,0,1,0,0,unavailable
after,trap_aggressive,4,4,17716,95716,0,1,0,0,unavailable
after,trap_aggressive,4,5,17690,95690,0,1,0,0,unavailable
after,trap_aggressive,4,6,17596,95596,0,1,0,0,unavailable
after,trap_aggressive,4,7,17476,95476,0,1,0,0,unavailable
after,trap_aggressive,4,8,23444,101444,0,1,0,0,unavailable
after,trap_aggressive,4,9,3324,81324,0,1,0,0,unavailable
after,trap_aggressive,4,10,10569,88569,0,1,0,0,unavailable
after,trap_aggressive,4,11,9337,87337,0,1,0,0,unavailable
after,trap_aggressive,4,12,14378,92378,0,1,0,0,unavailable
after,trap_aggressive,4,13,19147,97147,0,1,0,0,unavailable
after,trap_aggressive,4,14,19115,97115,0,1,0,0,unavailable
after,trap_aggressive,4,15,20045,98045,0,1,0,0,unavailable
after,trap_aggressive,4,16,18969,96969,0,1,0,0,accepted
after,trap_aggressive,4,17,127369,205369,0,1,0,0,accepted
after,trap_aggressive,4,18,53837,131837,0,1,1,0,accepted
after,trap_aggressive,4,19,234612,312612,0,1,1,0,accepted
after,trap_aggressive,4,20,70336,148336,0,1,2,0,accepted
after,trap_aggressive,4,21,107567,185567,0,1,2,0,accepted
after,trap_aggressive,4,22,90964,168964,0,1,2,0,accepted
after,trap_aggressive,4,23,101744,179744,0,1,2,0,accepted
after,trap_aggressive,4,24,112850,190850,0,1,2,0,accepted
after,trap_aggressive,4,25,122946,200946,0,1,2,0,accepted
after,trap_aggressive,4,26,153718,231718,0,1,2,0,accepted
after,trap_aggressive,4,27,152009,355009,1,1,2,0,accepted
after,trap_aggressive,4,28,160079,363079,1,1,2,0,accepted
after,trap_aggressive,4,29,193916,396916,1,1,3,0,accepted
after,trap_aggressive,4,30,331635,534635,1,1,3,0,accepted
after,trap_aggressive,4,31,311835,514835,1,1,3,0,accepted
after,trap_aggressive,4,32,447888,650888,1,1,3,0,accepted
after,trap_aggressive,4,33,480080,683080,1,1,3,0,accepted
after,trap_aggressive,4,34,509608,712608,1,1,3,0,accepted
after,trap_aggressive,4,35,532047,735047,1,1,3,0,accepted
before,trap_aggressive,6,1,21973,99973,0,1,0,0,unavailable
before,trap_aggressive,6,2,21819,99819,0,1,0,0,unavailable
before,trap_aggressive,6,3,21699,99699,0,1,0,0,unavailable
before,trap_aggressive,6,4,21685,99685,0,1,0,0,unavailable
before,trap_aggressive,6,5,21656,99656,0,1,0,0,unavailable
before,trap_aggressive,6,6,21604,99604,0,1,0,0,unavailable
before,trap_aggressive,6,7,21604,99604,0,1,0,0,unavailable
before,trap_aggressive,6,8,26686,104686,0,1,0,0,unavailable
before,trap_aggressive,6,9,6932,84932,0,1,0,0,unavailable
before,trap_aggressive,6,10,14514,92514,0,1,0,0,unavailable
before,trap_aggressive,6,11,14810,92810,0,1,0,0,unavailable
before,trap_aggressive,6,12,14672,92672,0,1,0,0,unavailable
before,trap_aggressive,6,13,19318,97318,0,1,0,0,unavailable
before,trap_aggressive,6,14,19318,97318,0,1,0,0,unavailable
before,trap_aggressive,6,15,19277,97277,0,1,0,0,unavailable
before,trap_aggressive,6,16,27007,105007,0,1,0,0,unavailable
before,trap_aggressive,6,17,22793,100793,0,1,0,0,unavailable
before,trap_aggressive,6,18,22708,100708,0,1,0,0,unavailable
before,trap_aggressive,6,19,22080,100080,0,1,0,0,unavailable
before,trap_aggressive,6,20,21660,99660,0,1,0,0,unavailable
before,trap_aggressive,6,21,30946,108946,0,1,0,0,unavailable
before,trap_aggressive,6,22,30794,108794,0,1,0,0,unavailable
before,trap_aggressive,6,23,30673,108673,0,1,0,0,unavailable
before,trap_aggressive,6,24,30889,108889,0,1,0,0,unavailable
before,trap_aggressive,6,25,31216,109216,0,1,0,0,unavailable
before,trap_aggressive,6,26,15750,93750,0,1,0,0,unavailable
before,trap_aggressive,6,27,15693,93693,0,1,0,0,unavailable
before,trap_aggressive,6,28,18391,96391,0,1,0,0,unavailable
before,trap_aggressive,6,29,28315,106315,0,1,0,0,unavailable
before,trap_aggressive,6,30,28286,106286,0,1,0,0,unavailable
before,trap_aggressive,6,31,28286,106286,0,1,0,0,unavailable
before,trap_aggressive,6,32,29918,107918,0,1,0,0,unavailable
before,trap_aggressive,6,33,29471,107471,0,1,0,0,unavailable
before,trap_aggressive,6,34,29301,107301,0,1,0,0,unavailable
before,trap_aggressive,6,35,29287,107287,0,1,0,0,unavailable
after,trap_aggressive,5,1,21968,99968,0,1,0,0,unavailable
after,trap_aggressive,5,2,21890,99890,0,1,0,0,unavailable
after,trap_aggressive,5,3,21890,99890,0,1,0,0,unavailable
after,trap_aggressive,5,4,21873,99873,0,1,0,0,unavailable
after,trap_aggressive,5,5,21735,99735,0,1,0,0,unavailable
after,trap_aggressive,5,6,21717,99717,0,1,0,0,unavailable
after,trap_aggressive,5,7,21703,99703,0,1,0,0,unavailable
after,trap_aggressive,5,8,27665,105665,0,1,0,0,unavailable
after,trap_aggressive,5,9,7975,85975,0,1,0,0,unavailable
after,trap_aggressive,5,10,3761,81761,0,1,0,0,unavailable
after,trap_aggressive,5,11,3685,81685,0,1,0,0,unavailable
after,trap_aggressive,5,12,3645,81645,0,1,0,0,unavailable
after,trap_aggressive,5,13,8671,86671,0,1,0,0,unavailable
after,trap_aggressive,5,14,8671,86671,0,1,0,0,unavailable
after,trap_aggressive,5,15,8615,86615,0,1,0,0,unavailable
after,trap_aggressive,5,16,124837,202837,0,1,0,0,accepted
after,trap_aggressive,5,17,219016,297016,0,1,1,0,accepted
after,trap_aggressive,5,18,55744,133744,0,1,2,0,accepted
after,trap_aggressive,5,19,38537,116537,0,1,2,0,accepted
after,trap_aggressive,5,20,152432,230432,0,1,2,0,accepted
after,trap_aggressive,5,21,145763,223763,0,1,2,0,accepted
after,trap_aggressive,5,22,153469,231469,0,1,2,0,accepted
after,trap_aggressive,5,23,161231,239231,0,1,2,0,accepted
after,trap_aggressive,5,24,95345,173345,0,1,2,0,accepted
after,trap_aggressive,5,25,239907,317907,0,1,2,0,accepted
after,trap_aggressive,5,26,247037,325037,0,1,2,0,accepted
after,trap_aggressive,5,27,252010,455010,1,1,2,0,accepted
after,trap_aggressive,5,28,208216,411216,1,1,2,0,accepted
after,trap_aggressive,5,29,95178,298178,1,1,3,0,accepted
after,trap_aggressive,5,30,72364,275364,1,1,3,0,accepted
after,trap_aggressive,5,31,81548,284548,1,1,3,0,accepted
after,trap_aggressive,5,32,161963,364963,1,1,3,0,accepted
after,trap_aggressive,5,33,189670,392670,1,1,3,0,accepted
after,trap_aggressive,5,34,299970,502970,1,1,3,0,accepted
after,trap_aggressive,5,35,699635,902635,1,1,3,0,accepted
before,trap_aggressive,7,1,21971,99971,0,1,0,0,unavailable
before,trap_aggressive,7,2,21883,99883,0,1,0,0,unavailable
before,trap_aggressive,7,3,21807,99807,0,1,0,0,unavailable
before,trap_aggressive,7,4,20769,98769,0,1,0,0,unavailable
before,trap_aggressive,7,5,20748,98748,0,1,0,0,unavailable
before,trap_aggressive,7,6,20696,98696,0,1,0,0,unavailable
before,trap_aggressive,7,7,20658,98658,0,1,0,0,unavailable
before,trap_aggressive,7,8,26640,104640,0,1,0,0,unavailable
before,trap_aggressive,7,9,2364,80364,0,1,0,0,unavailable
before,trap_aggressive,7,10,2322,80322,0,1,0,0,unavailable
before,trap_aggressive,7,11,2511,80511,0,1,0,0,unavailable
before,trap_aggressive,7,12,7508,85508,0,1,0,0,unavailable
before,trap_aggressive,7,13,7488,85488,0,1,0,0,unavailable
before,trap_aggressive,7,14,7812,85812,0,1,0,0,unavailable
before,trap_aggressive,7,15,8791,86791,0,1,0,0,unavailable
before,trap_aggressive,7,16,8692,86692,0,1,0,0,unavailable
before,trap_aggressive,7,17,7334,85334,0,1,0,0,unavailable
before,trap_aggressive,7,18,7659,85659,0,1,0,0,unavailable
before,trap_aggressive,7,19,7659,85659,0,1,0,0,unavailable
before,trap_aggressive,7,20,7596,85596,0,1,0,0,unavailable
before,trap_aggressive,7,21,7520,85520,0,1,0,0,unavailable
before,trap_aggressive,7,22,7745,85745,0,1,0,0,unavailable
before,trap_aggressive,7,23,7316,85316,0,1,0,0,unavailable
before,trap_aggressive,7,24,16392,94392,0,1,0,0,unavailable
before,trap_aggressive,7,25,26047,104047,0,1,0,0,unavailable
before,trap_aggressive,7,26,10963,88963,0,1,0,0,unavailable
before,trap_aggressive,7,27,10873,88873,0,1,0,0,unavailable
before,trap_aggressive,7,28,10855,88855,0,1,0,0,unavailable
before,trap_aggressive,7,29,47697,125697,0,1,1,0,unavailable
before,trap_aggressive,7,30,28283,106283,0,1,1,0,unavailable
before,trap_aggressive,7,31,12869,90869,0,1,1,0,unavailable
before,trap_aggressive,7,32,18375,96375,0,1,1,0,unavailable
before,trap_aggressive,7,33,23975,101975,0,1,1,0,unavailable
before,trap_aggressive,7,34,21608,99608,0,1,1,0,unavailable
before,trap_aggressive,7,35,27032,105032,0,1,1,0,unavailable
after,trap_aggressive,6,1,21971,99971,0,1,0,0,unavailable
after,trap_aggressive,6,2,21773,99773,0,1,0,0,unavailable
after,trap_aggressive,6,3,21759,99759,0,1,0,0,unavailable
after,trap_aggressive,6,4,21660,99660,0,1,0,0,unavailable
after,trap_aggressive,6,5,21623,99623,0,1,0,0,unavailable
after,trap_aggressive,6,6,21585,99585,0,1,0,0,unavailable
after,trap_aggressive,6,7,21551,99551,0,1,0,0,unavailable
after,trap_aggressive,6,8,27422,105422,0,1,0,0,unavailable
after,trap_aggressive,6,9,27691,105691,0,1,0,1,unavailable
after,trap_aggressive,6,10,23461,101461,0,1,0,1,unavailable
after,trap_aggressive,6,11,35385,113385,0,1,0,3,unavailable
after,trap_aggressive,6,12,10361,88361,0,1,0,3,unavailable
after,trap_aggressive,6,13,10241,88241,0,1,0,4,unavailable
after,trap_aggressive,6,14,10223,88223,0,1,0,4,unavailable
after,trap_aggressive,6,15,11484,89484,0,1,0,4,unavailable
after,trap_aggressive,6,16,11364,89364,0,0,0,5,accepted
after,trap_aggressive,6,17,11292,89292,0,0,0,5,accepted
after,trap_aggressive,6,18,11292,89292,0,0,0,5,accepted
after,trap_aggressive,6,19,12997,90997,0,0,0,5,accepted
after,trap_aggressive,6,20,14425,92425,0,0,0,5,accepted
after,trap_aggressive,6,21,14726,92726,0,0,0,5,accepted
after,trap_aggressive,6,22,12612,90612,0,0,0,5,accepted
after,trap_aggressive,6,23,16975,94975,0,0,0,5,accepted
after,trap_aggressive,6,24,92037,170037,0,0,0,5,accepted
after,trap_aggressive,6,25,67335,145335,0,0,0,5,accepted
after,trap_aggressive,6,26,30875,108875,0,0,1,5,accepted
after,trap_aggressive,6,27,32159,110159,0,0,1,5,accepted
after,trap_aggressive,6,28,12683,90683,0,0,1,5,accepted
after,trap_aggressive,6,29,93522,171522,0,0,1,5,accepted
after,trap_aggressive,6,30,69564,147564,0,0,1,5,accepted
after,trap_aggressive,6,31,94197,172197,0,0,1,5,accepted
after,trap_aggressive,6,32,101820,179820,0,0,1,5,accepted
after,trap_aggressive,6,33,107370,185370,0,0,1,5,accepted
after,trap_aggressive,6,34,30682,108682,0,0,1,5,accepted
after,trap_aggressive,6,35,36282,114282,0,0,1,5,accepted
before,trap_aggressive,8,1,21968,99968,0,1,0,0,unavailable
before,trap_aggressive,8,2,21836,99836,0,1,0,0,unavailable
before,trap_aggressive,8,3,21675,99675,0,1,0,0,unavailable
before,trap_aggressive,8,4,21639,99639,0,1,0,0,unavailable
before,trap_aggressive,8,5,21529,99529,0,1,0,0,unavailable
before,trap_aggressive,8,6,21415,99415,0,1,0,0,unavailable
before,trap_aggressive,8,7,21337,99337,0,1,0,0,unavailable
before,trap_aggressive,8,8,27217,105217,0,1,0,0,unavailable
before,trap_aggressive,8,9,27217,105217,0,1,0,1,unavailable
before,trap_aggressive,8,10,30149,108149,0,1,0,1,unavailable
before,trap_aggressive,8,11,42119,120119,0,1,0,3,unavailable
before,trap_aggressive,8,12,22552,100552,0,1,0,3,unavailable
before,trap_aggressive,8,13,27531,105531,0,1,0,4,unavailable
before,trap_aggressive,8,14,27417,105417,0,1,0,4,unavailable
before,trap_aggressive,8,15,27724,105724,0,1,0,4,unavailable
before,trap_aggressive,8,16,31254,109254,0,0,0,5,unavailable
before,trap_aggressive,8,17,31179,109179,0,0,0,5,unavailable
before,trap_aggressive,8,18,31156,109156,0,0,0,5,unavailable
before,trap_aggressive,8,19,31156,109156,0,0,0,5,unavailable
before,trap_aggressive,8,20,32326,110326,0,0,0,5,unavailable
before,trap_aggressive,8,21,16618,94618,0,0,0,5,unavailable
before,trap_aggressive,8,22,25904,103904,0,0,0,5,unavailable
before,trap_aggressive,8,23,26151,104151,0,0,0,5,unavailable
before,trap_aggressive,8,24,16393,94393,0,0,0,5,unavailable
before,trap_aggressive,8,25,16718,94718,0,0,0,5,unavailable
before,trap_aggressive,8,26,16718,94718,0,0,0,5,unavailable
before,trap_aggressive,8,27,15724,93724,0,0,0,5,unavailable
before,trap_aggressive,8,28,17583,95583,0,0,0,5,unavailable
before,trap_aggressive,8,29,28815,106815,0,0,1,5,unavailable
before,trap_aggressive,8,30,30166,108166,0,0,1,5,unavailable
before,trap_aggressive,8,31,25766,103766,0,0,1,5,unavailable
before,trap_aggressive,8,32,31352,109352,0,0,1,5,unavailable
before,trap_aggressive,8,33,11885,89885,0,0,1,5,unavailable
before,trap_aggressive,8,34,17451,95451,0,0,1,5,unavailable
before,trap_aggressive,8,35,22932,100932,0,0,1,5,unavailable
after,trap_aggressive,7,1,21971,99971,0,1,0,0,unavailable
after,trap_aggressive,7,2,21903,99903,0,1,0,0,unavailable
after,trap_aggressive,7,3,21818,99818,0,1,0,0,unavailable
after,trap_aggressive,7,4,21801,99801,0,1,0,0,unavailable
after,trap_aggressive,7,5,21692,99692,0,1,0,0,unavailable
after,trap_aggressive,7,6,21634,99634,0,1,0,0,unavailable
after,trap_aggressive,7,7,16458,94458,0,1,0,0,unavailable
after,trap_aggressive,7,8,22420,100420,0,1,0,0,unavailable
after,trap_aggressive,7,9,20500,98500,0,1,0,1,unavailable
after,trap_aggressive,7,10,27747,105747,0,1,0,1,unavailable
after,trap_aggressive,7,11,38518,116518,0,1,0,3,unavailable
after,trap_aggressive,7,12,13518,91518,0,1,0,3,unavailable
after,trap_aggressive,7,13,13793,91793,0,1,0,4,unavailable
after,trap_aggressive,7,14,13670,91670,0,1,0,4,unavailable
after,trap_aggressive,7,15,15015,93015,0,1,0,4,unavailable
after,trap_aggressive,7,16,19845,97845,0,1,0,4,accepted
after,trap_aggressive,7,17,130622,208622,0,1,0,5,accepted
after,trap_aggressive,7,18,57108,135108,0,1,1,5,accepted
after,trap_aggressive,7,19,199392,277392,0,1,1,5,accepted
after,trap_aggressive,7,20,103563,181563,0,1,2,5,accepted
after,trap_aggressive,7,21,166754,244754,0,1,2,5,accepted
after,trap_aggressive,7,22,182635,260635,0,1,2,5,accepted
after,trap_aggressive,7,23,191397,269397,0,1,2,5,accepted
after,trap_aggressive,7,24,117452,195452,0,1,2,5,accepted
after,trap_aggressive,7,25,125491,203491,0,1,2,5,accepted
after,trap_aggressive,7,26,135233,213233,0,1,2,5,accepted
after,trap_aggressive,7,27,145006,223006,0,1,2,5,accepted
after,trap_aggressive,7,28,155134,233134,0,1,2,5,accepted
after,trap_aggressive,7,29,259658,337658,0,1,2,5,accepted
after,trap_aggressive,7,30,44710,122710,0,1,3,5,accepted
after,trap_aggressive,7,31,41094,119094,0,1,3,5,accepted
after,trap_aggressive,7,32,52180,130180,0,1,3,5,accepted
after,trap_aggressive,7,33,86368,164368,0,1,3,5,accepted
after,trap_aggressive,7,34,111862,189862,0,1,3,5,accepted
after,trap_aggressive,7,35,135957,213957,0,1,3,5,accepted
after,trap_aggressive,8,1,21968,99968,0,1,0,0,unavailable
after,trap_aggressive,8,2,21913,99913,0,1,0,0,unavailable
after,trap_aggressive,8,3,21752,99752,0,1,0,0,unavailable
after,trap_aggressive,8,4,21734,99734,0,1,0,0,unavailable
after,trap_aggressive,8,5,21720,99720,0,1,0,0,unavailable
after,trap_aggressive,8,6,21562,99562,0,1,0,0,unavailable
after,trap_aggressive,8,7,20533,98533,0,1,0,0,unavailable
after,trap_aggressive,8,8,26519,104519,0,1,0,0,unavailable
after,trap_aggressive,8,9,2299,80299,0,1,0,0,unavailable
after,trap_aggressive,8,10,2281,80281,0,1,0,0,unavailable
after,trap_aggressive,8,11,2203,80203,0,1,0,0,unavailable
after,trap_aggressive,8,12,2203,80203,0,1,0,0,unavailable
after,trap_aggressive,8,13,2185,80185,0,1,0,0,unavailable
after,trap_aggressive,8,14,2454,80454,0,1,0,0,unavailable
after,trap_aggressive,8,15,2661,80661,0,1,0,0,unavailable
after,trap_aggressive,8,16,2576,80576,0,1,0,0,unavailable
after,trap_aggressive,8,17,2921,80921,0,1,0,0,unavailable
after,trap_aggressive,8,18,1817,79817,0,1,0,0,accepted
after,trap_aggressive,8,19,32106,110106,0,1,0,0,accepted
after,trap_aggressive,8,20,6642,84642,0,1,0,0,accepted
after,trap_aggressive,8,21,6522,84522,0,1,0,0,accepted
after,trap_aggressive,8,22,4484,82484,0,1,0,0,accepted
after,trap_aggressive,8,23,8102,86102,0,1,0,0,accepted
after,trap_aggressive,8,24,6042,84042,0,1,0,0,accepted
after,trap_aggressive,8,25,15673,93673,0,1,0,0,accepted
after,trap_aggressive,8,26,14659,92659,0,1,0,0,accepted
after,trap_aggressive,8,27,14521,92521,0,1,0,0,accepted
after,trap_aggressive,8,28,12813,90813,0,1,0,0,accepted
after,trap_aggressive,8,29,49595,127595,0,1,1,0,accepted
after,trap_aggressive,8,30,26695,104695,0,1,1,0,accepted
after,trap_aggressive,8,31,30275,108275,0,1,1,0,accepted
after,trap_aggressive,8,32,33181,111181,0,1,1,0,accepted
after,trap_aggressive,8,33,13763,91763,0,1,1,0,accepted
after,trap_aggressive,8,34,19579,97579,0,1,1,0,accepted
after,trap_aggressive,8,35,25105,103105,0,1,1,0,accepted
before,trap_aggressive,9,1,21871,99871,0,1,0,0,unavailable
before,trap_aggressive,9,2,21703,99703,0,1,0,0,unavailable
before,trap_aggressive,9,3,21604,99604,0,1,0,0,unavailable
before,trap_aggressive,9,4,21595,99595,0,1,0,0,unavailable
before,trap_aggressive,9,5,21181,99181,0,1,0,0,unavailable
before,trap_aggressive,9,6,21087,99087,0,1,0,0,unavailable
before,trap_aggressive,9,7,20949,98949,0,1,0,0,unavailable
before,trap_aggressive,9,8,26031,104031,0,1,0,0,unavailable
before,trap_aggressive,9,9,5911,83911,0,1,0,0,unavailable
before,trap_aggressive,9,10,5843,83843,0,1,0,0,unavailable
before,trap_aggressive,9,11,5811,83811,0,1,0,0,unavailable
before,trap_aggressive,9,12,2391,80391,0,1,0,0,unavailable
before,trap_aggressive,9,13,2628,80628,0,1,0,0,unavailable
before,trap_aggressive,9,14,2592,80592,0,1,0,0,unavailable
before,trap_aggressive,9,15,3593,81593,0,1,0,0,unavailable
before,trap_aggressive,9,16,3593,81593,0,1,0,0,unavailable
before,trap_aggressive,9,17,3464,81464,0,1,0,0,unavailable
before,trap_aggressive,9,18,3408,81408,0,1,0,0,unavailable
before,trap_aggressive,9,19,4750,82750,0,1,0,0,unavailable
before,trap_aggressive,9,20,4621,82621,0,1,0,0,unavailable
before,trap_aggressive,9,21,4831,82831,0,1,0,0,unavailable
before,trap_aggressive,9,22,5008,83008,0,1,0,0,unavailable
before,trap_aggressive,9,23,4844,82844,0,1,0,0,unavailable
before,trap_aggressive,9,24,5030,83030,0,1,0,0,unavailable
before,trap_aggressive,9,25,14639,92639,0,1,0,0,unavailable
before,trap_aggressive,9,26,24814,102814,0,1,0,0,unavailable
before,trap_aggressive,9,27,24729,102729,0,1,0,0,unavailable
before,trap_aggressive,9,28,27156,105156,0,1,0,0,unavailable
before,trap_aggressive,9,29,17142,95142,0,1,0,0,unavailable
before,trap_aggressive,9,30,16722,94722,0,1,0,0,unavailable
before,trap_aggressive,9,31,16590,94590,0,1,0,0,unavailable
before,trap_aggressive,9,32,16534,94534,0,1,0,0,unavailable
before,trap_aggressive,9,33,16534,94534,0,1,0,0,unavailable
before,trap_aggressive,9,34,16440,94440,0,1,0,0,unavailable
before,trap_aggressive,9,35,16288,94288,0,1,0,0,unavailable
before,trap_aggressive,10,1,21862,99862,0,1,0,0,unavailable
before,trap_aggressive,10,2,18168,96168,0,1,0,0,unavailable
before,trap_aggressive,10,3,13930,91930,0,1,0,0,unavailable
before,trap_aggressive,10,4,13810,91810,0,1,0,0,unavailable
before,trap_aggressive,10,5,13707,91707,0,1,0,0,unavailable
before,trap_aggressive,10,6,10204,88204,0,1,0,0,unavailable
before,trap_aggressive,10,7,10184,88184,0,1,0,0,unavailable
before,trap_aggressive,10,8,16108,94108,0,1,0,0,unavailable
before,trap_aggressive,10,9,16014,94014,0,1,0,1,unavailable
before,trap_aggressive,10,10,18894,96894,0,1,0,1,unavailable
before,trap_aggressive,10,11,26360,104360,0,1,0,3,unavailable
before,trap_aggressive,10,12,26266,104266,0,1,0,3,unavailable
before,trap_aggressive,10,13,26266,104266,0,1,0,4,unavailable
before,trap_aggressive,10,14,32561,110561,0,1,0,4,unavailable
before,trap_aggressive,10,15,32789,110789,0,1,0,4,unavailable
before,trap_aggressive,10,16,33028,111028,0,0,0,5,unavailable
before,trap_aggressive,10,17,33012,111012,0,0,0,5,unavailable
before,trap_aggressive,10,18,32976,110976,0,0,0,5,unavailable
before,trap_aggressive,10,19,32882,110882,0,0,0,5,unavailable
before,trap_aggressive,10,20,32842,110842,0,0,0,5,unavailable
before,trap_aggressive,10,21,32747,110747,0,0,0,5,unavailable
before,trap_aggressive,10,22,32942,110942,0,0,0,5,unavailable
before,trap_aggressive,10,23,32784,110784,0,0,0,5,unavailable
before,trap_aggressive,10,24,22752,100752,0,0,0,5,unavailable
before,trap_aggressive,10,25,22947,100947,0,0,0,5,unavailable
before,trap_aggressive,10,26,23279,101279,0,0,0,5,unavailable
before,trap_aggressive,10,27,23103,101103,0,0,0,5,unavailable
before,trap_aggressive,10,28,23085,101085,0,0,0,5,unavailable
before,trap_aggressive,10,29,51984,129984,0,0,1,5,unavailable
before,trap_aggressive,10,30,32471,110471,0,0,1,5,unavailable
before,trap_aggressive,10,31,28071,106071,0,0,1,5,unavailable
before,trap_aggressive,10,32,33535,111535,0,0,1,5,unavailable
before,trap_aggressive,10,33,14005,92005,0,0,1,5,unavailable
before,trap_aggressive,10,34,19547,97547,0,0,1,5,unavailable
before,trap_aggressive,10,35,25401,103401,0,0,1,5,unavailable
after,trap_aggressive,9,1,21871,99871,0,1,0,0,unavailable
after,trap_aggressive,9,2,21733,99733,0,1,0,0,unavailable
after,trap_aggressive,9,3,21634,99634,0,1,0,0,unavailable
after,trap_aggressive,9,4,21540,99540,0,1,0,0,unavailable
after,trap_aggressive,9,5,21360,99360,0,1,0,0,unavailable
after,trap_aggressive,9,6,21321,99321,0,1,0,0,unavailable
after,trap_aggressive,9,7,21283,99283,0,1,0,0,unavailable
after,trap_aggressive,9,8,27593,105593,0,1,0,0,unavailable
after,trap_aggressive,9,9,7593,85593,0,1,0,0,unavailable
after,trap_aggressive,9,10,14830,92830,0,1,0,0,unavailable
after,trap_aggressive,9,11,14392,92392,0,1,0,0,unavailable
after,trap_aggressive,9,12,14674,92674,0,1,0,0,unavailable
after,trap_aggressive,9,13,14575,92575,0,1,0,0,unavailable
after,trap_aggressive,9,14,14575,92575,0,1,0,0,unavailable
after,trap_aggressive,9,15,14533,92533,0,1,0,0,unavailable
after,trap_aggressive,9,16,13443,91443,0,1,0,0,accepted
after,trap_aggressive,9,17,158053,236053,0,1,0,0,accepted
after,trap_aggressive,9,18,191830,269830,0,1,1,0,accepted
after,trap_aggressive,9,19,114996,317996,1,1,2,0,accepted
after,trap_aggressive,9,20,96733,299733,1,1,2,0,accepted
after,trap_aggressive,9,21,76975,279975,1,1,2,0,accepted
after,trap_aggressive,9,22,68008,271008,1,1,2,0,accepted
after,trap_aggressive,9,23,78166,281166,1,1,2,0,accepted
after,trap_aggressive,9,24,94887,297887,1,1,2,0,accepted
after,trap_aggressive,9,25,46418,249418,1,1,2,0,accepted
after,trap_aggressive,9,26,84552,287552,1,1,2,0,accepted
after,trap_aggressive,9,27,159514,362514,1,1,2,0,accepted
after,trap_aggressive,9,28,171623,374623,1,1,2,0,accepted
after,trap_aggressive,9,29,16223,219223,1,1,3,0,accepted
after,trap_aggressive,9,30,12156,215156,1,1,3,0,accepted
after,trap_aggressive,9,31,13351,216351,1,1,3,0,accepted
after,trap_aggressive,9,32,10551,213551,1,1,3,0,accepted
after,trap_aggressive,9,33,21733,224733,1,1,3,0,accepted
after,trap_aggressive,9,34,31685,234685,1,1,3,0,accepted
after,trap_aggressive,9,35,56809,259809,1,1,3,0,accepted
before,trap_wholesale,1,1,21877,99877,0,1,0,0,unavailable
before,trap_wholesale,1,2,21839,99839,0,1,0,0,unavailable
before,trap_wholesale,1,3,21839,99839,0,1,0,0,unavailable
before,trap_wholesale,1,4,20616,98616,0,1,0,0,unavailable
before,trap_wholesale,1,5,20493,98493,0,1,0,0,unavailable
before,trap_wholesale,1,6,20302,98302,0,1,0,0,unavailable
before,trap_wholesale,1,7,20217,98217,0,1,0,0,unavailable
before,trap_wholesale,1,8,26141,104141,0,1,0,0,unavailable
before,trap_wholesale,1,9,6042,84042,0,1,0,0,unavailable
before,trap_wholesale,1,10,6026,84026,0,1,0,0,unavailable
before,trap_wholesale,1,11,5990,83990,0,1,0,0,unavailable
before,trap_wholesale,1,12,5990,83990,0,1,0,0,unavailable
before,trap_wholesale,1,13,6117,84117,0,1,0,0,unavailable
before,trap_wholesale,1,14,6048,84048,0,1,0,0,unavailable
before,trap_wholesale,1,15,6149,84149,0,1,0,0,unavailable
before,trap_wholesale,1,16,12809,90809,0,1,0,0,unavailable
before,trap_wholesale,1,17,12573,90573,0,1,0,0,unavailable
before,trap_wholesale,1,18,12139,90139,0,1,0,0,unavailable
before,trap_wholesale,1,19,13858,91858,0,1,0,0,unavailable
before,trap_wholesale,1,20,13772,91772,0,1,0,0,unavailable
before,trap_wholesale,1,21,13740,91740,0,1,0,0,unavailable
before,trap_wholesale,1,22,13967,91967,0,1,0,0,unavailable
before,trap_wholesale,1,23,13944,91944,0,1,0,0,unavailable
before,trap_wholesale,1,24,23509,101509,0,1,0,0,unavailable
before,trap_wholesale,1,25,23415,101415,0,1,0,0,unavailable
before,trap_wholesale,1,26,23383,101383,0,1,0,0,unavailable
before,trap_wholesale,1,27,23307,101307,0,1,0,0,unavailable
before,trap_wholesale,1,28,23567,101567,0,1,0,0,unavailable
before,trap_wholesale,1,29,52068,130068,0,1,1,0,unavailable
before,trap_wholesale,1,30,50473,128473,0,1,1,0,unavailable
before,trap_wholesale,1,31,48941,126941,0,1,1,0,unavailable
before,trap_wholesale,1,32,47541,125541,0,1,1,0,unavailable
before,trap_wholesale,1,33,45980,123980,0,1,1,0,unavailable
before,trap_wholesale,1,34,44557,122557,0,1,1,0,unavailable
before,trap_wholesale,1,35,43119,121119,0,1,1,0,unavailable
after,trap_aggressive,10,1,21862,99862,0,1,0,0,unavailable
after,trap_aggressive,10,2,21348,99348,0,1,0,0,unavailable
after,trap_aggressive,10,3,21328,99328,0,1,0,0,unavailable
after,trap_aggressive,10,4,21167,99167,0,1,0,0,unavailable
after,trap_aggressive,10,5,21082,99082,0,1,0,0,unavailable
after,trap_aggressive,10,6,20968,98968,0,1,0,0,unavailable
after,trap_aggressive,10,7,20940,98940,0,1,0,0,unavailable
after,trap_aggressive,10,8,26902,104902,0,1,0,0,unavailable
after,trap_aggressive,10,9,2582,80582,0,1,0,0,unavailable
after,trap_aggressive,10,10,2424,80424,0,1,0,0,unavailable
after,trap_aggressive,10,11,2283,80283,0,1,0,0,unavailable
after,trap_aggressive,10,12,7324,85324,0,1,0,0,unavailable
after,trap_aggressive,10,13,12055,90055,0,1,0,0,unavailable
after,trap_aggressive,10,14,12297,90297,0,1,0,0,unavailable
after,trap_aggressive,10,15,13572,91572,0,1,0,0,unavailable
after,trap_aggressive,10,16,12572,90572,0,1,0,0,accepted
after,trap_aggressive,10,17,116012,194012,0,1,0,0,accepted
after,trap_aggressive,10,18,42574,120574,0,1,1,0,accepted
after,trap_aggressive,10,19,21477,99477,0,1,1,0,accepted
after,trap_aggressive,10,20,124669,202669,0,1,1,0,accepted
after,trap_aggressive,10,21,135875,213875,0,1,1,0,accepted
after,trap_aggressive,10,22,231037,309037,0,1,1,0,accepted
after,trap_aggressive,10,23,187967,265967,0,1,2,0,accepted
after,trap_aggressive,10,24,221853,299853,0,1,2,0,accepted
after,trap_aggressive,10,25,266433,469433,1,1,2,0,accepted
after,trap_aggressive,10,26,152984,355984,1,1,3,0,accepted
after,trap_aggressive,10,27,356535,559535,1,1,3,0,accepted
after,trap_aggressive,10,28,364792,567792,1,1,3,0,accepted
after,trap_aggressive,10,29,588220,791220,1,1,3,0,accepted
after,trap_aggressive,10,30,821912,1024912,1,1,3,0,accepted
after,trap_aggressive,10,31,845076,1048076,1,1,3,0,accepted
after,trap_aggressive,10,32,1179696,1382696,1,1,3,0,accepted
after,trap_aggressive,10,33,1148558,1351558,1,1,3,0,accepted
after,trap_aggressive,10,34,1171690,1374690,1,1,3,0,accepted
after,trap_aggressive,10,35,1322390,1525390,1,1,3,0,accepted
after,trap_wholesale,1,1,21930,99930,0,1,0,0,unavailable
after,trap_wholesale,1,2,21832,99832,0,1,0,0,unavailable
after,trap_wholesale,1,3,21672,99672,0,1,0,0,unavailable
after,trap_wholesale,1,4,21481,99481,0,1,0,0,unavailable
after,trap_wholesale,1,5,21402,99402,0,1,0,0,unavailable
after,trap_wholesale,1,6,19451,97451,0,1,0,0,unavailable
after,trap_wholesale,1,7,19396,97396,0,1,0,0,unavailable
after,trap_wholesale,1,8,25276,103276,0,1,0,0,unavailable
after,trap_wholesale,1,9,5156,83156,0,1,0,0,unavailable
after,trap_wholesale,1,10,4913,82913,0,1,0,0,unavailable
after,trap_wholesale,1,11,4897,82897,0,1,0,0,unavailable
after,trap_wholesale,1,12,4897,82897,0,1,0,0,unavailable
after,trap_wholesale,1,13,1974,79974,0,1,0,0,unavailable
after,trap_wholesale,1,14,2257,80257,0,1,0,0,unavailable
after,trap_wholesale,1,15,3124,81124,0,1,0,0,unavailable
after,trap_wholesale,1,16,2979,80979,0,1,0,0,unavailable
after,trap_wholesale,1,17,50520,128520,0,1,0,0,accepted
after,trap_wholesale,1,18,73226,151226,0,1,0,0,accepted
after,trap_wholesale,1,19,92136,170136,0,1,0,0,accepted
after,trap_wholesale,1,20,50991,128991,0,1,1,0,accepted
after,trap_wholesale,1,21,52292,130292,0,1,1,0,accepted
after,trap_wholesale,1,22,59960,137960,0,1,1,0,accepted
after,trap_wholesale,1,23,44709,122709,0,1,1,0,accepted
after,trap_wholesale,1,24,111104,189104,0,1,1,0,accepted
after,trap_wholesale,1,25,26166,104166,0,1,1,0,accepted
after,trap_wholesale,1,26,61856,139856,0,1,1,0,accepted
after,trap_wholesale,1,27,73336,151336,0,1,1,0,accepted
after,trap_wholesale,1,28,97207,175207,0,1,1,0,accepted
after,trap_wholesale,1,29,87932,165932,0,1,2,0,accepted
after,trap_wholesale,1,30,142789,220789,0,1,2,0,accepted
after,trap_wholesale,1,31,97389,175389,0,1,2,0,accepted
after,trap_wholesale,1,32,129297,207297,0,1,2,0,accepted
after,trap_wholesale,1,33,147877,225877,0,1,2,0,accepted
after,trap_wholesale,1,34,165163,243163,0,1,2,0,accepted
after,trap_wholesale,1,35,206870,284870,0,1,2,0,accepted
before,trap_wholesale,2,1,21927,99927,0,1,0,0,unavailable
before,trap_wholesale,2,2,21875,99875,0,1,0,0,unavailable
before,trap_wholesale,2,3,21670,99670,0,1,0,0,unavailable
before,trap_wholesale,2,4,21532,99532,0,1,0,0,unavailable
before,trap_wholesale,2,5,21456,99456,0,1,0,0,unavailable
before,trap_wholesale,2,6,21298,99298,0,1,0,0,unavailable
before,trap_wholesale,2,7,21200,99200,0,1,0,0,unavailable
before,trap_wholesale,2,8,26680,104680,0,1,0,0,unavailable
before,trap_wholesale,2,9,2466,80466,0,1,0,0,unavailable
before,trap_wholesale,2,10,2390,80390,0,1,0,0,unavailable
before,trap_wholesale,2,11,2676,80676,0,1,0,0,unavailable
before,trap_wholesale,2,12,2676,80676,0,1,0,0,unavailable
before,trap_wholesale,2,13,2526,80526,0,1,0,0,unavailable
before,trap_wholesale,2,14,2432,80432,0,1,0,0,unavailable
before,trap_wholesale,2,15,3615,81615,0,1,0,0,unavailable
before,trap_wholesale,2,16,3195,81195,0,1,0,0,unavailable
before,trap_wholesale,2,17,3477,81477,0,1,0,0,unavailable
before,trap_wholesale,2,18,3433,81433,0,1,0,0,unavailable
before,trap_wholesale,2,19,3717,81717,0,1,0,0,unavailable
before,trap_wholesale,2,20,3643,81643,0,1,0,0,unavailable
before,trap_wholesale,2,21,3853,81853,0,1,0,0,unavailable
before,trap_wholesale,2,22,3715,81715,0,1,0,0,unavailable
before,trap_wholesale,2,23,3658,81658,0,1,0,0,unavailable
before,trap_wholesale,2,24,3600,81600,0,1,0,0,unavailable
before,trap_wholesale,2,25,3474,81474,0,1,0,0,unavailable
before,trap_wholesale,2,26,13691,91691,0,1,0,0,unavailable
before,trap_wholesale,2,27,13571,91571,0,1,0,0,unavailable
before,trap_wholesale,2,28,16004,94004,0,1,0,0,unavailable
before,trap_wholesale,2,29,44415,122415,0,1,1,0,unavailable
before,trap_wholesale,2,30,42849,120849,0,1,1,0,unavailable
before,trap_wholesale,2,31,41273,119273,0,1,1,0,unavailable
before,trap_wholesale,2,32,37972,115972,0,1,1,0,unavailable
before,trap_wholesale,2,33,36780,114780,0,1,1,0,unavailable
before,trap_wholesale,2,34,35270,113270,0,1,1,0,unavailable
before,trap_wholesale,2,35,33818,111818,0,1,1,0,unavailable
before,trap_wholesale,3,1,21886,99886,0,1,0,0,unavailable
before,trap_wholesale,3,2,21694,99694,0,1,0,0,unavailable
before,trap_wholesale,3,3,21676,99676,0,1,0,0,unavailable
before,trap_wholesale,3,4,21499,99499,0,1,0,0,unavailable
before,trap_wholesale,3,5,21419,99419,0,1,0,0,unavailable
before,trap_wholesale,3,6,21387,99387,0,1,0,0,unavailable
before,trap_wholesale,3,7,21302,99302,0,1,0,0,unavailable
before,trap_wholesale,3,8,27242,105242,0,1,0,0,unavailable
before,trap_wholesale,3,9,27122,105122,0,1,0,1,unavailable
before,trap_wholesale,3,10,30070,108070,0,1,0,1,unavailable
before,trap_wholesale,3,11,38632,116632,0,1,0,3,unavailable
before,trap_wholesale,3,12,38632,116632,0,1,0,3,unavailable
before,trap_wholesale,3,13,38616,116616,0,1,0,4,unavailable
before,trap_wholesale,3,14,38571,116571,0,1,0,4,unavailable
before,trap_wholesale,3,15,38868,116868,0,1,0,4,unavailable
before,trap_wholesale,3,16,34434,112434,0,1,0,4,unavailable
before,trap_wholesale,3,17,34411,112411,0,1,0,5,unavailable
before,trap_wholesale,3,18,44154,122154,0,1,0,5,unavailable
before,trap_wholesale,3,19,45552,123552,0,1,0,5,unavailable
before,trap_wholesale,3,20,45712,123712,0,1,0,5,unavailable
before,trap_wholesale,3,21,53914,131914,0,1,0,5,unavailable
before,trap_wholesale,3,22,62845,140845,0,1,0,5,unavailable
before,trap_wholesale,3,23,59716,137716,0,1,0,5,unavailable
before,trap_wholesale,3,24,58789,136789,0,1,0,5,unavailable
before,trap_wholesale,3,25,58669,136669,0,1,0,5,unavailable
before,trap_wholesale,3,26,58582,136582,0,1,0,5,unavailable
before,trap_wholesale,3,27,62117,140117,0,1,0,5,unavailable
before,trap_wholesale,3,28,64564,142564,0,1,0,5,unavailable
before,trap_wholesale,3,29,91341,169341,0,1,1,5,unavailable
before,trap_wholesale,3,30,65221,143221,0,1,1,5,unavailable
before,trap_wholesale,3,31,58021,136021,0,1,1,5,unavailable
before,trap_wholesale,3,32,60754,138754,0,1,1,5,unavailable
before,trap_wholesale,3,33,62985,140985,0,1,1,5,unavailable
before,trap_wholesale,3,34,40682,118682,0,1,1,5,unavailable
before,trap_wholesale,3,35,53254,131254,0,1,1,5,unavailable
after,trap_wholesale,2,1,21842,99842,0,1,0,0,unavailable
after,trap_wholesale,2,2,21790,99790,0,1,0,0,unavailable
after,trap_wholesale,2,3,21685,99685,0,1,0,0,unavailable
after,trap_wholesale,2,4,21557,99557,0,1,0,0,unavailable
after,trap_wholesale,2,5,21458,99458,0,1,0,0,unavailable
after,trap_wholesale,2,6,18800,96800,0,1,0,0,unavailable
after,trap_wholesale,2,7,18677,96677,0,1,0,0,unavailable
after,trap_wholesale,2,8,24598,102598,0,1,0,0,unavailable
after,trap_wholesale,2,9,24584,102584,0,1,0,1,unavailable
after,trap_wholesale,2,10,34825,112825,0,1,0,1,unavailable
after,trap_wholesale,2,11,42787,120787,0,1,0,3,unavailable
after,trap_wholesale,2,12,42787,120787,0,1,0,3,unavailable
after,trap_wholesale,2,13,42626,120626,0,1,0,4,unavailable
after,trap_wholesale,2,14,42907,120907,0,1,0,4,unavailable
after,trap_wholesale,2,15,43120,121120,0,1,0,4,unavailable
after,trap_wholesale,2,16,46900,124900,0,1,0,4,accepted
after,trap_wholesale,2,17,46780,124780,0,1,0,5,accepted
after,trap_wholesale,2,18,54162,132162,0,1,0,5,accepted
after,trap_wholesale,2,19,66589,144589,0,1,0,5,accepted
after,trap_wholesale,2,20,71475,149475,0,1,0,5,accepted
after,trap_wholesale,2,21,157396,235396,0,1,0,5,accepted
after,trap_wholesale,2,22,43397,121397,0,1,1,5,accepted
after,trap_wholesale,2,23,96140,174140,0,1,1,5,accepted
after,trap_wholesale,2,24,72008,150008,0,1,1,5,accepted
after,trap_wholesale,2,25,62056,140056,0,1,1,5,accepted
after,trap_wholesale,2,26,96090,174090,0,1,1,5,accepted
after,trap_wholesale,2,27,35694,113694,0,1,1,5,accepted
after,trap_wholesale,2,28,169880,247880,0,1,1,5,accepted
after,trap_wholesale,2,29,157079,235079,0,1,2,5,accepted
after,trap_wholesale,2,30,182149,260149,0,1,2,5,accepted
after,trap_wholesale,2,31,239429,317429,0,1,2,5,accepted
after,trap_wholesale,2,32,285491,363491,0,1,2,5,accepted
after,trap_wholesale,2,33,32904,110904,0,1,3,5,accepted
after,trap_wholesale,2,34,66904,144904,0,1,3,5,accepted
after,trap_wholesale,2,35,111676,189676,0,1,3,5,accepted
after,trap_wholesale,3,1,21971,99971,0,1,0,0,unavailable
after,trap_wholesale,3,2,21858,99858,0,1,0,0,unavailable
after,trap_wholesale,3,3,21653,99653,0,1,0,0,unavailable
after,trap_wholesale,3,4,21618,99618,0,1,0,0,unavailable
after,trap_wholesale,3,5,21604,99604,0,1,0,0,unavailable
after,trap_wholesale,3,6,18405,96405,0,1,0,0,unavailable
after,trap_wholesale,3,7,18320,96320,0,1,0,0,unavailable
after,trap_wholesale,3,8,24210,102210,0,1,0,0,unavailable
after,trap_wholesale,3,9,4192,82192,0,1,0,0,unavailable
after,trap_wholesale,3,10,4156,82156,0,1,0,0,unavailable
after,trap_wholesale,3,11,4031,82031,0,1,0,0,unavailable
after,trap_wholesale,3,12,4031,82031,0,1,0,0,unavailable
after,trap_wholesale,3,13,4002,82002,0,1,0,0,unavailable
after,trap_wholesale,3,14,2479,80479,0,1,0,0,unavailable
after,trap_wholesale,3,15,619,78619,0,1,0,0,unavailable
after,trap_wholesale,3,16,525,78525,0,1,0,0,unavailable
after,trap_wholesale,3,17,449,78449,0,1,0,0,unavailable
after,trap_wholesale,3,18,397,78397,0,1,0,0,unavailable
after,trap_wholesale,3,19,374,78374,0,1,0,0,unavailable
after,trap_wholesale,3,20,1550,79550,0,1,0,0,unavailable
after,trap_wholesale,3,21,1430,79430,0,1,0,0,accepted
after,trap_wholesale,3,22,25641,103641,0,1,0,0,accepted
after,trap_wholesale,3,23,38940,116940,0,1,0,0,accepted
after,trap_wholesale,3,24,54339,132339,0,1,0,0,accepted
after,trap_wholesale,3,25,64725,142725,0,1,0,0,accepted
after,trap_wholesale,3,26,25083,103083,0,1,0,0,accepted
after,trap_wholesale,3,27,76230,154230,0,1,0,0,accepted
after,trap_wholesale,3,28,91364,169364,0,1,0,0,accepted
after,trap_wholesale,3,29,132125,210125,0,1,1,0,accepted
after,trap_wholesale,3,30,53876,131876,0,1,1,0,accepted
after,trap_wholesale,3,31,68770,146770,0,1,1,0,accepted
after,trap_wholesale,3,32,100456,178456,0,1,1,0,accepted
after,trap_wholesale,3,33,115680,193680,0,1,1,0,accepted
after,trap_wholesale,3,34,139580,217580,0,1,1,0,accepted
after,trap_wholesale,3,35,96066,174066,0,1,1,0,accepted
before,trap_wholesale,4,1,21862,99862,0,1,0,0,unavailable
before,trap_wholesale,4,2,21774,99774,0,1,0,0,unavailable
before,trap_wholesale,4,3,21569,99569,0,1,0,0,unavailable
before,trap_wholesale,4,4,21475,99475,0,1,0,0,unavailable
before,trap_wholesale,4,5,21448,99448,0,1,0,0,unavailable
before,trap_wholesale,4,6,21412,99412,0,1,0,0,unavailable
before,trap_wholesale,4,7,21327,99327,0,1,0,0,unavailable
before,trap_wholesale,4,8,27251,105251,0,1,0,0,unavailable
before,trap_wholesale,4,9,7227,85227,0,1,0,0,unavailable
before,trap_wholesale,4,10,7169,85169,0,1,0,0,unavailable
before,trap_wholesale,4,11,7060,85060,0,1,0,0,unavailable
before,trap_wholesale,4,12,7060,85060,0,1,0,0,unavailable
before,trap_wholesale,4,13,3100,81100,0,1,0,0,unavailable
before,trap_wholesale,4,14,3059,81059,0,1,0,0,unavailable
before,trap_wholesale,4,15,3041,81041,0,1,0,0,unavailable
before,trap_wholesale,4,16,1221,79221,0,1,0,0,unavailable
before,trap_wholesale,4,17,557,78557,0,1,0,0,unavailable
before,trap_wholesale,4,18,375,78375,0,1,0,0,unavailable
before,trap_wholesale,4,19,1685,79685,0,1,0,0,unavailable
before,trap_wholesale,4,20,367,78367,0,1,0,0,unavailable
before,trap_wholesale,4,21,9939,87939,0,1,0,0,unavailable
before,trap_wholesale,4,22,10140,88140,0,1,0,0,unavailable
before,trap_wholesale,4,23,10092,88092,0,1,0,0,unavailable
before,trap_wholesale,4,24,19206,97206,0,1,0,0,unavailable
before,trap_wholesale,4,25,19176,97176,0,1,0,0,unavailable
before,trap_wholesale,4,26,19066,97066,0,1,0,0,unavailable
before,trap_wholesale,4,27,19006,97006,0,1,0,0,unavailable
before,trap_wholesale,4,28,18921,96921,0,1,0,0,unavailable
before,trap_wholesale,4,29,47643,125643,0,1,1,0,unavailable
before,trap_wholesale,4,30,46123,124123,0,1,1,0,unavailable
before,trap_wholesale,4,31,44662,122662,0,1,1,0,unavailable
before,trap_wholesale,4,32,43262,121262,0,1,1,0,unavailable
before,trap_wholesale,4,33,41711,119711,0,1,1,0,unavailable
before,trap_wholesale,4,34,36297,114297,0,1,1,0,unavailable
before,trap_wholesale,4,35,34803,112803,0,1,1,0,unavailable
before,trap_wholesale,5,1,21971,99971,0,1,0,0,unavailable
before,trap_wholesale,5,2,21935,99935,0,1,0,0,unavailable
before,trap_wholesale,5,3,21798,99798,0,1,0,0,unavailable
before,trap_wholesale,5,4,21757,99757,0,1,0,0,unavailable
before,trap_wholesale,5,5,19151,97151,0,1,0,0,unavailable
before,trap_wholesale,5,6,19119,97119,0,1,0,0,unavailable
before,trap_wholesale,5,7,19087,97087,0,1,0,0,unavailable
before,trap_wholesale,5,8,25069,103069,0,1,0,0,unavailable
before,trap_wholesale,5,9,766,78766,0,1,0,0,unavailable
before,trap_wholesale,5,10,734,78734,0,1,0,0,unavailable
before,trap_wholesale,5,11,965,78965,0,1,0,0,unavailable
before,trap_wholesale,5,12,965,78965,0,1,0,0,unavailable
before,trap_wholesale,5,13,903,78903,0,1,0,0,unavailable
before,trap_wholesale,5,14,785,78785,0,1,0,0,unavailable
before,trap_wholesale,5,15,665,78665,0,1,0,0,unavailable
before,trap_wholesale,5,16,8260,86260,0,1,0,0,unavailable
before,trap_wholesale,5,17,8197,86197,0,1,0,0,unavailable
before,trap_wholesale,5,18,4651,82651,0,1,0,0,unavailable
before,trap_wholesale,5,19,5993,83993,0,1,0,0,unavailable
before,trap_wholesale,5,20,5961,83961,0,1,0,0,unavailable
before,trap_wholesale,5,21,6123,84123,0,1,0,0,unavailable
before,trap_wholesale,5,22,15153,93153,0,1,0,0,unavailable
before,trap_wholesale,5,23,15075,93075,0,1,0,0,unavailable
before,trap_wholesale,5,24,14540,92540,0,1,0,0,unavailable
before,trap_wholesale,5,25,24481,102481,0,1,0,0,unavailable
before,trap_wholesale,5,26,24267,102267,0,1,0,0,unavailable
before,trap_wholesale,5,27,29887,107887,0,1,0,0,unavailable
before,trap_wholesale,5,28,31858,109858,0,1,0,0,unavailable
before,trap_wholesale,5,29,60329,138329,0,1,1,0,unavailable
before,trap_wholesale,5,30,58807,136807,0,1,1,0,unavailable
before,trap_wholesale,5,31,57295,135295,0,1,1,0,unavailable
before,trap_wholesale,5,32,55791,133791,0,1,1,0,unavailable
before,trap_wholesale,5,33,54315,132315,0,1,1,0,unavailable
before,trap_wholesale,5,34,52915,130915,0,1,1,0,unavailable
before,trap_wholesale,5,35,51445,129445,0,1,1,0,unavailable
after,trap_wholesale,4,1,21862,99862,0,1,0,0,unavailable
after,trap_wholesale,4,2,14030,92030,0,1,0,0,unavailable
after,trap_wholesale,4,3,13925,91925,0,1,0,0,unavailable
after,trap_wholesale,4,4,13904,91904,0,1,0,0,unavailable
after,trap_wholesale,4,5,13793,91793,0,1,0,0,unavailable
after,trap_wholesale,4,6,13751,91751,0,1,0,0,unavailable
after,trap_wholesale,4,7,13673,91673,0,1,0,0,unavailable
after,trap_wholesale,4,8,19659,97659,0,1,0,0,unavailable
after,trap_wholesale,4,9,19454,97454,0,1,0,1,unavailable
after,trap_wholesale,4,10,19402,97402,0,1,0,1,unavailable
after,trap_wholesale,4,11,31694,109694,0,1,0,3,unavailable
after,trap_wholesale,4,12,31694,109694,0,1,0,3,unavailable
after,trap_wholesale,4,13,36674,114674,0,1,0,4,unavailable
after,trap_wholesale,4,14,35722,113722,0,1,0,4,unavailable
after,trap_wholesale,4,15,37037,115037,0,1,0,4,unavailable
after,trap_wholesale,4,16,61455,139455,0,1,0,4,accepted
after,trap_wholesale,4,17,60703,138703,0,1,0,5,accepted
after,trap_wholesale,4,18,45354,123354,0,1,0,5,accepted
after,trap_wholesale,4,19,62534,140534,0,1,0,5,accepted
after,trap_wholesale,4,20,63111,141111,0,1,0,5,accepted
after,trap_wholesale,4,21,72766,150766,0,1,0,5,accepted
after,trap_wholesale,4,22,85477,163477,0,1,0,5,accepted
after,trap_wholesale,4,23,104215,182215,0,1,1,5,accepted
after,trap_wholesale,4,24,50197,128197,0,1,1,5,accepted
after,trap_wholesale,4,25,70736,148736,0,1,1,5,accepted
after,trap_wholesale,4,26,116356,194356,0,1,1,5,accepted
after,trap_wholesale,4,27,85244,163244,0,1,1,5,accepted
after,trap_wholesale,4,28,113042,191042,0,1,1,5,accepted
after,trap_wholesale,4,29,99590,177590,0,1,2,5,accepted
after,trap_wholesale,4,30,134761,212761,0,1,2,5,accepted
after,trap_wholesale,4,31,161761,239761,0,1,2,5,accepted
after,trap_wholesale,4,32,194611,272611,0,1,2,5,accepted
after,trap_wholesale,4,33,198791,276791,0,1,2,5,accepted
after,trap_wholesale,4,34,220133,298133,0,1,2,5,accepted
after,trap_wholesale,4,35,283388,361388,0,1,2,5,accepted
after,trap_wholesale,5,1,21892,99892,0,1,0,0,unavailable
after,trap_wholesale,5,2,21834,99834,0,1,0,0,unavailable
after,trap_wholesale,5,3,21780,99780,0,1,0,0,unavailable
after,trap_wholesale,5,4,21757,99757,0,1,0,0,unavailable
after,trap_wholesale,5,5,21737,99737,0,1,0,0,unavailable
after,trap_wholesale,5,6,21640,99640,0,1,0,0,unavailable
after,trap_wholesale,5,7,21611,99611,0,1,0,0,unavailable
after,trap_wholesale,5,8,27597,105597,0,1,0,0,unavailable
after,trap_wholesale,5,9,7577,85577,0,1,0,0,unavailable
after,trap_wholesale,5,10,7486,85486,0,1,0,0,unavailable
after,trap_wholesale,5,11,3166,81166,0,1,0,0,unavailable
after,trap_wholesale,5,12,3166,81166,0,1,0,0,unavailable
after,trap_wholesale,5,13,3081,81081,0,1,0,0,unavailable
after,trap_wholesale,5,14,3273,81273,0,1,0,0,unavailable
after,trap_wholesale,5,15,4488,82488,0,1,0,0,unavailable
after,trap_wholesale,5,16,29665,107665,0,1,0,0,accepted
after,trap_wholesale,5,17,33033,111033,0,1,0,0,accepted
after,trap_wholesale,5,18,32994,110994,0,1,0,0,accepted
after,trap_wholesale,5,19,74303,152303,0,1,0,0,accepted
after,trap_wholesale,5,20,48303,126303,0,1,0,0,accepted
after,trap_wholesale,5,21,49100,127100,0,1,0,0,accepted
after,trap_wholesale,5,22,79177,157177,0,1,0,0,accepted
after,trap_wholesale,5,23,61701,139701,0,1,0,0,accepted
after,trap_wholesale,5,24,64740,142740,0,1,0,0,accepted
after,trap_wholesale,5,25,54726,132726,0,1,0,0,accepted
after,trap_wholesale,5,26,52708,130708,0,1,0,0,accepted
after,trap_wholesale,5,27,90494,168494,0,1,0,0,accepted
after,trap_wholesale,5,28,91356,169356,0,1,1,0,accepted
after,trap_wholesale,5,29,64656,142656,0,1,2,0,accepted
after,trap_wholesale,5,30,118982,196982,0,1,2,0,accepted
after,trap_wholesale,5,31,71146,149146,0,1,2,0,accepted
after,trap_wholesale,5,32,105346,183346,0,1,2,0,accepted
after,trap_wholesale,5,33,133723,211723,0,1,2,0,accepted
after,trap_wholesale,5,34,156903,234903,0,1,2,0,accepted
after,trap_wholesale,5,35,204029,282029,0,1,2,0,accepted
before,trap_wholesale,6,1,21971,99971,0,1,0,0,unavailable
before,trap_wholesale,6,2,21781,99781,0,1,0,0,unavailable
before,trap_wholesale,6,3,18776,96776,0,1,0,0,unavailable
before,trap_wholesale,6,4,18682,96682,0,1,0,0,unavailable
before,trap_wholesale,6,5,14665,92665,0,1,0,0,unavailable
before,trap_wholesale,6,6,14627,92627,0,1,0,0,unavailable
before,trap_wholesale,6,7,14506,92506,0,1,0,0,unavailable
before,trap_wholesale,6,8,20430,98430,0,1,0,0,unavailable
before,trap_wholesale,6,9,20362,98362,0,1,0,1,unavailable
before,trap_wholesale,6,10,20268,98268,0,1,0,1,unavailable
before,trap_wholesale,6,11,32498,110498,0,1,0,3,unavailable
before,trap_wholesale,6,12,32498,110498,0,1,0,3,unavailable
before,trap_wholesale,6,13,28868,106868,0,1,0,4,unavailable
before,trap_wholesale,6,14,28798,106798,0,1,0,4,unavailable
before,trap_wholesale,6,15,28693,106693,0,1,0,4,unavailable
before,trap_wholesale,6,16,28617,106617,0,0,0,5,unavailable
before,trap_wholesale,6,17,28939,106939,0,0,0,5,unavailable
before,trap_wholesale,6,18,29120,107120,0,0,0,5,unavailable
before,trap_wholesale,6,19,29315,107315,0,0,0,5,unavailable
before,trap_wholesale,6,20,30368,108368,0,0,0,5,unavailable
before,trap_wholesale,6,21,30278,108278,0,0,0,5,unavailable
before,trap_wholesale,6,22,29635,107635,0,0,0,5,unavailable
before,trap_wholesale,6,23,29578,107578,0,0,0,5,unavailable
before,trap_wholesale,6,24,44473,122473,0,0,0,5,unavailable
before,trap_wholesale,6,25,54423,132423,0,0,0,5,unavailable
before,trap_wholesale,6,26,54260,132260,0,0,0,5,unavailable
before,trap_wholesale,6,27,54559,132559,0,0,0,5,unavailable
before,trap_wholesale,6,28,54539,132539,0,0,0,5,unavailable
before,trap_wholesale,6,29,83091,161091,0,0,1,5,unavailable
before,trap_wholesale,6,30,59447,137447,0,0,1,5,unavailable
before,trap_wholesale,6,31,52109,130109,0,0,1,5,unavailable
before,trap_wholesale,6,32,50959,128959,0,0,1,5,unavailable
before,trap_wholesale,6,33,53621,131621,0,0,1,5,unavailable
before,trap_wholesale,6,34,56295,134295,0,0,1,5,unavailable
before,trap_wholesale,6,35,59037,137037,0,0,1,5,unavailable
after,trap_wholesale,6,1,21971,99971,0,1,0,0,unavailable
after,trap_wholesale,6,2,17637,95637,0,1,0,0,unavailable
after,trap_wholesale,6,3,17432,95432,0,1,0,0,unavailable
after,trap_wholesale,6,4,17338,95338,0,1,0,0,unavailable
after,trap_wholesale,6,5,17218,95218,0,1,0,0,unavailable
after,trap_wholesale,6,6,17117,95117,0,1,0,0,unavailable
after,trap_wholesale,6,7,17088,95088,0,1,0,0,unavailable
after,trap_wholesale,6,8,23039,101039,0,1,0,0,unavailable
after,trap_wholesale,6,9,23019,101019,0,1,0,1,unavailable
after,trap_wholesale,6,10,22921,100921,0,1,0,1,unavailable
after,trap_wholesale,6,11,26625,104625,0,1,0,3,unavailable
after,trap_wholesale,6,12,26625,104625,0,1,0,3,unavailable
after,trap_wholesale,6,13,26517,104517,0,1,0,4,unavailable
after,trap_wholesale,6,14,26459,104459,0,1,0,4,unavailable
after,trap_wholesale,6,15,26416,104416,0,1,0,4,unavailable
after,trap_wholesale,6,16,25996,103996,0,0,0,5,accepted
after,trap_wholesale,6,17,25411,103411,0,0,0,5,accepted
after,trap_wholesale,6,18,35424,113424,0,0,0,5,accepted
after,trap_wholesale,6,19,35301,113301,0,0,0,5,accepted
after,trap_wholesale,6,20,35602,113602,0,0,0,5,accepted
after,trap_wholesale,6,21,44865,122865,0,0,0,5,accepted
after,trap_wholesale,6,22,45052,123052,0,0,0,5,accepted
after,trap_wholesale,6,23,45016,123016,0,0,0,5,accepted
after,trap_wholesale,6,24,27565,105565,0,0,0,5,accepted
after,trap_wholesale,6,25,43945,121945,0,0,0,5,accepted
after,trap_wholesale,6,26,44244,122244,0,0,0,5,accepted
after,trap_wholesale,6,27,44528,122528,0,0,0,5,accepted
after,trap_wholesale,6,28,47305,125305,0,0,0,5,accepted
after,trap_wholesale,6,29,75845,153845,0,0,1,5,accepted
after,trap_wholesale,6,30,53516,131516,0,0,1,5,accepted
after,trap_wholesale,6,31,46240,124240,0,0,1,5,accepted
after,trap_wholesale,6,32,47035,125035,0,0,1,5,accepted
after,trap_wholesale,6,33,49835,127835,0,0,1,5,accepted
after,trap_wholesale,6,34,52461,130461,0,0,1,5,accepted
after,trap_wholesale,6,35,55149,133149,0,0,1,5,accepted
before,trap_wholesale,7,1,20164,98164,0,1,0,0,unavailable
before,trap_wholesale,7,2,20070,98070,0,1,0,0,unavailable
before,trap_wholesale,7,3,19865,97865,0,1,0,0,unavailable
before,trap_wholesale,7,4,19826,97826,0,1,0,0,unavailable
before,trap_wholesale,7,5,19806,97806,0,1,0,0,unavailable
before,trap_wholesale,7,6,19748,97748,0,1,0,0,unavailable
before,trap_wholesale,7,7,17925,95925,0,1,0,0,unavailable
before,trap_wholesale,7,8,23905,101905,0,1,0,0,unavailable
before,trap_wholesale,7,9,3887,81887,0,1,0,0,unavailable
before,trap_wholesale,7,10,3849,81849,0,1,0,0,unavailable
before,trap_wholesale,7,11,3747,81747,0,1,0,0,unavailable
before,trap_wholesale,7,12,3747,81747,0,1,0,0,unavailable
before,trap_wholesale,7,13,3721,81721,0,1,0,0,unavailable
before,trap_wholesale,7,14,3618,81618,0,1,0,0,unavailable
before,trap_wholesale,7,15,4613,82613,0,1,0,0,unavailable
before,trap_wholesale,7,16,4151,82151,0,1,0,0,unavailable
before,trap_wholesale,7,17,5261,83261,0,1,0,0,unavailable
before,trap_wholesale,7,18,5243,83243,0,1,0,0,unavailable
before,trap_wholesale,7,19,1767,79767,0,1,0,0,unavailable
before,trap_wholesale,7,20,2789,80789,0,1,0,0,unavailable
before,trap_wholesale,7,21,2700,80700,0,1,0,0,unavailable
before,trap_wholesale,7,22,2644,80644,0,1,0,0,unavailable
before,trap_wholesale,7,23,1779,79779,0,1,0,0,unavailable
before,trap_wholesale,7,24,10910,88910,0,1,0,0,unavailable
before,trap_wholesale,7,25,20480,98480,0,1,0,0,unavailable
before,trap_wholesale,7,26,17377,95377,0,1,0,0,unavailable
before,trap_wholesale,7,27,17301,95301,0,1,0,0,unavailable
before,trap_wholesale,7,28,17225,95225,0,1,0,0,unavailable
before,trap_wholesale,7,29,45692,123692,0,1,1,0,unavailable
before,trap_wholesale,7,30,43690,121690,0,1,1,0,unavailable
before,trap_wholesale,7,31,42290,120290,0,1,1,0,unavailable
before,trap_wholesale,7,32,37129,115129,0,1,1,0,unavailable
before,trap_wholesale,7,33,31954,109954,0,1,1,0,unavailable
before,trap_wholesale,7,34,30843,108843,0,1,1,0,unavailable
before,trap_wholesale,7,35,39221,117221,0,1,1,0,unavailable
before,trap_wholesale,8,1,21962,99962,0,1,0,0,unavailable
before,trap_wholesale,8,2,21854,99854,0,1,0,0,unavailable
before,trap_wholesale,8,3,21693,99693,0,1,0,0,unavailable
before,trap_wholesale,8,4,21655,99655,0,1,0,0,unavailable
before,trap_wholesale,8,5,21567,99567,0,1,0,0,unavailable
before,trap_wholesale,8,6,18961,96961,0,1,0,0,unavailable
before,trap_wholesale,8,7,18711,96711,0,1,0,0,unavailable
before,trap_wholesale,8,8,24635,102635,0,1,0,0,unavailable
before,trap_wholesale,8,9,24617,102617,0,1,0,1,unavailable
before,trap_wholesale,8,10,24539,102539,0,1,0,1,unavailable
before,trap_wholesale,8,11,36497,114497,0,1,0,3,unavailable
before,trap_wholesale,8,12,36497,114497,0,1,0,3,unavailable
before,trap_wholesale,8,13,37149,115149,0,1,0,4,unavailable
before,trap_wholesale,8,14,32891,110891,0,1,0,4,unavailable
before,trap_wholesale,8,15,32856,110856,0,1,0,4,unavailable
before,trap_wholesale,8,16,32745,110745,0,0,0,5,unavailable
before,trap_wholesale,8,17,33050,111050,0,0,0,5,unavailable
before,trap_wholesale,8,18,33227,111227,0,0,0,5,unavailable
before,trap_wholesale,8,19,30133,108133,0,0,0,5,unavailable
before,trap_wholesale,8,20,30356,108356,0,0,0,5,unavailable
before,trap_wholesale,8,21,30296,108296,0,0,0,5,unavailable
before,trap_wholesale,8,22,30176,108176,0,0,0,5,unavailable
before,trap_wholesale,8,23,30056,108056,0,0,0,5,unavailable
before,trap_wholesale,8,24,44969,122969,0,0,0,5,unavailable
before,trap_wholesale,8,25,44858,122858,0,0,0,5,unavailable
before,trap_wholesale,8,26,45157,123157,0,0,0,5,unavailable
before,trap_wholesale,8,27,50864,128864,0,0,0,5,unavailable
before,trap_wholesale,8,28,53259,131259,0,0,0,5,unavailable
before,trap_wholesale,8,29,81739,159739,0,0,1,5,unavailable
before,trap_wholesale,8,30,59332,137332,0,0,1,5,unavailable
before,trap_wholesale,8,31,52074,130074,0,0,1,5,unavailable
before,trap_wholesale,8,32,54754,132754,0,0,1,5,unavailable
before,trap_wholesale,8,33,41474,119474,0,0,1,5,unavailable
before,trap_wholesale,8,34,44274,122274,0,0,1,5,unavailable
before,trap_wholesale,8,35,45216,123216,0,0,1,5,unavailable
after,trap_wholesale,7,1,21906,99906,0,1,0,0,unavailable
after,trap_wholesale,7,2,21823,99823,0,1,0,0,unavailable
after,trap_wholesale,7,3,21718,99718,0,1,0,0,unavailable
after,trap_wholesale,7,4,21689,99689,0,1,0,0,unavailable
after,trap_wholesale,7,5,21621,99621,0,1,0,0,unavailable
after,trap_wholesale,7,6,18463,96463,0,1,0,0,unavailable
after,trap_wholesale,7,7,16625,94625,0,1,0,0,unavailable
after,trap_wholesale,7,8,22505,100505,0,1,0,0,unavailable
after,trap_wholesale,7,9,22300,100300,0,1,0,1,unavailable
after,trap_wholesale,7,10,17962,95962,0,1,0,1,unavailable
after,trap_wholesale,7,11,29924,107924,0,1,0,3,unavailable
after,trap_wholesale,7,12,29924,107924,0,1,0,3,unavailable
after,trap_wholesale,7,13,29867,107867,0,1,0,4,unavailable
after,trap_wholesale,7,14,29835,107835,0,1,0,4,unavailable
after,trap_wholesale,7,15,30072,108072,0,1,0,4,unavailable
after,trap_wholesale,7,16,53540,131540,0,1,0,4,accepted
after,trap_wholesale,7,17,50767,128767,0,1,0,5,accepted
after,trap_wholesale,7,18,63205,141205,0,1,0,5,accepted
after,trap_wholesale,7,19,77395,155395,0,1,0,5,accepted
after,trap_wholesale,7,20,81485,159485,0,1,0,5,accepted
after,trap_wholesale,7,21,40227,118227,0,1,1,5,accepted
after,trap_wholesale,7,22,87937,165937,0,1,1,5,accepted
after,trap_wholesale,7,23,190457,268457,0,1,1,5,accepted
after,trap_wholesale,7,24,84012,162012,0,1,2,5,accepted
after,trap_wholesale,7,25,58201,136201,0,1,2,5,accepted
after,trap_wholesale,7,26,104011,182011,0,1,2,5,accepted
after,trap_wholesale,7,27,120831,198831,0,1,2,5,accepted
after,trap_wholesale,7,28,149338,227338,0,1,2,5,accepted
after,trap_wholesale,7,29,270362,348362,0,1,2,5,accepted
after,trap_wholesale,7,30,68939,271939,1,1,2,5,accepted
after,trap_wholesale,7,31,117321,320321,1,1,2,5,accepted
after,trap_wholesale,7,32,149521,352521,1,1,2,5,accepted
after,trap_wholesale,7,33,163998,366998,1,1,2,5,accepted
after,trap_wholesale,7,34,214340,417340,1,1,2,5,accepted
after,trap_wholesale,7,35,242990,445990,1,1,2,5,accepted
after,trap_wholesale,8,1,21906,99906,0,1,0,0,unavailable
after,trap_wholesale,8,2,17592,95592,0,1,0,0,unavailable
after,trap_wholesale,8,3,17431,95431,0,1,0,0,unavailable
after,trap_wholesale,8,4,17337,95337,0,1,0,0,unavailable
after,trap_wholesale,8,5,17314,95314,0,1,0,0,unavailable
after,trap_wholesale,8,6,17169,95169,0,1,0,0,unavailable
after,trap_wholesale,8,7,17137,95137,0,1,0,0,unavailable
after,trap_wholesale,8,8,23119,101119,0,1,0,0,unavailable
after,trap_wholesale,8,9,22989,100989,0,1,0,1,unavailable
after,trap_wholesale,8,10,22911,100911,0,1,0,1,unavailable
after,trap_wholesale,8,11,30697,108697,0,1,0,3,unavailable
after,trap_wholesale,8,12,30697,108697,0,1,0,3,unavailable
after,trap_wholesale,8,13,28183,106183,0,1,0,4,unavailable
after,trap_wholesale,8,14,28120,106120,0,1,0,4,unavailable
after,trap_wholesale,8,15,29115,107115,0,1,0,4,unavailable
after,trap_wholesale,8,16,29350,107350,0,0,0,5,unavailable
after,trap_wholesale,8,17,29233,107233,0,0,0,5,unavailable
after,trap_wholesale,8,18,34957,112957,0,0,0,5,unavailable
after,trap_wholesale,8,19,34857,112857,0,0,0,5,unavailable
after,trap_wholesale,8,20,31772,109772,0,0,0,5,unavailable
after,trap_wholesale,8,21,32052,110052,0,0,0,5,unavailable
after,trap_wholesale,8,22,32020,110020,0,0,0,5,unavailable
after,trap_wholesale,8,23,31879,109879,0,0,0,5,unavailable
after,trap_wholesale,8,24,55908,133908,0,0,0,5,unavailable
after,trap_wholesale,8,25,64454,142454,0,0,0,5,unavailable
after,trap_wholesale,8,26,49591,127591,0,0,0,5,unavailable
after,trap_wholesale,8,27,49726,127726,0,0,0,5,unavailable
after,trap_wholesale,8,28,52418,130418,0,0,0,5,unavailable
after,trap_wholesale,8,29,80953,158953,0,0,1,5,unavailable
after,trap_wholesale,8,30,57835,135835,0,0,1,5,unavailable
after,trap_wholesale,8,31,50603,128603,0,0,1,5,unavailable
after,trap_wholesale,8,32,53403,131403,0,0,1,5,unavailable
after,trap_wholesale,8,33,56083,134083,0,0,1,5,unavailable
after,trap_wholesale,8,34,58782,136782,0,0,1,5,unavailable
after,trap_wholesale,8,35,61545,139545,0,0,1,5,unavailable
before,trap_wholesale,9,1,21929,99929,0,1,0,0,unavailable
before,trap_wholesale,9,2,21891,99891,0,1,0,0,unavailable
before,trap_wholesale,9,3,21788,99788,0,1,0,0,unavailable
before,trap_wholesale,9,4,21664,99664,0,1,0,0,unavailable
before,trap_wholesale,9,5,21650,99650,0,1,0,0,unavailable
before,trap_wholesale,9,6,21618,99618,0,1,0,0,unavailable
before,trap_wholesale,9,7,21586,99586,0,1,0,0,unavailable
before,trap_wholesale,9,8,27496,105496,0,1,0,0,unavailable
before,trap_wholesale,9,9,27333,105333,0,1,0,1,unavailable
before,trap_wholesale,9,10,27297,105297,0,1,0,1,unavailable
before,trap_wholesale,9,11,39214,117214,0,1,0,3,unavailable
before,trap_wholesale,9,12,39214,117214,0,1,0,3,unavailable
before,trap_wholesale,9,13,39404,117404,0,1,0,4,unavailable
before,trap_wholesale,9,14,39275,117275,0,1,0,4,unavailable
before,trap_wholesale,9,15,39207,117207,0,1,0,4,unavailable
before,trap_wholesale,9,16,35387,113387,0,1,0,4,unavailable
before,trap_wholesale,9,17,35714,113714,0,1,0,5,unavailable
before,trap_wholesale,9,18,35700,113700,0,1,0,5,unavailable
before,trap_wholesale,9,19,35535,113535,0,1,0,5,unavailable
before,trap_wholesale,9,20,36672,114672,0,1,0,5,unavailable
before,trap_wholesale,9,21,36877,114877,0,1,0,5,unavailable
before,trap_wholesale,9,22,37017,115017,0,1,0,5,unavailable
before,trap_wholesale,9,23,36903,114903,0,1,0,5,unavailable
before,trap_wholesale,9,24,61088,139088,0,1,0,5,unavailable
before,trap_wholesale,9,25,61418,139418,0,1,0,5,unavailable
before,trap_wholesale,9,26,60372,138372,0,1,0,5,unavailable
before,trap_wholesale,9,27,41055,119055,0,1,0,5,unavailable
before,trap_wholesale,9,28,40706,118706,0,1,0,5,unavailable
before,trap_wholesale,9,29,69230,147230,0,1,1,5,unavailable
before,trap_wholesale,9,30,46910,124910,0,1,1,5,unavailable
before,trap_wholesale,9,31,64672,142672,0,1,1,5,unavailable
before,trap_wholesale,9,32,42324,120324,0,1,1,5,unavailable
before,trap_wholesale,9,33,44890,122890,0,1,1,5,unavailable
before,trap_wholesale,9,34,47658,125658,0,1,1,5,unavailable
before,trap_wholesale,9,35,50330,128330,0,1,1,5,unavailable
after,trap_wholesale,9,1,21929,99929,0,1,0,0,unavailable
after,trap_wholesale,9,2,21731,99731,0,1,0,0,unavailable
after,trap_wholesale,9,3,21570,99570,0,1,0,0,unavailable
after,trap_wholesale,9,4,21388,99388,0,1,0,0,unavailable
after,trap_wholesale,9,5,21320,99320,0,1,0,0,unavailable
after,trap_wholesale,9,6,21233,99233,0,1,0,0,unavailable
after,trap_wholesale,9,7,21182,99182,0,1,0,0,unavailable
after,trap_wholesale,9,8,27037,105037,0,1,0,0,unavailable
after,trap_wholesale,9,9,27011,105011,0,1,0,1,unavailable
after,trap_wholesale,9,10,29917,107917,0,1,0,1,unavailable
after,trap_wholesale,9,11,41769,119769,0,1,0,3,unavailable
after,trap_wholesale,9,12,41769,119769,0,1,0,3,unavailable
after,trap_wholesale,9,13,46769,124769,0,1,0,4,unavailable
after,trap_wholesale,9,14,46637,124637,0,1,0,4,unavailable
after,trap_wholesale,9,15,47532,125532,0,1,0,4,unavailable
after,trap_wholesale,9,16,47399,125399,0,0,0,5,accepted
after,trap_wholesale,9,17,47370,125370,0,0,0,5,accepted
after,trap_wholesale,9,18,47542,125542,0,0,0,5,accepted
after,trap_wholesale,9,19,47696,125696,0,0,0,5,accepted
after,trap_wholesale,9,20,48693,126693,0,0,0,5,accepted
after,trap_wholesale,9,21,40671,118671,0,0,0,5,accepted
after,trap_wholesale,9,22,37954,115954,0,0,0,5,accepted
after,trap_wholesale,9,23,37913,115913,0,0,0,5,accepted
after,trap_wholesale,9,24,20589,98589,0,0,0,5,accepted
after,trap_wholesale,9,25,48751,126751,0,0,0,5,accepted
after,trap_wholesale,9,26,42239,120239,0,0,0,5,accepted
after,trap_wholesale,9,27,42119,120119,0,0,0,5,accepted
after,trap_wholesale,9,28,44546,122546,0,0,0,5,accepted
after,trap_wholesale,9,29,73444,151444,0,0,1,5,accepted
after,trap_wholesale,9,30,50993,128993,0,0,1,5,accepted
after,trap_wholesale,9,31,43793,121793,0,0,1,5,accepted
after,trap_wholesale,9,32,46388,124388,0,0,1,5,accepted
after,trap_wholesale,9,33,49148,127148,0,0,1,5,accepted
after,trap_wholesale,9,34,52093,130093,0,0,1,5,accepted
after,trap_wholesale,9,35,54866,132866,0,0,1,5,accepted
before,trap_wholesale,10,1,17968,95968,0,1,0,0,unavailable
before,trap_wholesale,10,2,17896,95896,0,1,0,0,unavailable
before,trap_wholesale,10,3,17755,95755,0,1,0,0,unavailable
before,trap_wholesale,10,4,17595,95595,0,1,0,0,unavailable
before,trap_wholesale,10,5,17515,95515,0,1,0,0,unavailable
before,trap_wholesale,10,6,17457,95457,0,1,0,0,unavailable
before,trap_wholesale,10,7,17419,95419,0,1,0,0,unavailable
before,trap_wholesale,10,8,23313,101313,0,1,0,0,unavailable
before,trap_wholesale,10,9,3174,81174,0,1,0,0,unavailable
before,trap_wholesale,10,10,3082,81082,0,1,0,0,unavailable
before,trap_wholesale,10,11,3344,81344,0,1,0,0,unavailable
before,trap_wholesale,10,12,3344,81344,0,1,0,0,unavailable
before,trap_wholesale,10,13,4283,82283,0,1,0,0,unavailable
before,trap_wholesale,10,14,4213,82213,0,1,0,0,unavailable
before,trap_wholesale,10,15,13,78013,0,1,0,0,unavailable
before,trap_wholesale,10,16,13,78013,0,1,0,0,unavailable
before,trap_wholesale,10,17,288,78288,0,1,0,0,unavailable
before,trap_wholesale,10,18,592,78592,0,1,0,0,unavailable
before,trap_wholesale,10,19,2243,80243,0,1,0,0,unavailable
before,trap_wholesale,10,20,1694,79694,0,1,0,0,unavailable
before,trap_wholesale,10,21,1078,79078,0,1,0,0,unavailable
before,trap_wholesale,10,22,10159,88159,0,1,0,0,unavailable
before,trap_wholesale,10,23,10074,88074,0,1,0,0,unavailable
before,trap_wholesale,10,24,10060,88060,0,1,0,0,unavailable
before,trap_wholesale,10,25,10406,88406,0,1,0,0,unavailable
before,trap_wholesale,10,26,10230,88230,0,1,0,0,unavailable
before,trap_wholesale,10,27,10170,88170,0,1,0,0,unavailable
before,trap_wholesale,10,28,12412,90412,0,1,0,0,unavailable
before,trap_wholesale,10,29,41234,119234,0,1,1,0,unavailable
before,trap_wholesale,10,30,39608,117608,0,1,1,0,unavailable
before,trap_wholesale,10,31,38208,116208,0,1,1,0,unavailable
before,trap_wholesale,10,32,36700,114700,0,1,1,0,unavailable
before,trap_wholesale,10,33,32353,110353,0,1,1,0,unavailable
before,trap_wholesale,10,34,30824,108824,0,1,1,0,unavailable
before,trap_wholesale,10,35,29770,107770,0,1,1,0,unavailable
before,collector,1,1,21962,99962,0,1,0,0,unavailable
before,collector,1,2,21805,99805,0,1,0,0,unavailable
before,collector,1,3,19920,97920,0,1,0,0,unavailable
before,collector,1,4,19808,97808,0,1,0,0,unavailable
before,collector,1,5,19641,97641,0,1,0,0,unavailable
before,collector,1,6,19549,97549,0,1,0,0,unavailable
before,collector,1,7,19528,97528,0,1,0,0,unavailable
before,collector,1,8,25508,103508,0,1,0,0,unavailable
before,collector,1,9,25342,103342,0,1,0,1,unavailable
before,collector,1,10,28322,106322,0,1,0,1,unavailable
before,collector,1,11,28650,106650,0,1,0,1,unavailable
before,collector,1,12,31650,109650,0,1,0,3,unavailable
before,collector,1,13,31629,109629,0,1,0,3,unavailable
before,collector,1,14,27266,105266,0,1,0,4,unavailable
before,collector,1,15,24734,102734,0,1,0,4,unavailable
before,collector,1,16,24692,102692,0,1,0,4,unavailable
before,collector,1,17,24635,102635,0,0,0,5,unavailable
before,collector,1,18,24617,102617,0,0,0,5,unavailable
before,collector,1,19,24459,102459,0,0,0,5,unavailable
before,collector,1,20,24289,102289,0,0,0,5,unavailable
before,collector,1,21,24239,102239,0,0,0,5,unavailable
before,collector,1,22,24163,102163,0,0,0,5,unavailable
before,collector,1,23,24016,102016,0,0,0,5,unavailable
before,collector,1,24,23849,101849,0,0,0,5,unavailable
before,collector,1,25,38644,116644,0,0,0,5,unavailable
before,collector,1,26,38624,116624,0,0,0,5,unavailable
before,collector,1,27,38527,116527,0,0,0,5,unavailable
before,collector,1,28,38390,116390,0,0,0,5,unavailable
before,collector,1,29,138600,216600,0,0,0,5,unavailable
before,collector,1,30,138488,216488,0,0,0,5,unavailable
before,collector,1,31,137584,215584,0,0,0,5,unavailable
before,collector,1,32,152361,230361,0,0,0,5,unavailable
before,collector,1,33,152121,230121,0,0,0,5,unavailable
before,collector,1,34,152121,230121,0,0,0,5,unavailable
before,collector,1,35,151965,229965,0,0,0,5,unavailable
after,trap_wholesale,10,1,21874,99874,0,1,0,0,unavailable
after,trap_wholesale,10,2,21740,99740,0,1,0,0,unavailable
after,trap_wholesale,10,3,21579,99579,0,1,0,0,unavailable
after,trap_wholesale,10,4,21450,99450,0,1,0,0,unavailable
after,trap_wholesale,10,5,21429,99429,0,1,0,0,unavailable
after,trap_wholesale,10,6,21391,99391,0,1,0,0,unavailable
after,trap_wholesale,10,7,21221,99221,0,1,0,0,unavailable
after,trap_wholesale,10,8,27116,105116,0,1,0,0,unavailable
after,trap_wholesale,10,9,27017,105017,0,1,0,1,unavailable
after,trap_wholesale,10,10,26965,104965,0,1,0,1,unavailable
after,trap_wholesale,10,11,39278,117278,0,1,0,3,unavailable
after,trap_wholesale,10,12,39278,117278,0,1,0,3,unavailable
after,trap_wholesale,10,13,39255,117255,0,1,0,4,unavailable
after,trap_wholesale,10,14,39139,117139,0,1,0,4,unavailable
after,trap_wholesale,10,15,36125,114125,0,1,0,4,unavailable
after,trap_wholesale,10,16,36097,114097,0,0,0,5,accepted
after,trap_wholesale,10,17,36061,114061,0,0,0,5,accepted
after,trap_wholesale,10,18,35900,113900,0,0,0,5,accepted
after,trap_wholesale,10,19,35744,113744,0,0,0,5,accepted
after,trap_wholesale,10,20,36918,114918,0,0,0,5,accepted
after,trap_wholesale,10,21,36699,114699,0,0,0,5,accepted
after,trap_wholesale,10,22,36621,114621,0,0,0,5,accepted
after,trap_wholesale,10,23,36583,114583,0,0,0,5,accepted
after,trap_wholesale,10,24,44693,122693,0,0,0,5,accepted
after,trap_wholesale,10,25,63193,141193,0,0,0,5,accepted
after,trap_wholesale,10,26,59317,137317,0,0,0,5,accepted
after,trap_wholesale,10,27,64722,142722,0,0,0,5,accepted
after,trap_wholesale,10,28,42042,120042,0,0,0,5,accepted
after,trap_wholesale,10,29,66346,144346,0,0,1,5,accepted
after,trap_wholesale,10,30,44119,122119,0,0,1,5,accepted
after,trap_wholesale,10,31,61834,139834,0,0,1,5,accepted
after,trap_wholesale,10,32,64634,142634,0,0,1,5,accepted
after,trap_wholesale,10,33,42358,120358,0,0,1,5,accepted
after,trap_wholesale,10,34,45064,123064,0,0,1,5,accepted
after,trap_wholesale,10,35,47799,125799,0,0,1,5,accepted
after,collector,1,1,21896,99896,0,1,0,0,unavailable
after,collector,1,2,21639,99639,0,1,0,0,unavailable
after,collector,1,3,21540,99540,0,1,0,0,unavailable
after,collector,1,4,18032,96032,0,1,0,0,unavailable
after,collector,1,5,17873,95873,0,1,0,0,unavailable
after,collector,1,6,17630,95630,0,1,0,0,unavailable
after,collector,1,7,17516,95516,0,1,0,0,unavailable
after,collector,1,8,17303,95303,0,1,0,0,unavailable
after,collector,1,9,17275,95275,0,1,0,0,unavailable
after,collector,1,10,17160,95160,0,1,0,0,unavailable
after,collector,1,11,17039,95039,0,1,0,0,unavailable
after,collector,1,12,17039,95039,0,1,0,0,unavailable
after,collector,1,13,17337,95337,0,1,0,0,unavailable
after,collector,1,14,17279,95279,0,1,0,0,unavailable
after,collector,1,15,17096,95096,0,1,0,0,unavailable
after,collector,1,16,15791,93791,0,1,0,0,unavailable
after,collector,1,17,15773,93773,0,1,0,0,unavailable
after,collector,1,18,11697,89697,0,1,0,0,unavailable
after,collector,1,19,11697,89697,0,1,0,0,unavailable
after,collector,1,20,11453,89453,0,1,0,0,unavailable
after,collector,1,21,11326,89326,0,1,0,0,unavailable
after,collector,1,22,11294,89294,0,1,0,0,unavailable
after,collector,1,23,7157,85157,0,1,0,0,unavailable
after,collector,1,24,6619,84619,0,1,0,0,unavailable
after,collector,1,25,6374,84374,0,1,0,0,unavailable
after,collector,1,26,6257,84257,0,1,0,0,unavailable
after,collector,1,27,6219,84219,0,1,0,0,unavailable
after,collector,1,28,6000,84000,0,1,0,0,unavailable
after,collector,1,29,105946,183946,0,1,0,0,unavailable
after,collector,1,30,105870,183870,0,1,0,0,unavailable
after,collector,1,31,109830,187830,0,1,0,0,unavailable
after,collector,1,32,109830,187830,0,1,0,0,unavailable
after,collector,1,33,109749,187749,0,1,0,0,unavailable
after,collector,1,34,109731,187731,0,1,0,0,unavailable
after,collector,1,35,109708,187708,0,1,0,0,unavailable
before,collector,2,1,21821,99821,0,1,0,0,unavailable
before,collector,2,2,21744,99744,0,1,0,0,unavailable
before,collector,2,3,17163,95163,0,1,0,0,unavailable
before,collector,2,4,13200,91200,0,1,0,0,unavailable
before,collector,2,5,13019,91019,0,1,0,0,unavailable
before,collector,2,6,12482,90482,0,1,0,0,unavailable
before,collector,2,7,12341,90341,0,1,0,0,unavailable
before,collector,2,8,12173,90173,0,1,0,0,unavailable
before,collector,2,9,12012,90012,0,1,0,0,unavailable
before,collector,2,10,11918,89918,0,1,0,0,unavailable
before,collector,2,11,10604,88604,0,1,0,0,unavailable
before,collector,2,12,10588,88588,0,1,0,0,unavailable
before,collector,2,13,7128,85128,0,1,0,0,unavailable
before,collector,2,14,6997,84997,0,1,0,0,unavailable
before,collector,2,15,6997,84997,0,1,0,0,unavailable
before,collector,2,16,6756,84756,0,1,0,0,unavailable
before,collector,2,17,4923,82923,0,1,0,0,unavailable
before,collector,2,18,4871,82871,0,1,0,0,unavailable
before,collector,2,19,4857,82857,0,1,0,0,unavailable
before,collector,2,20,4299,82299,0,1,0,0,unavailable
before,collector,2,21,4134,82134,0,1,0,0,unavailable
before,collector,2,22,3891,81891,0,1,0,0,unavailable
before,collector,2,23,3677,81677,0,1,0,0,unavailable
before,collector,2,24,3441,81441,0,1,0,0,unavailable
before,collector,2,25,2587,80587,0,1,0,0,unavailable
before,collector,2,26,2560,80560,0,1,0,0,unavailable
before,collector,2,27,2423,80423,0,1,0,0,unavailable
before,collector,2,28,1463,79463,0,1,0,0,unavailable
before,collector,2,29,99546,177546,0,1,0,0,unavailable
before,collector,2,30,99489,177489,0,1,0,0,unavailable
before,collector,2,31,99335,177335,0,1,0,0,unavailable
before,collector,2,32,99319,177319,0,1,0,0,unavailable
before,collector,2,33,99187,177187,0,1,0,0,unavailable
before,collector,2,34,99146,177146,0,1,0,0,unavailable
before,collector,2,35,108775,186775,0,1,0,0,unavailable
after,collector,2,1,21962,99962,0,1,0,0,unavailable
after,collector,2,2,21689,99689,0,1,0,0,unavailable
after,collector,2,3,21552,99552,0,1,0,0,unavailable
after,collector,2,4,21354,99354,0,1,0,0,unavailable
after,collector,2,5,21625,99625,0,1,0,0,unavailable
after,collector,2,6,18402,96402,0,1,0,0,unavailable
after,collector,2,7,18282,96282,0,1,0,0,unavailable
after,collector,2,8,18110,96110,0,1,0,0,unavailable
after,collector,2,9,18030,96030,0,1,0,0,unavailable
after,collector,2,10,13800,91800,0,1,0,0,unavailable
after,collector,2,11,13702,91702,0,1,0,0,unavailable
after,collector,2,12,13702,91702,0,1,0,0,unavailable
after,collector,2,13,10158,88158,0,1,0,0,unavailable
after,collector,2,14,9902,87902,0,1,0,0,unavailable
after,collector,2,15,9788,87788,0,1,0,0,unavailable
after,collector,2,16,9729,87729,0,1,0,0,unavailable
after,collector,2,17,5424,83424,0,1,0,0,unavailable
after,collector,2,18,5309,83309,0,1,0,0,unavailable
after,collector,2,19,5031,83031,0,1,0,0,unavailable
after,collector,2,20,4897,82897,0,1,0,0,unavailable
after,collector,2,21,4747,82747,0,1,0,0,unavailable
after,collector,2,22,4733,82733,0,1,0,0,unavailable
after,collector,2,23,984,78984,0,1,0,0,unavailable
after,collector,2,24,875,78875,0,1,0,0,unavailable
after,collector,2,25,1059,79059,0,1,0,0,unavailable
after,collector,2,26,1043,79043,0,1,0,0,unavailable
after,collector,2,27,851,78851,0,1,0,0,unavailable
after,collector,2,28,246,78246,0,1,0,0,unavailable
after,collector,2,29,100067,178067,0,1,0,0,unavailable
after,collector,2,30,99893,177893,0,1,0,0,unavailable
after,collector,2,31,99770,177770,0,1,0,0,unavailable
after,collector,2,32,99770,177770,0,1,0,0,unavailable
after,collector,2,33,96071,174071,0,1,0,0,unavailable
after,collector,2,34,95942,173942,0,1,0,0,unavailable
after,collector,2,35,95782,173782,0,1,0,0,unavailable
before,collector,3,1,21860,99860,0,1,0,0,unavailable
before,collector,3,2,21730,99730,0,1,0,0,unavailable
before,collector,3,3,21540,99540,0,1,0,0,unavailable
before,collector,3,4,21476,99476,0,1,0,0,unavailable
before,collector,3,5,13597,91597,0,1,0,0,unavailable
before,collector,3,6,12954,90954,0,1,0,0,unavailable
before,collector,3,7,12827,90827,0,1,0,0,unavailable
before,collector,3,8,9307,87307,0,1,0,0,unavailable
before,collector,3,9,9289,87289,0,1,0,0,unavailable
before,collector,3,10,8373,86373,0,1,0,0,unavailable
before,collector,3,11,8680,86680,0,1,0,0,unavailable
before,collector,3,12,8510,86510,0,1,0,0,unavailable
before,collector,3,13,8405,86405,0,1,0,0,unavailable
before,collector,3,14,7078,85078,0,1,0,0,unavailable
before,collector,3,15,7058,85058,0,1,0,0,unavailable
before,collector,3,16,6899,84899,0,1,0,0,unavailable
before,collector,3,17,6782,84782,0,1,0,0,unavailable
before,collector,3,18,6626,84626,0,1,0,0,unavailable
before,collector,3,19,6527,84527,0,1,0,0,unavailable
before,collector,3,20,6395,84395,0,1,0,0,unavailable
before,collector,3,21,6290,84290,0,1,0,0,unavailable
before,collector,3,22,6121,84121,0,1,0,0,unavailable
before,collector,3,23,6121,84121,0,1,0,0,unavailable
before,collector,3,24,5980,83980,0,1,0,0,unavailable
before,collector,3,25,5890,83890,0,1,0,0,unavailable
before,collector,3,26,5791,83791,0,1,0,0,unavailable
before,collector,3,27,5698,83698,0,1,0,0,unavailable
before,collector,3,28,5660,83660,0,1,0,0,unavailable
before,collector,3,29,102646,180646,0,1,0,0,unavailable
before,collector,3,30,102572,180572,0,1,0,0,unavailable
before,collector,3,31,102400,180400,0,1,0,0,unavailable
before,collector,3,32,102195,180195,0,1,0,0,unavailable
before,collector,3,33,102113,180113,0,1,0,0,unavailable
before,collector,3,34,101983,179983,0,1,0,0,unavailable
before,collector,3,35,101857,179857,0,1,0,0,unavailable
before,collector,4,1,21830,99830,0,1,0,0,unavailable
before,collector,4,2,19892,97892,0,1,0,0,unavailable
before,collector,4,3,19769,97769,0,1,0,0,unavailable
before,collector,4,4,19623,97623,0,1,0,0,unavailable
before,collector,4,5,19942,97942,0,1,0,0,unavailable
before,collector,4,6,17199,95199,0,1,0,0,unavailable
before,collector,4,7,15215,93215,0,1,0,0,unavailable
before,collector,4,8,15127,93127,0,1,0,0,unavailable
before,collector,4,9,10793,88793,0,1,0,0,unavailable
before,collector,4,10,7690,85690,0,1,0,0,unavailable
before,collector,4,11,3256,81256,0,1,0,0,unavailable
before,collector,4,12,1436,79436,0,1,0,0,unavailable
before,collector,4,13,31,78031,0,1,0,0,unavailable
before,collector,4,14,31,78031,0,1,0,0,unavailable
before,collector,4,15,13,78013,0,1,0,0,unavailable
before,collector,4,16,9,78009,0,1,0,0,unavailable
before,collector,4,17,9,78009,0,1,0,0,unavailable
before,collector,4,18,4,78004,0,1,0,0,unavailable
before,collector,4,19,4,78004,0,1,0,0,unavailable
before,collector,4,20,4,78004,0,1,0,0,unavailable
before,collector,4,21,4,78004,0,1,0,0,unavailable
before,collector,4,22,0,78000,0,1,0,0,unavailable
before,collector,4,23,0,78000,0,1,0,0,unavailable
before,collector,4,24,0,78000,0,1,0,0,unavailable
before,collector,4,25,0,78000,0,1,0,0,unavailable
before,collector,4,26,0,78000,0,1,0,0,unavailable
before,collector,4,27,0,78000,0,1,0,0,unavailable
before,collector,4,28,0,78000,0,1,0,0,unavailable
before,collector,4,29,99904,177904,0,1,0,0,unavailable
before,collector,4,30,99836,177836,0,1,0,0,unavailable
before,collector,4,31,95578,173578,0,1,0,0,unavailable
before,collector,4,32,95370,173370,0,1,0,0,unavailable
before,collector,4,33,104229,182229,0,1,0,0,unavailable
before,collector,4,34,103315,181315,0,1,0,0,unavailable
before,collector,4,35,103199,181199,0,1,0,0,unavailable
after,collector,3,1,21854,99854,0,1,0,0,unavailable
after,collector,3,2,21717,99717,0,1,0,0,unavailable
after,collector,3,3,21655,99655,0,1,0,0,unavailable
after,collector,3,4,18628,96628,0,1,0,0,unavailable
after,collector,3,5,18522,96522,0,1,0,0,unavailable
after,collector,3,6,18271,96271,0,1,0,0,unavailable
after,collector,3,7,18059,96059,0,1,0,0,unavailable
after,collector,3,8,17950,95950,0,1,0,0,unavailable
after,collector,3,9,17930,95930,0,1,0,0,unavailable
after,collector,3,10,17816,95816,0,1,0,0,unavailable
after,collector,3,11,17789,95789,0,1,0,0,unavailable
after,collector,3,12,17789,95789,0,1,0,0,unavailable
after,collector,3,13,17584,95584,0,1,0,0,unavailable
after,collector,3,14,17517,95517,0,1,0,0,unavailable
after,collector,3,15,17827,95827,0,1,0,0,unavailable
after,collector,3,16,17372,95372,0,1,0,0,unavailable
after,collector,3,17,17202,95202,0,1,0,0,unavailable
after,collector,3,18,16969,94969,0,1,0,0,unavailable
after,collector,3,19,16830,94830,0,1,0,0,unavailable
after,collector,3,20,16378,94378,0,1,0,0,unavailable
after,collector,3,21,12562,90562,0,1,0,0,unavailable
after,collector,3,22,12480,90480,0,1,0,0,unavailable
after,collector,3,23,12000,90000,0,1,0,0,unavailable
after,collector,3,24,11371,89371,0,1,0,0,unavailable
after,collector,3,25,11255,89255,0,1,0,0,unavailable
after,collector,3,26,11058,89058,0,1,0,0,unavailable
after,collector,3,27,11242,89242,0,1,0,0,unavailable
after,collector,3,28,9237,87237,0,1,0,0,unavailable
after,collector,3,29,108212,186212,0,1,0,0,unavailable
after,collector,3,30,108069,186069,0,1,0,0,unavailable
after,collector,3,31,107936,185936,0,1,0,0,unavailable
after,collector,3,32,107888,185888,0,1,0,0,unavailable
after,collector,3,33,107888,185888,0,1,0,0,unavailable
after,collector,3,34,115653,193653,0,1,0,0,unavailable
after,collector,3,35,115148,193148,0,1,0,0,unavailable
after,collector,4,1,21892,99892,0,1,0,0,unavailable
after,collector,4,2,17549,95549,0,1,0,0,unavailable
after,collector,4,3,17473,95473,0,1,0,0,unavailable
after,collector,4,4,12830,90830,0,1,0,0,unavailable
after,collector,4,5,12605,90605,0,1,0,0,unavailable
after,collector,4,6,12447,90447,0,1,0,0,unavailable
after,collector,4,7,12309,90309,0,1,0,0,unavailable
after,collector,4,8,8741,86741,0,1,0,0,unavailable
after,collector,4,9,8642,86642,0,1,0,0,unavailable
after,collector,4,10,8605,86605,0,1,0,0,unavailable
after,collector,4,11,4387,82387,0,1,0,0,unavailable
after,collector,4,12,4709,82709,0,1,0,0,unavailable
after,collector,4,13,4568,82568,0,1,0,0,unavailable
after,collector,4,14,4345,82345,0,1,0,0,unavailable
after,collector,4,15,4310,82310,0,1,0,0,unavailable
after,collector,4,16,4220,82220,0,1,0,0,unavailable
after,collector,4,17,4220,82220,0,1,0,0,unavailable
after,collector,4,18,2806,80806,0,1,0,0,unavailable
after,collector,4,19,1355,79355,0,1,0,0,unavailable
after,collector,4,20,836,78836,0,1,0,0,unavailable
after,collector,4,21,631,78631,0,1,0,0,unavailable
after,collector,4,22,528,78528,0,1,0,0,unavailable
after,collector,4,23,408,78408,0,1,0,0,unavailable
after,collector,4,24,388,78388,0,1,0,0,unavailable
after,collector,4,25,370,78370,0,1,0,0,unavailable
after,collector,4,26,207,78207,0,1,0,0,unavailable
after,collector,4,27,181,78181,0,1,0,0,unavailable
after,collector,4,28,16,78016,0,1,0,0,unavailable
after,collector,4,29,99079,177079,0,1,0,0,unavailable
after,collector,4,30,98941,176941,0,1,0,0,unavailable
after,collector,4,31,102980,180980,0,1,0,0,unavailable
after,collector,4,32,102912,180912,0,1,0,0,unavailable
after,collector,4,33,102747,180747,0,1,0,0,unavailable
after,collector,4,34,102618,180618,0,1,0,0,unavailable
after,collector,4,35,102618,180618,0,1,0,0,unavailable
before,collector,5,1,21879,99879,0,1,0,0,unavailable
before,collector,5,2,21792,99792,0,1,0,0,unavailable
before,collector,5,3,21574,99574,0,1,0,0,unavailable
before,collector,5,4,20051,98051,0,1,0,0,unavailable
before,collector,5,5,19999,97999,0,1,0,0,unavailable
before,collector,5,6,16158,94158,0,1,0,0,unavailable
before,collector,5,7,16080,94080,0,1,0,0,unavailable
before,collector,5,8,16031,94031,0,1,0,0,unavailable
before,collector,5,9,12417,90417,0,1,0,0,unavailable
before,collector,5,10,8012,86012,0,1,0,0,unavailable
before,collector,5,11,3516,81516,0,1,0,0,unavailable
before,collector,5,12,3832,81832,0,1,0,0,unavailable
before,collector,5,13,3671,81671,0,1,0,0,unavailable
before,collector,5,14,3644,81644,0,1,0,0,unavailable
before,collector,5,15,3586,81586,0,1,0,0,unavailable
before,collector,5,16,3471,81471,0,1,0,0,unavailable
before,collector,5,17,2546,80546,0,1,0,0,unavailable
before,collector,5,18,1326,79326,0,1,0,0,unavailable
before,collector,5,19,1177,79177,0,1,0,0,unavailable
before,collector,5,20,1056,79056,0,1,0,0,unavailable
before,collector,5,21,962,78962,0,1,0,0,unavailable
before,collector,5,22,863,78863,0,1,0,0,unavailable
before,collector,5,23,734,78734,0,1,0,0,unavailable
before,collector,5,24,296,78296,0,1,0,0,unavailable
before,collector,5,25,296,78296,0,1,0,0,unavailable
before,collector,5,26,202,78202,0,1,0,0,unavailable
before,collector,5,27,168,78168,0,1,0,0,unavailable
before,collector,5,28,20,78020,0,1,0,0,unavailable
before,collector,5,29,99868,177868,0,1,0,0,unavailable
before,collector,5,30,99759,177759,0,1,0,0,unavailable
before,collector,5,31,99759,177759,0,1,0,0,unavailable
before,collector,5,32,97839,175839,0,1,0,0,unavailable
before,collector,5,33,97644,175644,0,1,0,0,unavailable
before,collector,5,34,97523,175523,0,1,0,0,unavailable
before,collector,5,35,107301,185301,0,1,0,0,unavailable
after,collector,5,1,21879,99879,0,1,0,0,unavailable
after,collector,5,2,20921,98921,0,1,0,0,unavailable
after,collector,5,3,20795,98795,0,1,0,0,unavailable
after,collector,5,4,19416,97416,0,1,0,0,unavailable
after,collector,5,5,19293,97293,0,1,0,0,unavailable
after,collector,5,6,18630,96630,0,1,0,0,unavailable
after,collector,5,7,18464,96464,0,1,0,0,unavailable
after,collector,5,8,24356,102356,0,1,0,0,unavailable
after,collector,5,9,696,78696,0,1,0,0,unavailable
after,collector,5,10,581,78581,0,1,0,0,unavailable
after,collector,5,11,529,78529,0,1,0,0,unavailable
after,collector,5,12,430,78430,0,1,0,0,unavailable
after,collector,5,13,271,78271,0,1,0,0,unavailable
after,collector,5,14,572,78572,0,1,0,0,unavailable
after,collector,5,15,463,78463,0,1,0,0,unavailable
after,collector,5,16,277,78277,0,1,0,0,unavailable
after,collector,5,17,119,78119,0,1,0,0,unavailable
after,collector,5,18,119,78119,0,1,0,0,unavailable
after,collector,5,19,81,78081,0,1,0,0,unavailable
after,collector,5,20,51,78051,0,1,0,0,unavailable
after,collector,5,21,13,78013,0,1,0,0,unavailable
after,collector,5,22,4,78004,0,1,0,0,unavailable
after,collector,5,23,4,78004,0,1,0,0,unavailable
after,collector,5,24,4,78004,0,1,0,0,unavailable
after,collector,5,25,4,78004,0,1,0,0,unavailable
after,collector,5,26,4,78004,0,1,0,0,unavailable
after,collector,5,27,4,78004,0,1,0,0,unavailable
after,collector,5,28,4,78004,0,1,0,0,unavailable
after,collector,5,29,99870,177870,0,1,0,0,unavailable
after,collector,5,30,99698,177698,0,1,0,0,unavailable
after,collector,5,31,95846,173846,0,1,0,0,unavailable
after,collector,5,32,94032,172032,0,1,0,0,unavailable
after,collector,5,33,93922,171922,0,1,0,0,unavailable
after,collector,5,34,93759,171759,0,1,0,0,unavailable
after,collector,5,35,93759,171759,0,1,0,0,unavailable
before,collector,6,1,21880,99880,0,1,0,0,unavailable
before,collector,6,2,21722,99722,0,1,0,0,unavailable
before,collector,6,3,21549,99549,0,1,0,0,unavailable
before,collector,6,4,21362,99362,0,1,0,0,unavailable
before,collector,6,5,21201,99201,0,1,0,0,unavailable
before,collector,6,6,16743,94743,0,1,0,0,unavailable
before,collector,6,7,14149,92149,0,1,0,0,unavailable
before,collector,6,8,13686,91686,0,1,0,0,unavailable
before,collector,6,9,9810,87810,0,1,0,0,unavailable
before,collector,6,10,9707,87707,0,1,0,0,unavailable
before,collector,6,11,9630,87630,0,1,0,0,unavailable
before,collector,6,12,9630,87630,0,1,0,0,unavailable
before,collector,6,13,9594,87594,0,1,0,0,unavailable
before,collector,6,14,9895,87895,0,1,0,0,unavailable
before,collector,6,15,9743,87743,0,1,0,0,unavailable
before,collector,6,16,7074,85074,0,1,0,0,unavailable
before,collector,6,17,6975,84975,0,1,0,0,unavailable
before,collector,6,18,6848,84848,0,1,0,0,unavailable
before,collector,6,19,5545,83545,0,1,0,0,unavailable
before,collector,6,20,5340,83340,0,1,0,0,unavailable
before,collector,6,21,5322,83322,0,1,0,0,unavailable
before,collector,6,22,3490,81490,0,1,0,0,unavailable
before,collector,6,23,3433,81433,0,1,0,0,unavailable
before,collector,6,24,3288,81288,0,1,0,0,unavailable
before,collector,6,25,3256,81256,0,1,0,0,unavailable
before,collector,6,26,3037,81037,0,1,0,0,unavailable
before,collector,6,27,2887,80887,0,1,0,0,unavailable
before,collector,6,28,963,78963,0,1,0,0,unavailable
before,collector,6,29,97158,175158,0,1,0,0,unavailable
before,collector,6,30,96653,174653,0,1,0,0,unavailable
before,collector,6,31,95717,173717,0,1,0,0,unavailable
before,collector,6,32,95679,173679,0,1,0,0,unavailable
before,collector,6,33,95526,173526,0,1,0,0,unavailable
before,collector,6,34,101467,179467,0,1,0,0,unavailable
before,collector,6,35,101285,179285,0,1,0,0,unavailable
after,collector,6,1,21880,99880,0,1,0,0,unavailable
after,collector,6,2,21822,99822,0,1,0,0,unavailable
after,collector,6,3,21319,99319,0,1,0,0,unavailable
after,collector,6,4,20025,98025,0,1,0,0,unavailable
after,collector,6,5,19917,97917,0,1,0,0,unavailable
after,collector,6,6,19834,97834,0,1,0,0,unavailable
after,collector,6,7,19251,97251,0,1,0,0,unavailable
after,collector,6,8,19077,97077,0,1,0,0,unavailable
after,collector,6,9,19027,97027,0,1,0,0,unavailable
after,collector,6,10,18922,96922,0,1,0,0,unavailable
after,collector,6,11,18323,96323,0,1,0,0,unavailable
after,collector,6,12,18118,96118,0,1,0,0,unavailable
after,collector,6,13,14598,92598,0,1,0,0,unavailable
after,collector,6,14,14513,92513,0,1,0,0,unavailable
after,collector,6,15,14336,92336,0,1,0,0,unavailable
after,collector,6,16,12440,90440,0,1,0,0,unavailable
after,collector,6,17,12326,90326,0,1,0,0,unavailable
after,collector,6,18,12165,90165,0,1,0,0,unavailable
after,collector,6,19,11969,89969,0,1,0,0,unavailable
after,collector,6,20,11969,89969,0,1,0,0,unavailable
after,collector,6,21,11789,89789,0,1,0,0,unavailable
after,collector,6,22,11584,89584,0,1,0,0,unavailable
after,collector,6,23,11435,89435,0,1,0,0,unavailable
after,collector,6,24,11297,89297,0,1,0,0,unavailable
after,collector,6,25,11092,89092,0,1,0,0,unavailable
after,collector,6,26,7258,85258,0,1,0,0,unavailable
after,collector,6,27,7203,85203,0,1,0,0,unavailable
after,collector,6,28,7028,85028,0,1,0,0,unavailable
after,collector,6,29,106532,184532,0,1,0,0,unavailable
after,collector,6,30,106393,184393,0,1,0,0,unavailable
after,collector,6,31,110408,188408,0,1,0,0,unavailable
after,collector,6,32,110408,188408,0,1,0,0,unavailable
after,collector,6,33,110167,188167,0,1,0,0,unavailable
after,collector,6,34,110095,188095,0,1,0,0,unavailable
after,collector,6,35,109876,187876,0,1,0,0,unavailable
before,collector,7,1,21879,99879,0,1,0,0,unavailable
before,collector,7,2,21721,99721,0,1,0,0,unavailable
before,collector,7,3,21645,99645,0,1,0,0,unavailable
before,collector,7,4,21606,99606,0,1,0,0,unavailable
before,collector,7,5,21486,99486,0,1,0,0,unavailable
before,collector,7,6,18787,96787,0,1,0,0,unavailable
before,collector,7,7,18670,96670,0,1,0,0,unavailable
before,collector,7,8,24421,102421,0,1,0,0,unavailable
before,collector,7,9,4274,82274,0,1,0,0,unavailable
before,collector,7,10,4192,82192,0,1,0,0,unavailable
before,collector,7,11,3958,81958,0,1,0,0,unavailable
before,collector,7,12,3958,81958,0,1,0,0,unavailable
before,collector,7,13,3922,81922,0,1,0,0,unavailable
before,collector,7,14,184,78184,0,1,0,0,unavailable
before,collector,7,15,90,78090,0,1,0,0,unavailable
before,collector,7,16,21,78021,0,1,0,0,unavailable
before,collector,7,17,1,78001,0,1,0,0,unavailable
before,collector,7,18,1,78001,0,1,0,0,unavailable
before,collector,7,19,1,78001,0,1,0,0,unavailable
before,collector,7,20,1,78001,0,1,0,0,unavailable
before,collector,7,21,1,78001,0,1,0,0,unavailable
before,collector,7,22,1,78001,0,1,0,0,unavailable
before,collector,7,23,1,78001,0,1,0,0,unavailable
before,collector,7,24,1,78001,0,1,0,0,unavailable
before,collector,7,25,1,78001,0,1,0,0,unavailable
before,collector,7,26,1,78001,0,1,0,0,unavailable
before,collector,7,27,1,78001,0,1,0,0,unavailable
before,collector,7,28,1,78001,0,1,0,0,unavailable
before,collector,7,29,99069,177069,0,1,0,0,unavailable
before,collector,7,30,95393,173393,0,1,0,0,unavailable
before,collector,7,31,95332,173332,0,1,0,0,unavailable
before,collector,7,32,95136,173136,0,1,0,0,unavailable
before,collector,7,33,95069,173069,0,1,0,0,unavailable
before,collector,7,34,95021,173021,0,1,0,0,unavailable
before,collector,7,35,104761,182761,0,1,0,0,unavailable
after,collector,7,1,21777,99777,0,1,0,0,unavailable
after,collector,7,2,21534,99534,0,1,0,0,unavailable
after,collector,7,3,21429,99429,0,1,0,0,unavailable
after,collector,7,4,21257,99257,0,1,0,0,unavailable
after,collector,7,5,18281,96281,0,1,0,0,unavailable
after,collector,7,6,17346,95346,0,1,0,0,unavailable
after,collector,7,7,14314,92314,0,1,0,0,unavailable
after,collector,7,8,14107,92107,0,1,0,0,unavailable
after,collector,7,9,13904,91904,0,1,0,0,unavailable
after,collector,7,10,13828,91828,0,1,0,0,unavailable
after,collector,7,11,13704,91704,0,1,0,0,unavailable
after,collector,7,12,13628,91628,0,1,0,0,unavailable
after,collector,7,13,13859,91859,0,1,0,0,unavailable
after,collector,7,14,11951,89951,0,1,0,0,unavailable
after,collector,7,15,11951,89951,0,1,0,0,unavailable
after,collector,7,16,11786,89786,0,1,0,0,unavailable
after,collector,7,17,11731,89731,0,1,0,0,unavailable
after,collector,7,18,11106,89106,0,1,0,0,unavailable
after,collector,7,19,11106,89106,0,1,0,0,unavailable
after,collector,7,20,10996,88996,0,1,0,0,unavailable
after,collector,7,21,10976,88976,0,1,0,0,unavailable
after,collector,7,22,7302,85302,0,1,0,0,unavailable
after,collector,7,23,3588,81588,0,1,0,0,unavailable
after,collector,7,24,3550,81550,0,1,0,0,unavailable
after,collector,7,25,3474,81474,0,1,0,0,unavailable
after,collector,7,26,2976,80976,0,1,0,0,unavailable
after,collector,7,27,2873,80873,0,1,0,0,unavailable
after,collector,7,28,1859,79859,0,1,0,0,unavailable
after,collector,7,29,101832,179832,0,1,0,0,unavailable
after,collector,7,30,97462,175462,0,1,0,0,unavailable
after,collector,7,31,97462,175462,0,1,0,0,unavailable
after,collector,7,32,97375,175375,0,1,0,0,unavailable
after,collector,7,33,106349,184349,0,1,0,0,unavailable
after,collector,7,34,102317,180317,0,1,0,0,unavailable
after,collector,7,35,102134,180134,0,1,0,0,unavailable
before,collector,8,1,21857,99857,0,1,0,0,unavailable
before,collector,8,2,21734,99734,0,1,0,0,unavailable
before,collector,8,3,21229,99229,0,1,0,0,unavailable
before,collector,8,4,17700,95700,0,1,0,0,unavailable
before,collector,8,5,17522,95522,0,1,0,0,unavailable
before,collector,8,6,15543,93543,0,1,0,0,unavailable
before,collector,8,7,15416,93416,0,1,0,0,unavailable
before,collector,8,8,13448,91448,0,1,0,0,unavailable
before,collector,8,9,13363,91363,0,1,0,0,unavailable
before,collector,8,10,13212,91212,0,1,0,0,unavailable
before,collector,8,11,13134,91134,0,1,0,0,unavailable
before,collector,8,12,13107,91107,0,1,0,0,unavailable
before,collector,8,13,12890,90890,0,1,0,0,unavailable
before,collector,8,14,8770,86770,0,1,0,0,unavailable
before,collector,8,15,8692,86692,0,1,0,0,unavailable
before,collector,8,16,7336,85336,0,1,0,0,unavailable
before,collector,8,17,7246,85246,0,1,0,0,unavailable
before,collector,8,18,6723,84723,0,1,0,0,unavailable
before,collector,8,19,6440,84440,0,1,0,0,unavailable
before,collector,8,20,2410,80410,0,1,0,0,unavailable
before,collector,8,21,2251,80251,0,1,0,0,unavailable
before,collector,8,22,2046,80046,0,1,0,0,unavailable
before,collector,8,23,1588,79588,0,1,0,0,unavailable
before,collector,8,24,1588,79588,0,1,0,0,unavailable
before,collector,8,25,678,78678,0,1,0,0,unavailable
before,collector,8,26,963,78963,0,1,0,0,unavailable
before,collector,8,27,905,78905,0,1,0,0,unavailable
before,collector,8,28,691,78691,0,1,0,0,unavailable
before,collector,8,29,100581,178581,0,1,0,0,unavailable
before,collector,8,30,100464,178464,0,1,0,0,unavailable
before,collector,8,31,100394,178394,0,1,0,0,unavailable
before,collector,8,32,100394,178394,0,1,0,0,unavailable
before,collector,8,33,98507,176507,0,1,0,0,unavailable
before,collector,8,34,98293,176293,0,1,0,0,unavailable
before,collector,8,35,98130,176130,0,1,0,0,unavailable
after,collector,8,1,21877,99877,0,1,0,0,unavailable
after,collector,8,2,21783,99783,0,1,0,0,unavailable
after,collector,8,3,21745,99745,0,1,0,0,unavailable
after,collector,8,4,21718,99718,0,1,0,0,unavailable
after,collector,8,5,21625,99625,0,1,0,0,unavailable
after,collector,8,6,21108,99108,0,1,0,0,unavailable
after,collector,8,7,21023,99023,0,1,0,0,unavailable
after,collector,8,8,20818,98818,0,1,0,0,unavailable
after,collector,8,9,20804,98804,0,1,0,0,unavailable
after,collector,8,10,20599,98599,0,1,0,0,unavailable
after,collector,8,11,20889,98889,0,1,0,0,unavailable
after,collector,8,12,20889,98889,0,1,0,0,unavailable
after,collector,8,13,20769,98769,0,1,0,0,unavailable
after,collector,8,14,20669,98669,0,1,0,0,unavailable
after,collector,8,15,20531,98531,0,1,0,0,unavailable
after,collector,8,16,20393,98393,0,1,0,0,unavailable
after,collector,8,17,19373,97373,0,1,0,0,unavailable
after,collector,8,18,19141,97141,0,1,0,0,unavailable
after,collector,8,19,18961,96961,0,1,0,0,unavailable
after,collector,8,20,18887,96887,0,1,0,0,unavailable
after,collector,8,21,17558,95558,0,1,0,0,unavailable
after,collector,8,22,17400,95400,0,1,0,0,unavailable
after,collector,8,23,16952,94952,0,1,0,0,unavailable
after,collector,8,24,9114,87114,0,1,0,0,unavailable
after,collector,8,25,9005,87005,0,1,0,0,unavailable
after,collector,8,26,8878,86878,0,1,0,0,unavailable
after,collector,8,27,8761,86761,0,1,0,0,unavailable
after,collector,8,28,8761,86761,0,1,0,0,unavailable
after,collector,8,29,108635,186635,0,1,0,0,unavailable
after,collector,8,30,107616,185616,0,1,0,0,unavailable
after,collector,8,31,107616,185616,0,1,0,0,unavailable
after,collector,8,32,107487,185487,0,1,0,0,unavailable
after,collector,8,33,112965,190965,0,1,0,0,unavailable
after,collector,8,34,112813,190813,0,1,0,0,unavailable
after,collector,8,35,112666,190666,0,1,0,0,unavailable
before,collector,9,1,21821,99821,0,1,0,0,unavailable
before,collector,9,2,21703,99703,0,1,0,0,unavailable
before,collector,9,3,21508,99508,0,1,0,0,unavailable
before,collector,9,4,18479,96479,0,1,0,0,unavailable
before,collector,9,5,18458,96458,0,1,0,0,unavailable
before,collector,9,6,18233,96233,0,1,0,0,unavailable
before,collector,9,7,18070,96070,0,1,0,0,unavailable
before,collector,9,8,19767,97767,0,1,0,0,unavailable
before,collector,9,9,19753,97753,0,1,0,1,unavailable
before,collector,9,10,22615,100615,0,1,0,1,unavailable
before,collector,9,11,22477,100477,0,1,0,1,unavailable
before,collector,9,12,25361,103361,0,1,0,3,unavailable
before,collector,9,13,25337,103337,0,1,0,3,unavailable
before,collector,9,14,22772,100772,0,1,0,4,unavailable
before,collector,9,15,22772,100772,0,1,0,4,unavailable
before,collector,9,16,40631,118631,0,1,0,4,unavailable
before,collector,9,17,40757,118757,0,1,0,4,unavailable
before,collector,9,18,38778,116778,0,1,0,5,unavailable
before,collector,9,19,38493,116493,0,1,0,5,unavailable
before,collector,9,20,38451,116451,0,1,0,5,unavailable
before,collector,9,21,34731,112731,0,1,0,5,unavailable
before,collector,9,22,30673,108673,0,1,0,5,unavailable
before,collector,9,23,28770,106770,0,1,0,5,unavailable
before,collector,9,24,27695,105695,0,1,0,5,unavailable
before,collector,9,25,38792,116792,0,1,0,5,unavailable
before,collector,9,26,38653,116653,0,1,0,5,unavailable
before,collector,9,27,38554,116554,0,1,0,5,unavailable
before,collector,9,28,38450,116450,0,1,0,5,unavailable
before,collector,9,29,137920,215920,0,1,0,5,unavailable
before,collector,9,30,137748,215748,0,1,0,5,unavailable
before,collector,9,31,137672,215672,0,1,0,5,unavailable
before,collector,9,32,152560,230560,0,1,0,5,unavailable
before,collector,9,33,152560,230560,0,1,0,5,unavailable
before,collector,9,34,152457,230457,0,1,0,5,unavailable
before,collector,9,35,152405,230405,0,1,0,5,unavailable
after,collector,9,1,20764,98764,0,1,0,0,unavailable
after,collector,9,2,20490,98490,0,1,0,0,unavailable
after,collector,9,3,20295,98295,0,1,0,0,unavailable
after,collector,9,4,16351,94351,0,1,0,0,unavailable
after,collector,9,5,13749,91749,0,1,0,0,unavailable
after,collector,9,6,13612,91612,0,1,0,0,unavailable
after,collector,9,7,13489,91489,0,1,0,0,unavailable
after,collector,9,8,13413,91413,0,1,0,0,unavailable
after,collector,9,9,13252,91252,0,1,0,0,unavailable
after,collector,9,10,13132,91132,0,1,0,0,unavailable
after,collector,9,11,13406,91406,0,1,0,0,unavailable
after,collector,9,12,13366,91366,0,1,0,0,unavailable
after,collector,9,13,13249,91249,0,1,0,0,unavailable
after,collector,9,14,13249,91249,0,1,0,0,unavailable
after,collector,9,15,13135,91135,0,1,0,0,unavailable
after,collector,9,16,13065,91065,0,1,0,0,unavailable
after,collector,9,17,12855,90855,0,1,0,0,unavailable
after,collector,9,18,12690,90690,0,1,0,0,unavailable
after,collector,9,19,11678,89678,0,1,0,0,unavailable
after,collector,9,20,11543,89543,0,1,0,0,unavailable
after,collector,9,21,11258,89258,0,1,0,0,unavailable
after,collector,9,22,11088,89088,0,1,0,0,unavailable
after,collector,9,23,10134,88134,0,1,0,0,unavailable
after,collector,9,24,9585,87585,0,1,0,0,unavailable
after,collector,9,25,9339,87339,0,1,0,0,unavailable
after,collector,9,26,9234,87234,0,1,0,0,unavailable
after,collector,9,27,7311,85311,0,1,0,0,unavailable
after,collector,9,28,5417,83417,0,1,0,0,unavailable
after,collector,9,29,105263,183263,0,1,0,0,unavailable
after,collector,9,30,105131,183131,0,1,0,0,unavailable
after,collector,9,31,105131,183131,0,1,0,0,unavailable
after,collector,9,32,106433,184433,0,1,0,0,unavailable
after,collector,9,33,106316,184316,0,1,0,0,unavailable
after,collector,9,34,104358,182358,0,1,0,0,unavailable
after,collector,9,35,104159,182159,0,1,0,0,unavailable
