label,persona,seed,person,highestLevel,dates,firstCloseDay,firstRideDay
after,homebody,1,ceo_assistant_001,2,3,,
after,homebody,1,bllad33,1,0,,
after,homebody,1,ogun,1,0,,
after,homebody,1,coffe,1,0,,
after,homebody,1,kaede,3,3,29,
after,homebody,1,june,3,3,30,
after,homebody,1,velvet,2,3,,
after,homebody,1,ms_patrice,3,3,35,
after,homebody,1,kiki,2,2,,
after,homebody,1,lil_smack,1,0,,
after,homebody,1,reggie,1,0,,
after,homebody,1,okada,1,0,,
after,homebody,1,hina,2,2,,
after,homebody,1,wispa,1,2,,
after,homebody,1,uncle_sunday,1,0,,
after,homebody,1,tasha,2,2,,
after,homebody,1,tristan,2,0,,
after,homebody,1,iron_jaw,1,0,,
after,homebody,1,phil,1,0,,
after,homebody,1,bunmi,2,2,,
after,homebody,1,don_chuy,1,0,,
after,homebody,1,emberly,2,2,,
after,homebody,1,brenda,2,2,,
before,homebody,1,ceo_assistant_001,3,4,33,
before,homebody,1,bllad33,1,0,,
before,homebody,1,ogun,1,0,,
before,homebody,1,coffe,1,0,,
before,homebody,1,velvet,2,3,,
before,homebody,1,june,3,3,32,
before,homebody,1,tasha,2,3,,
before,homebody,1,ms_patrice,3,3,34,
before,homebody,1,reggie,1,0,,
before,homebody,1,wispa,2,3,,
before,homebody,1,lil_smack,1,0,,
before,homebody,1,okada,1,0,,
before,homebody,1,hina,1,2,,
before,homebody,1,iron_jaw,1,0,,
before,homebody,1,tristan,2,0,,
before,homebody,1,kiki,1,2,,
before,homebody,1,brenda,2,2,,
before,homebody,1,kaede,2,2,,
before,homebody,1,phil,1,0,,
before,homebody,1,emberly,1,2,,
before,homebody,1,bunmi,2,2,,
before,homebody,1,don_chuy,1,0,,
after,homebody,2,ceo_assistant_001,2,3,,
after,homebody,2,bllad33,1,0,,
after,homebody,2,ogun,1,0,,
after,homebody,2,coffe,1,0,,
after,homebody,2,june,2,3,,
after,homebody,2,reggie,1,0,,
after,homebody,2,velvet,2,3,,
after,homebody,2,wispa,2,3,,
after,homebody,2,ms_patrice,3,3,29,
after,homebody,2,okada,1,0,,
after,homebody,2,hina,2,3,,
after,homebody,2,kiki,3,3,20,
after,homebody,2,brenda,2,3,,
after,homebody,2,tasha,3,3,35,
after,homebody,2,iron_jaw,1,0,,
after,homebody,2,bunmi,1,2,,
after,homebody,2,phil,1,0,,
after,homebody,2,tristan,2,0,,
after,homebody,2,bruce_loose,1,0,,
after,homebody,2,lil_smack,1,0,,
after,homebody,2,don_chuy,1,0,,
before,homebody,2,ceo_assistant_001,3,4,33,
before,homebody,2,bllad33,1,0,,
before,homebody,2,ogun,1,0,,
before,homebody,2,coffe,1,0,,
before,homebody,2,june,3,3,32,
before,homebody,2,wispa,2,3,,
before,homebody,2,bruce_loose,1,0,,
before,homebody,2,velvet,2,3,,
before,homebody,2,kiki,2,3,,
before,homebody,2,okada,1,0,,
before,homebody,2,hina,2,2,,
before,homebody,2,reggie,1,0,,
before,homebody,2,tasha,2,2,,
before,homebody,2,emberly,2,2,,
before,homebody,2,tristan,2,0,,
before,homebody,2,iron_jaw,1,0,,
before,homebody,2,kaede,2,2,,
before,homebody,2,brenda,2,2,,
before,homebody,2,ms_patrice,2,2,,
before,homebody,2,lil_smack,1,0,,
before,homebody,2,phil,1,0,,
before,homebody,2,bunmi,2,2,,
before,homebody,2,don_chuy,1,0,,
before,homebody,3,ceo_assistant_001,3,4,33,
before,homebody,3,bllad33,1,0,,
before,homebody,3,ogun,1,0,,
before,homebody,3,coffe,1,0,,
before,homebody,3,june,3,4,23,
before,homebody,3,ms_patrice,3,3,24,
before,homebody,3,velvet,2,3,,
before,homebody,3,reggie,1,0,,
before,homebody,3,uncle_sunday,1,0,,
before,homebody,3,lil_smack,1,0,,
before,homebody,3,kiki,3,3,26,
before,homebody,3,wispa,2,3,,
before,homebody,3,tasha,2,3,,
before,homebody,3,tristan,2,0,,
before,homebody,3,iron_jaw,1,0,,
before,homebody,3,okada,1,0,,
before,homebody,3,hina,2,3,,
before,homebody,3,bunmi,2,3,,
before,homebody,3,phil,1,0,,
before,homebody,3,don_chuy,1,0,,
before,homebody,3,bruce_loose,1,0,,
after,homebody,3,ceo_assistant_001,3,3,25,
after,homebody,3,bllad33,1,0,,
after,homebody,3,ogun,1,0,,
after,homebody,3,coffe,1,0,,
after,homebody,3,bruce_loose,1,0,,
after,homebody,3,june,3,3,27,
after,homebody,3,wispa,2,3,,
after,homebody,3,kaede,2,3,,
after,homebody,3,velvet,2,3,,
after,homebody,3,reggie,1,0,,
after,homebody,3,uncle_sunday,1,0,,
after,homebody,3,emberly,2,3,,
after,homebody,3,kiki,2,3,,
after,homebody,3,tasha,3,3,33,
after,homebody,3,tristan,2,0,,
after,homebody,3,lil_smack,1,0,,
after,homebody,3,iron_jaw,1,0,,
after,homebody,3,okada,1,0,,
after,homebody,3,hina,2,3,,
after,homebody,3,ms_patrice,2,3,,
after,homebody,3,phil,1,0,,
after,homebody,3,don_chuy,1,0,,
before,homebody,4,ceo_assistant_001,2,4,,
before,homebody,4,bllad33,1,0,,
before,homebody,4,ogun,1,0,,
before,homebody,4,coffe,1,0,,
before,homebody,4,brenda,3,3,29,
before,homebody,4,velvet,2,3,,
before,homebody,4,june,2,3,,
before,homebody,4,reggie,1,0,,
before,homebody,4,uncle_sunday,1,0,,
before,homebody,4,kaede,2,3,,
before,homebody,4,ms_patrice,2,3,,
before,homebody,4,kiki,3,3,35,
before,homebody,4,wispa,2,2,,
before,homebody,4,tasha,2,2,,
before,homebody,4,okada,1,0,,
before,homebody,4,hina,2,2,,
before,homebody,4,lil_smack,1,0,,
before,homebody,4,iron_jaw,1,0,,
before,homebody,4,tristan,2,0,,
before,homebody,4,bunmi,2,2,,
before,homebody,4,bruce_loose,1,0,,
before,homebody,4,phil,1,0,,
before,homebody,4,don_chuy,1,0,,
after,homebody,4,ceo_assistant_001,2,3,,
after,homebody,4,bllad33,1,0,,
after,homebody,4,ogun,1,0,,
after,homebody,4,coffe,1,0,,
after,homebody,4,brenda,2,3,,
after,homebody,4,june,3,3,28,
after,homebody,4,tasha,2,3,,
after,homebody,4,ms_patrice,3,3,30,
after,homebody,4,reggie,1,0,,
after,homebody,4,uncle_sunday,1,0,,
after,homebody,4,emberly,2,3,,
after,homebody,4,velvet,2,3,,
after,homebody,4,tristan,2,0,,
after,homebody,4,wispa,1,2,,
after,homebody,4,kiki,2,2,,
after,homebody,4,iron_jaw,1,0,,
after,homebody,4,bruce_loose,1,0,,
after,homebody,4,phil,1,0,,
after,homebody,4,lil_smack,1,0,,
after,homebody,4,okada,1,0,,
after,homebody,4,hina,1,2,,
after,homebody,4,don_chuy,1,0,,
after,homebody,4,kaede,1,2,,
after,homebody,5,ceo_assistant_001,2,3,,
after,homebody,5,bllad33,1,0,,
after,homebody,5,ogun,1,0,,
after,homebody,5,coffe,1,0,,
after,homebody,5,bruce_loose,1,0,,
after,homebody,5,june,3,3,26,
after,homebody,5,wispa,2,3,,
after,homebody,5,velvet,2,3,,
after,homebody,5,ms_patrice,2,3,,
after,homebody,5,kiki,2,3,,
after,homebody,5,reggie,1,0,,
after,homebody,5,okada,1,0,,
after,homebody,5,hina,2,3,,
after,homebody,5,tasha,2,3,,
after,homebody,5,iron_jaw,1,0,,
after,homebody,5,tristan,2,0,,
after,homebody,5,phil,1,0,,
after,homebody,5,emberly,2,3,,
after,homebody,5,lil_smack,1,0,,
after,homebody,5,brenda,2,2,,
before,homebody,5,ceo_assistant_001,3,4,34,
before,homebody,5,bllad33,1,0,,
before,homebody,5,ogun,1,0,,
before,homebody,5,coffe,1,0,,
before,homebody,5,velvet,2,3,,
before,homebody,5,june,3,3,30,
before,homebody,5,ms_patrice,3,3,31,
before,homebody,5,reggie,1,0,,
before,homebody,5,kiki,2,3,,
before,homebody,5,okada,1,0,,
before,homebody,5,hina,2,3,,
before,homebody,5,uncle_sunday,1,0,,
before,homebody,5,bruce_loose,1,0,,
before,homebody,5,wispa,1,3,,
before,homebody,5,tristan,2,0,,
before,homebody,5,tasha,2,2,,
before,homebody,5,iron_jaw,1,0,,
before,homebody,5,emberly,2,2,,
before,homebody,5,phil,1,0,,
before,homebody,5,lil_smack,1,0,,
before,homebody,5,bunmi,2,2,,
before,homebody,5,brenda,1,2,,
after,homebody,6,ceo_assistant_001,2,3,,
after,homebody,6,bllad33,1,0,,
after,homebody,6,ogun,1,0,,
after,homebody,6,coffe,1,0,,
after,homebody,6,brenda,2,3,,
after,homebody,6,june,2,3,,
after,homebody,6,velvet,2,3,,
after,homebody,6,reggie,1,0,,
after,homebody,6,kiki,2,3,,
after,homebody,6,tasha,2,2,,
after,homebody,6,wispa,1,2,,
after,homebody,6,emberly,1,2,,
after,homebody,6,iron_jaw,1,0,,
after,homebody,6,tristan,2,0,,
after,homebody,6,lil_smack,1,0,,
after,homebody,6,okada,1,0,,
after,homebody,6,hina,1,2,,
after,homebody,6,kaede,2,2,,
after,homebody,6,bruce_loose,1,0,,
after,homebody,6,phil,1,0,,
after,homebody,6,ms_patrice,2,2,,
after,homebody,6,bunmi,2,2,,
after,homebody,6,don_chuy,1,0,,
before,homebody,6,ceo_assistant_001,3,4,34,
before,homebody,6,bllad33,1,0,,
before,homebody,6,ogun,1,0,,
before,homebody,6,coffe,1,0,,
before,homebody,6,brenda,2,3,,
before,homebody,6,june,3,3,28,
before,homebody,6,reggie,1,0,,
before,homebody,6,emberly,2,3,,
before,homebody,6,tasha,2,3,,
before,homebody,6,ms_patrice,3,3,25,
before,homebody,6,okada,1,0,,
before,homebody,6,hina,2,3,,
before,homebody,6,velvet,2,3,,
before,homebody,6,wispa,2,3,,
before,homebody,6,tristan,2,0,,
before,homebody,6,iron_jaw,1,0,,
before,homebody,6,kiki,3,3,35,
before,homebody,6,phil,1,0,,
before,homebody,6,bruce_loose,1,0,,
before,homebody,6,lil_smack,1,0,,
before,homebody,6,don_chuy,1,0,,
before,homebody,7,ceo_assistant_001,2,3,,
before,homebody,7,bllad33,1,0,,
before,homebody,7,ogun,1,0,,
before,homebody,7,coffe,1,0,,
before,homebody,7,june,3,3,29,
before,homebody,7,reggie,1,0,,
before,homebody,7,velvet,2,3,,
before,homebody,7,kaede,2,3,,
before,homebody,7,okada,1,0,,
before,homebody,7,hina,2,3,,
before,homebody,7,bruce_loose,1,0,,
before,homebody,7,emberly,1,2,,
before,homebody,7,wispa,1,2,,
before,homebody,7,tasha,1,2,,
before,homebody,7,kiki,2,2,,
before,homebody,7,iron_jaw,1,0,,
before,homebody,7,lil_smack,1,0,,
before,homebody,7,tristan,2,0,,
before,homebody,7,phil,1,0,,
before,homebody,7,ms_patrice,2,2,,
before,homebody,7,brenda,2,2,,
before,homebody,7,bunmi,2,2,,
after,homebody,7,ceo_assistant_001,2,3,,
after,homebody,7,bllad33,1,0,,
after,homebody,7,ogun,1,0,,
after,homebody,7,coffe,1,0,,
after,homebody,7,june,3,3,28,
after,homebody,7,wispa,3,3,28,
after,homebody,7,velvet,2,3,,
after,homebody,7,okada,1,0,,
after,homebody,7,hina,2,3,,
after,homebody,7,reggie,1,0,,
after,homebody,7,tasha,3,3,34,
after,homebody,7,uncle_sunday,1,0,,
after,homebody,7,kiki,2,3,,
after,homebody,7,tristan,2,0,,
after,homebody,7,lil_smack,1,0,,
after,homebody,7,iron_jaw,1,0,,
after,homebody,7,ms_patrice,2,2,,
after,homebody,7,brenda,2,2,,
after,homebody,7,phil,1,0,,
after,homebody,7,emberly,1,2,,
after,homebody,7,kaede,2,2,,
after,homebody,7,don_chuy,1,0,,
before,homebody,8,ceo_assistant_001,1,3,,
before,homebody,8,bllad33,1,0,,
before,homebody,8,ogun,1,0,,
before,homebody,8,coffe,1,0,,
before,homebody,8,june,3,3,29,
before,homebody,8,tasha,2,3,,
before,homebody,8,kaede,3,3,32,
before,homebody,8,velvet,3,3,33,
before,homebody,8,reggie,1,0,,
before,homebody,8,ms_patrice,2,3,,
before,homebody,8,kiki,2,3,,
before,homebody,8,wispa,2,3,,
before,homebody,8,uncle_sunday,1,0,,
before,homebody,8,okada,1,0,,
before,homebody,8,hina,2,2,,
before,homebody,8,tristan,2,0,,
before,homebody,8,iron_jaw,1,0,,
before,homebody,8,bruce_loose,1,0,,
before,homebody,8,lil_smack,1,0,,
before,homebody,8,emberly,1,2,,
before,homebody,8,phil,1,0,,
before,homebody,8,brenda,2,2,,
after,homebody,8,ceo_assistant_001,1,3,,
after,homebody,8,bllad33,1,0,,
after,homebody,8,ogun,1,0,,
after,homebody,8,coffe,1,0,,
after,homebody,8,velvet,3,3,29,
after,homebody,8,june,3,3,30,
after,homebody,8,reggie,1,0,,
after,homebody,8,ms_patrice,2,3,,
after,homebody,8,wispa,2,3,,
after,homebody,8,kiki,2,3,,
after,homebody,8,lil_smack,1,0,,
after,homebody,8,tristan,2,0,,
after,homebody,8,okada,1,0,,
after,homebody,8,hina,2,3,,
after,homebody,8,tasha,2,3,,
after,homebody,8,kaede,3,2,25,
after,homebody,8,iron_jaw,1,0,,
after,homebody,8,bunmi,2,2,,
after,homebody,8,bruce_loose,1,0,,
after,homebody,8,phil,1,0,,
after,homebody,8,emberly,2,2,,
after,homebody,8,don_chuy,1,0,,
before,homebody,9,ceo_assistant_001,2,4,,
before,homebody,9,bllad33,1,0,,
before,homebody,9,ogun,1,0,,
before,homebody,9,coffe,1,0,,
before,homebody,9,june,3,4,25,
before,homebody,9,velvet,2,3,,
before,homebody,9,reggie,1,0,,
before,homebody,9,tasha,2,3,,
before,homebody,9,emberly,2,3,,
before,homebody,9,kiki,2,3,,
before,homebody,9,wispa,2,3,,
before,homebody,9,tristan,2,0,,
before,homebody,9,okada,1,0,,
before,homebody,9,hina,2,3,,
before,homebody,9,iron_jaw,1,0,,
before,homebody,9,lil_smack,1,0,,
before,homebody,9,ms_patrice,2,3,,
before,homebody,9,bruce_loose,1,0,,
before,homebody,9,phil,1,0,,
before,homebody,9,don_chuy,1,0,,
after,homebody,9,ceo_assistant_001,2,3,,
after,homebody,9,bllad33,1,0,,
after,homebody,9,ogun,1,0,,
after,homebody,9,coffe,1,0,,
after,homebody,9,june,3,3,32,
after,homebody,9,wispa,2,3,,
after,homebody,9,bruce_loose,1,0,,
after,homebody,9,velvet,2,3,,
after,homebody,9,tasha,2,3,,
after,homebody,9,kiki,2,2,,
after,homebody,9,reggie,1,0,,
after,homebody,9,okada,1,0,,
after,homebody,9,hina,2,2,,
after,homebody,9,tristan,2,0,,
after,homebody,9,iron_jaw,1,0,,
after,homebody,9,bunmi,2,2,,
after,homebody,9,brenda,2,2,,
after,homebody,9,phil,1,0,,
after,homebody,9,ms_patrice,2,2,,
after,homebody,9,lil_smack,1,0,,
after,homebody,9,kaede,2,2,,
after,homebody,9,emberly,1,2,,
after,homebody,9,don_chuy,1,0,,
before,homebody,10,ceo_assistant_001,3,4,28,
before,homebody,10,bllad33,1,0,,
before,homebody,10,ogun,1,0,,
before,homebody,10,coffe,1,0,,
before,homebody,10,brenda,3,3,29,
before,homebody,10,june,3,3,33,
before,homebody,10,ms_patrice,3,3,34,
before,homebody,10,bruce_loose,1,0,,
before,homebody,10,lil_smack,1,0,,
before,homebody,10,kiki,2,3,,
before,homebody,10,reggie,1,0,,
before,homebody,10,okada,1,0,,
before,homebody,10,hina,1,2,,
before,homebody,10,wispa,2,2,,
before,homebody,10,tasha,2,2,,
before,homebody,10,velvet,2,2,,
before,homebody,10,iron_jaw,1,0,,
before,homebody,10,emberly,1,2,,
before,homebody,10,kaede,2,2,,
before,homebody,10,phil,1,0,,
before,homebody,10,tristan,2,0,,
before,homebody,10,don_chuy,1,0,,
before,homebody,10,bunmi,1,2,,
after,homebody,10,ceo_assistant_001,2,3,,
after,homebody,10,bllad33,1,0,,
after,homebody,10,ogun,1,0,,
after,homebody,10,coffe,1,0,,
after,homebody,10,brenda,2,3,,
after,homebody,10,june,3,3,30,
after,homebody,10,reggie,1,0,,
after,homebody,10,tasha,2,3,,
after,homebody,10,okada,1,0,,
after,homebody,10,hina,2,3,,
after,homebody,10,tristan,2,0,,
after,homebody,10,wispa,3,3,34,
after,homebody,10,velvet,3,3,35,
after,homebody,10,kiki,2,2,,
after,homebody,10,iron_jaw,1,0,,
after,homebody,10,kaede,2,2,,
after,homebody,10,phil,1,0,,
after,homebody,10,ms_patrice,2,2,,
after,homebody,10,emberly,2,2,,
after,homebody,10,bruce_loose,1,0,,
after,homebody,10,lil_smack,1,0,,
after,homebody,10,don_chuy,1,0,,
before,party,1,ceo_assistant_001,3,5,7,
before,party,1,bruce_loose,1,0,,
before,party,1,rookoko,1,0,,
before,party,1,bllad33,1,0,,
before,party,1,ogun,1,0,,
before,party,1,coffe,1,0,,
before,party,1,lo,3,5,23,
before,party,1,velvet,3,5,34,
before,party,1,anfeesa,3,5,35,
before,party,1,deacon_brass,1,0,,
before,party,1,kaede,3,5,11,
before,party,1,june,3,4,20,
before,party,1,kiki,3,4,26,
before,party,1,okada,1,0,,
before,party,1,hina,3,4,27,
before,party,1,tristan,2,0,,
before,party,1,reggie,1,0,,
before,party,1,brenda,2,4,,
before,party,1,wispa,3,4,29,
before,party,1,tasha,2,4,,
before,party,1,iron_jaw,1,0,,
before,party,1,bunmi,3,4,22,
before,party,1,don_chuy,1,0,,
before,party,1,ms_patrice,3,4,31,
before,party,1,phil,1,0,,
before,party,1,nightshade,2,4,,
before,party,1,lil_smack,1,0,,
after,party,1,ceo_assistant_001,2,4,,
after,party,1,bruce_loose,1,0,,
after,party,1,rookoko,1,0,,
after,party,1,bllad33,1,0,,
after,party,1,ogun,1,0,,
after,party,1,coffe,1,0,,
after,party,1,velvet,2,4,,
after,party,1,tasha,3,4,29,
after,party,1,lo,3,4,29,
after,party,1,brenda,3,4,30,
after,party,1,anfeesa,2,4,,
after,party,1,kiki,3,4,32,
after,party,1,reggie,1,0,,
after,party,1,okada,1,0,,
after,party,1,hina,2,4,,
after,party,1,tristan,2,0,,
after,party,1,wispa,2,4,,
after,party,1,moonie,2,4,,
after,party,1,ms_patrice,2,4,,
after,party,1,kaede,3,4,26,
after,party,1,uncle_sunday,1,0,,
after,party,1,bunmi,3,3,27,
after,party,1,june,3,3,27,
after,party,1,phil,1,0,,
after,party,1,lil_smack,1,0,,
after,party,1,iron_jaw,1,0,,
after,party,1,don_chuy,1,0,,
after,party,1,nightshade,2,2,,
before,party,2,ceo_assistant_001,2,5,,
before,party,2,rookoko,1,0,,
before,party,2,bllad33,1,0,,
before,party,2,ogun,1,0,,
before,party,2,coffe,1,0,,
before,party,2,bruce_loose,1,0,,
before,party,2,velvet,3,5,33,
before,party,2,lo,2,5,,
before,party,2,okada,1,0,,
before,party,2,hina,3,5,21,
before,party,2,june,2,5,,
before,party,2,anfeesa,3,5,11,
before,party,2,deacon_brass,1,0,,
before,party,2,kiki,3,4,9,
before,party,2,tristan,2,0,,
before,party,2,lil_smack,1,0,,
before,party,2,tasha,3,4,25,
before,party,2,wispa,2,4,,
before,party,2,bunmi,2,4,,
before,party,2,reggie,1,0,,
before,party,2,iron_jaw,1,0,,
before,party,2,brenda,3,4,30,
before,party,2,phil,1,0,,
before,party,2,ms_patrice,3,4,30,
before,party,2,kaede,2,4,,
before,party,2,moonie,2,4,,
before,party,2,don_chuy,1,0,,
after,party,2,ceo_assistant_001,2,4,,
after,party,2,rookoko,1,0,,
after,party,2,bllad33,1,0,,
after,party,2,ogun,1,0,,
after,party,2,coffe,1,0,,
after,party,2,lo,2,4,,
after,party,2,velvet,2,4,,
after,party,2,june,3,4,20,
after,party,2,anfeesa,2,4,,
after,party,2,kaede,2,4,,
after,party,2,brenda,3,4,29,
after,party,2,ms_patrice,3,4,22,
after,party,2,reggie,1,0,,
after,party,2,lil_smack,1,0,,
after,party,2,kiki,2,4,,
after,party,2,okada,1,0,,
after,party,2,hina,2,4,,
after,party,2,tristan,2,0,,
after,party,2,wispa,2,4,,
after,party,2,nightshade,3,4,33,
after,party,2,bunmi,2,4,,
after,party,2,don_chuy,1,0,,
after,party,2,tasha,2,3,,
after,party,2,phil,1,0,,
after,party,2,bruce_loose,1,0,,
after,party,2,iron_jaw,1,0,,
after,party,2,moonie,2,2,,
before,party,3,ceo_assistant_001,3,5,20,
before,party,3,rookoko,1,0,,
before,party,3,bllad33,1,0,,
before,party,3,ogun,1,0,,
before,party,3,coffe,1,0,,
before,party,3,lo,3,5,35,
before,party,3,velvet,3,4,10,
before,party,3,reggie,1,0,,
before,party,3,june,3,4,14,
before,party,3,anfeesa,3,4,24,
before,party,3,kaede,3,4,25,
before,party,3,kiki,3,4,15,
before,party,3,okada,1,0,,
before,party,3,hina,2,4,,
before,party,3,tristan,2,0,,
before,party,3,wispa,2,4,,
before,party,3,tasha,2,4,,
before,party,3,bunmi,3,4,17,
before,party,3,don_chuy,1,0,,
before,party,3,iron_jaw,1,0,,
before,party,3,nightshade,2,4,,
before,party,3,phil,1,0,,
before,party,3,bruce_loose,1,0,,
before,party,3,emberly,2,4,,
before,party,3,deacon_brass,1,0,,
before,party,3,moonie,2,4,,
before,party,3,ms_patrice,2,4,,
before,party,3,brenda,1,1,,
after,party,3,ceo_assistant_001,3,5,10,
after,party,3,rookoko,1,0,,
after,party,3,bllad33,1,0,,
after,party,3,ogun,1,0,,
after,party,3,coffe,1,0,,
after,party,3,kaede,3,5,35,
after,party,3,lo,3,5,35,
after,party,3,velvet,3,4,27,
after,party,3,june,3,4,15,
after,party,3,nightshade,2,4,,
after,party,3,wispa,2,4,,
after,party,3,anfeesa,3,4,19,
after,party,3,kiki,3,4,19,
after,party,3,reggie,1,0,,
after,party,3,tristan,2,0,,
after,party,3,uncle_sunday,1,0,,
after,party,3,bruce_loose,1,0,,
after,party,3,okada,1,0,,
after,party,3,hina,3,4,21,
after,party,3,tasha,2,4,,
after,party,3,iron_jaw,1,0,,
after,party,3,bunmi,2,4,,
after,party,3,don_chuy,1,0,,
after,party,3,brenda,2,4,,
after,party,3,phil,1,0,,
after,party,3,ms_patrice,2,4,,
after,party,3,moonie,2,4,,
after,party,3,deacon_brass,1,0,,
after,party,4,ceo_assistant_001,3,5,35,
after,party,4,rookoko,1,0,,
after,party,4,bllad33,1,0,,
after,party,4,ogun,1,0,,
after,party,4,coffe,1,0,,
after,party,4,velvet,2,5,,
after,party,4,okada,1,0,,
after,party,4,hina,2,4,,
after,party,4,kaede,2,4,,
after,party,4,lo,2,4,,
after,party,4,reggie,1,0,,
after,party,4,nightshade,2,4,,
after,party,4,uncle_sunday,1,0,,
after,party,4,anfeesa,3,4,30,
after,party,4,kiki,3,4,20,
after,party,4,june,3,4,31,
after,party,4,tristan,2,0,,
after,party,4,brenda,2,4,,
after,party,4,wispa,2,4,,
after,party,4,tasha,2,4,,
after,party,4,bunmi,3,4,33,
after,party,4,don_chuy,1,0,,
after,party,4,moonie,3,4,34,
after,party,4,phil,1,0,,
after,party,4,ms_patrice,2,4,,
after,party,4,iron_jaw,1,0,,
after,party,4,lil_smack,1,0,,
after,party,4,bruce_loose,1,0,,
before,party,4,ceo_assistant_001,3,5,28,
before,party,4,rookoko,1,0,,
before,party,4,bllad33,1,0,,
before,party,4,ogun,1,0,,
before,party,4,coffe,1,0,,
before,party,4,lo,3,4,29,
before,party,4,velvet,2,4,,
before,party,4,kaede,3,4,21,
before,party,4,okada,1,0,,
before,party,4,hina,3,4,30,
before,party,4,june,3,4,24,
before,party,4,anfeesa,2,4,,
before,party,4,nightshade,3,4,33,
before,party,4,ms_patrice,3,4,33,
before,party,4,kiki,3,4,34,
before,party,4,reggie,1,0,,
before,party,4,tristan,2,0,,
before,party,4,wispa,3,4,34,
before,party,4,brenda,2,4,,
before,party,4,tasha,3,4,35,
before,party,4,iron_jaw,1,0,,
before,party,4,moonie,2,3,,
before,party,4,bunmi,2,3,,
before,party,4,uncle_sunday,1,0,,
before,party,4,phil,1,0,,
before,party,4,lil_smack,1,0,,
before,party,4,emberly,2,3,,
before,party,4,bruce_loose,1,0,,
before,party,4,deacon_brass,1,0,,
before,party,4,don_chuy,1,0,,
after,party,5,ceo_assistant_001,2,4,,
after,party,5,rookoko,1,0,,
after,party,5,bllad33,1,0,,
after,party,5,ogun,1,0,,
after,party,5,coffe,1,0,,
after,party,5,velvet,3,4,26,
after,party,5,moonie,3,4,27,
after,party,5,lo,2,4,,
after,party,5,bruce_loose,1,0,,
after,party,5,kaede,2,4,,
after,party,5,anfeesa,2,4,,
after,party,5,deacon_brass,1,0,,
after,party,5,kiki,3,4,15,
after,party,5,wispa,2,4,,
after,party,5,okada,1,0,,
after,party,5,hina,2,4,,
after,party,5,tristan,2,0,,
after,party,5,reggie,1,0,,
after,party,5,uncle_sunday,1,0,,
after,party,5,lil_smack,1,0,,
after,party,5,nightshade,2,4,,
after,party,5,bunmi,3,4,32,
after,party,5,tasha,2,4,,
after,party,5,don_chuy,1,0,,
after,party,5,iron_jaw,1,0,,
after,party,5,phil,1,0,,
after,party,5,june,3,4,35,
after,party,5,ms_patrice,2,3,,
after,party,5,brenda,2,3,,
before,party,5,ceo_assistant_001,2,6,,
before,party,5,rookoko,1,0,,
before,party,5,bllad33,1,0,,
before,party,5,ogun,1,0,,
before,party,5,coffe,1,0,,
before,party,5,velvet,3,5,11,
before,party,5,june,3,5,25,
before,party,5,kaede,3,5,32,
before,party,5,lo,3,5,16,
before,party,5,anfeesa,2,5,,
before,party,5,wispa,3,5,18,
before,party,5,okada,1,0,,
before,party,5,hina,3,5,18,
before,party,5,kiki,4,4,10,28
before,party,5,reggie,1,0,,
before,party,5,tristan,2,0,,
before,party,5,uncle_sunday,1,0,,
before,party,5,tasha,3,4,28,
before,party,5,emberly,2,4,,
before,party,5,lil_smack,1,0,,
before,party,5,bunmi,2,4,,
before,party,5,iron_jaw,1,0,,
before,party,5,bruce_loose,1,0,,
before,party,5,phil,1,0,,
before,party,5,moonie,3,4,30,
before,party,5,brenda,2,4,,
before,party,5,don_chuy,1,0,,
before,party,6,ceo_assistant_001,3,6,31,
before,party,6,rookoko,1,0,,
before,party,6,bllad33,1,0,,
before,party,6,ogun,1,0,,
before,party,6,coffe,1,0,,
before,party,6,lo,3,5,11,
before,party,6,velvet,3,5,14,
before,party,6,june,3,5,34,
before,party,6,bruce_loose,1,0,,
before,party,6,anfeesa,3,5,34,
before,party,6,kaede,3,5,27,
before,party,6,reggie,1,0,,
before,party,6,kiki,3,5,27,
before,party,6,wispa,3,4,28,
before,party,6,okada,1,0,,
before,party,6,hina,2,4,,
before,party,6,tristan,2,0,,
before,party,6,emberly,2,4,,
before,party,6,tasha,2,4,,
before,party,6,lil_smack,1,0,,
before,party,6,iron_jaw,1,0,,
before,party,6,bunmi,3,4,30,
before,party,6,don_chuy,1,0,,
before,party,6,phil,1,0,,
before,party,6,brenda,3,4,30,
before,party,6,ms_patrice,2,4,,
before,party,6,deacon_brass,1,0,,
after,party,6,ceo_assistant_001,3,5,16,
after,party,6,rookoko,1,0,,
after,party,6,bllad33,1,0,,
after,party,6,ogun,1,0,,
after,party,6,coffe,1,0,,
after,party,6,bruce_loose,1,0,,
after,party,6,lo,2,4,,
after,party,6,velvet,2,4,,
after,party,6,anfeesa,3,4,19,
after,party,6,deacon_brass,1,0,,
after,party,6,june,3,4,19,
after,party,6,okada,1,0,,
after,party,6,hina,2,4,,
after,party,6,kiki,3,4,20,
after,party,6,tristan,2,0,,
after,party,6,reggie,1,0,,
after,party,6,wispa,3,4,15,
after,party,6,uncle_sunday,1,0,,
after,party,6,kaede,2,4,,
after,party,6,bunmi,3,4,31,
after,party,6,phil,1,0,,
after,party,6,brenda,3,4,27,
after,party,6,ms_patrice,3,4,33,
after,party,6,tasha,3,4,29,
after,party,6,iron_jaw,1,0,,
after,party,6,nightshade,2,4,,
after,party,6,lil_smack,1,0,,
after,party,6,emberly,2,4,,
after,party,6,don_chuy,1,0,,
before,party,7,ceo_assistant_001,3,5,32,
before,party,7,rookoko,1,0,,
before,party,7,bllad33,1,0,,
before,party,7,ogun,1,0,,
before,party,7,coffe,1,0,,
before,party,7,bruce_loose,1,0,,
before,party,7,velvet,2,5,,
before,party,7,june,3,5,14,
before,party,7,lo,3,5,34,
before,party,7,tasha,3,5,25,
before,party,7,anfeesa,3,5,17,
before,party,7,kiki,3,4,18,
before,party,7,okada,1,0,,
before,party,7,hina,2,4,,
before,party,7,brenda,2,4,,
before,party,7,tristan,2,0,,
before,party,7,wispa,3,4,19,
before,party,7,reggie,1,0,,
before,party,7,iron_jaw,1,0,,
before,party,7,lil_smack,1,0,,
before,party,7,kaede,2,4,,
before,party,7,bunmi,2,4,,
before,party,7,don_chuy,1,0,,
before,party,7,phil,1,0,,
before,party,7,uncle_sunday,1,0,,
before,party,7,ms_patrice,2,4,,
before,party,7,deacon_brass,1,0,,
before,party,7,nightshade,1,4,,
after,party,7,ceo_assistant_001,2,4,,
after,party,7,rookoko,1,0,,
after,party,7,bllad33,1,0,,
after,party,7,ogun,1,0,,
after,party,7,coffe,1,0,,
after,party,7,brenda,3,4,29,
after,party,7,lo,2,4,,
after,party,7,velvet,3,4,30,
after,party,7,ms_patrice,3,4,31,
after,party,7,anfeesa,2,4,,
after,party,7,kaede,3,4,32,
after,party,7,tasha,3,4,32,
after,party,7,june,3,4,28,
after,party,7,nightshade,2,4,,
after,party,7,kiki,3,4,35,
after,party,7,reggie,1,0,,
after,party,7,tristan,2,0,,
after,party,7,wispa,2,4,,
after,party,7,uncle_sunday,1,0,,
after,party,7,lil_smack,1,0,,
after,party,7,okada,1,0,,
after,party,7,hina,2,3,,
after,party,7,iron_jaw,1,0,,
after,party,7,bunmi,2,3,,
after,party,7,don_chuy,1,0,,
after,party,7,phil,1,0,,
after,party,7,bruce_loose,1,0,,
after,party,7,emberly,2,3,,
after,party,8,ceo_assistant_001,2,5,,
after,party,8,rookoko,1,0,,
after,party,8,bllad33,1,0,,
after,party,8,ogun,1,0,,
after,party,8,coffe,1,0,,
after,party,8,lo,2,5,,
after,party,8,velvet,3,5,29,
after,party,8,anfeesa,3,5,23,
after,party,8,reggie,1,0,,
after,party,8,kaede,3,5,9,
after,party,8,kiki,3,5,24,
after,party,8,uncle_sunday,1,0,,
after,party,8,tristan,2,0,,
after,party,8,wispa,3,5,25,
after,party,8,tasha,3,5,25,
after,party,8,okada,1,0,,
after,party,8,hina,2,5,,
after,party,8,iron_jaw,1,0,,
after,party,8,lil_smack,1,0,,
after,party,8,june,4,5,20,34
after,party,8,bunmi,4,5,20,34
after,party,8,don_chuy,1,0,,
after,party,8,brenda,3,5,35,
after,party,8,nightshade,3,5,35,
after,party,8,phil,1,0,,
after,party,8,bruce_loose,1,0,,
before,party,8,ceo_assistant_001,3,5,33,
before,party,8,rookoko,1,0,,
before,party,8,bllad33,1,0,,
before,party,8,ogun,1,0,,
before,party,8,coffe,1,0,,
before,party,8,velvet,3,5,35,
before,party,8,june,3,5,15,
before,party,8,lo,2,4,,
before,party,8,brenda,3,4,16,
before,party,8,anfeesa,3,4,26,
before,party,8,reggie,1,0,,
before,party,8,nightshade,2,4,,
before,party,8,kiki,3,4,20,
before,party,8,uncle_sunday,1,0,,
before,party,8,okada,1,0,,
before,party,8,hina,1,4,,
before,party,8,tristan,2,0,,
before,party,8,wispa,3,4,28,
before,party,8,tasha,2,4,,
before,party,8,iron_jaw,1,0,,
before,party,8,bruce_loose,1,0,,
before,party,8,bunmi,2,4,,
before,party,8,don_chuy,1,0,,
before,party,8,ms_patrice,2,4,,
before,party,8,phil,1,0,,
before,party,8,lil_smack,1,0,,
before,party,8,deacon_brass,1,0,,
before,party,8,emberly,2,4,,
before,party,8,kaede,3,4,34,
after,party,9,ceo_assistant_001,3,5,35,
after,party,9,rookoko,1,0,,
after,party,9,bllad33,1,0,,
after,party,9,ogun,1,0,,
after,party,9,coffe,1,0,,
after,party,9,brenda,2,4,,
after,party,9,velvet,2,4,,
after,party,9,okada,1,0,,
after,party,9,hina,3,4,27,
after,party,9,nightshade,2,4,,
after,party,9,lo,2,4,,
after,party,9,bruce_loose,1,0,,
after,party,9,anfeesa,2,4,,
after,party,9,tasha,2,4,,
after,party,9,kiki,3,4,22,
after,party,9,kaede,3,4,23,
after,party,9,reggie,1,0,,
after,party,9,tristan,2,0,,
after,party,9,iron_jaw,1,0,,
after,party,9,ms_patrice,3,4,33,
after,party,9,bunmi,3,4,17,
after,party,9,june,3,4,18,
after,party,9,wispa,3,4,25,
after,party,9,phil,1,0,,
after,party,9,moonie,3,4,35,
after,party,9,deacon_brass,1,0,,
after,party,9,lil_smack,1,0,,
after,party,9,don_chuy,1,0,,
before,party,9,ceo_assistant_001,3,5,26,
before,party,9,rookoko,1,0,,
before,party,9,bllad33,1,0,,
before,party,9,ogun,1,0,,
before,party,9,coffe,1,0,,
before,party,9,velvet,2,5,,
before,party,9,tasha,3,5,19,
before,party,9,kaede,2,5,,
before,party,9,okada,1,0,,
before,party,9,hina,3,5,35,
before,party,9,brenda,2,4,,
before,party,9,lo,3,4,29,
before,party,9,ms_patrice,3,4,30,
before,party,9,kiki,3,4,13,
before,party,9,reggie,1,0,,
before,party,9,tristan,2,0,,
before,party,9,wispa,3,4,31,
before,party,9,anfeesa,2,4,,
before,party,9,iron_jaw,1,0,,
before,party,9,lil_smack,1,0,,
before,party,9,bruce_loose,1,0,,
before,party,9,moonie,2,4,,
before,party,9,bunmi,2,4,,
before,party,9,don_chuy,1,0,,
before,party,9,june,3,4,26,
before,party,9,deacon_brass,1,0,,
before,party,9,phil,1,0,,
before,party,9,nightshade,2,4,,
before,party,10,ceo_assistant_001,4,6,5,35
before,party,10,rookoko,1,0,,
before,party,10,bllad33,1,0,,
before,party,10,ogun,1,0,,
before,party,10,coffe,1,0,,
before,party,10,velvet,2,5,,
before,party,10,june,3,5,16,
before,party,10,reggie,1,0,,
before,party,10,okada,1,0,,
before,party,10,hina,3,5,17,
before,party,10,lo,3,4,28,
before,party,10,anfeesa,2,4,,
before,party,10,kiki,2,4,,
before,party,10,ms_patrice,3,4,29,
before,party,10,tristan,2,0,,
before,party,10,brenda,3,4,30,
before,party,10,wispa,2,4,,
before,party,10,tasha,3,4,31,
before,party,10,bunmi,3,4,31,
before,party,10,don_chuy,1,0,,
before,party,10,phil,1,0,,
before,party,10,kaede,4,4,24,32
before,party,10,nightshade,3,4,32,
before,party,10,bruce_loose,1,0,,
before,party,10,lil_smack,1,0,,
before,party,10,iron_jaw,1,0,,
after,party,10,ceo_assistant_001,3,5,35,
after,party,10,rookoko,1,0,,
after,party,10,bllad33,1,0,,
after,party,10,ogun,1,0,,
after,party,10,coffe,1,0,,
after,party,10,lo,3,4,16,
after,party,10,velvet,3,4,29,
after,party,10,anfeesa,2,4,,
after,party,10,reggie,1,0,,
after,party,10,june,3,4,30,
after,party,10,ms_patrice,3,4,25,
after,party,10,bruce_loose,1,0,,
after,party,10,moonie,3,4,21,
after,party,10,kiki,3,4,31,
after,party,10,tristan,2,0,,
after,party,10,okada,1,0,,
after,party,10,hina,3,4,23,
after,party,10,lil_smack,1,0,,
after,party,10,brenda,2,4,,
after,party,10,wispa,2,4,,
after,party,10,uncle_sunday,1,0,,
after,party,10,bunmi,3,4,33,
after,party,10,tasha,3,4,26,
after,party,10,iron_jaw,1,0,,
after,party,10,phil,1,0,,
after,party,10,nightshade,2,4,,
after,party,10,kaede,3,4,35,
after,party,10,deacon_brass,1,0,,
after,party,10,don_chuy,1,0,,
before,landlord,1,ceo_assistant_001,3,4,32,
before,landlord,1,okada,1,0,,
before,landlord,1,hina,3,4,34,
before,landlord,1,june,4,4,9,24
before,landlord,1,bllad33,1,0,,
before,landlord,1,ogun,1,0,,
before,landlord,1,coffe,1,0,,
before,landlord,1,velvet,2,3,,
before,landlord,1,kiki,2,3,,
before,landlord,1,reggie,1,0,,
before,landlord,1,wispa,2,3,,
before,landlord,1,pinky,3,3,28,
before,landlord,1,uncle_sunday,1,0,,
before,landlord,1,tristan,2,0,,
before,landlord,1,tasha,2,3,,
before,landlord,1,lil_smack,1,0,,
before,landlord,1,bunmi,2,3,,
before,landlord,1,brenda,3,3,31,
before,landlord,1,iron_jaw,1,0,,
before,landlord,1,phil,1,0,,
before,landlord,1,shannon_001,1,0,,
before,landlord,1,bruce_loose,1,0,,
before,landlord,1,deacon_brass,1,0,,
before,landlord,1,don_chuy,1,0,,
after,landlord,1,ceo_assistant_001,2,4,,
after,landlord,1,okada,1,0,,
after,landlord,1,hina,2,3,,
after,landlord,1,bllad33,1,0,,
after,landlord,1,ogun,1,0,,
after,landlord,1,coffe,1,0,,
after,landlord,1,brenda,2,3,,
after,landlord,1,june,3,3,10,
after,landlord,1,kiki,2,3,,
after,landlord,1,tristan,2,0,,
after,landlord,1,pinky,2,3,,
after,landlord,1,velvet,2,3,,
after,landlord,1,wispa,2,3,,
after,landlord,1,kaede,3,3,34,
after,landlord,1,tasha,2,3,,
after,landlord,1,lil_smack,1,0,,
after,landlord,1,iron_jaw,1,0,,
after,landlord,1,reggie,1,0,,
after,landlord,1,bunmi,2,2,,
after,landlord,1,uncle_sunday,1,0,,
after,landlord,1,shannon_001,1,0,,
after,landlord,1,emberly,1,2,,
after,landlord,1,don_chuy,1,0,,
before,landlord,2,ceo_assistant_001,2,4,,
before,landlord,2,okada,1,0,,
before,landlord,2,hina,2,3,,
before,landlord,2,bllad33,1,0,,
before,landlord,2,ogun,1,0,,
before,landlord,2,coffe,1,0,,
before,landlord,2,brenda,2,3,,
before,landlord,2,june,4,3,19,26
before,landlord,2,kiki,2,3,,
before,landlord,2,reggie,1,0,,
before,landlord,2,pinky,3,3,25,
before,landlord,2,velvet,2,3,,
before,landlord,2,tristan,2,0,,
before,landlord,2,tasha,3,3,33,
before,landlord,2,wispa,2,3,,
before,landlord,2,iron_jaw,1,0,,
before,landlord,2,phil,1,0,,
before,landlord,2,shannon_001,1,0,,
before,landlord,2,nightshade,1,2,,
before,landlord,2,kaede,2,2,,
before,landlord,2,bunmi,2,2,,
before,landlord,2,don_chuy,1,0,,
after,landlord,2,ceo_assistant_001,1,3,,
after,landlord,2,bllad33,1,0,,
after,landlord,2,ogun,1,0,,
after,landlord,2,coffe,1,0,,
after,landlord,2,velvet,3,3,25,
after,landlord,2,june,4,3,21,26
after,landlord,2,okada,1,0,,
after,landlord,2,hina,2,3,,
after,landlord,2,brenda,2,3,,
after,landlord,2,moonie,2,3,,
after,landlord,2,pinky,2,3,,
after,landlord,2,tasha,3,3,31,
after,landlord,2,kiki,3,3,33,
after,landlord,2,tristan,2,0,,
after,landlord,2,wispa,2,3,,
after,landlord,2,iron_jaw,1,0,,
after,landlord,2,kaede,2,3,,
after,landlord,2,shannon_001,1,0,,
after,landlord,2,reggie,1,0,,
after,landlord,2,lil_smack,1,0,,
after,landlord,2,don_chuy,1,0,,
after,landlord,2,bruce_loose,1,0,,
before,landlord,3,ceo_assistant_001,3,4,25,
before,landlord,3,june,4,3,9,29
before,landlord,3,bllad33,1,0,,
before,landlord,3,ogun,1,0,,
before,landlord,3,coffe,1,0,,
before,landlord,3,bruce_loose,1,0,,
before,landlord,3,okada,1,0,,
before,landlord,3,hina,2,3,,
before,landlord,3,velvet,2,3,,
before,landlord,3,kiki,3,3,29,
before,landlord,3,ms_patrice,2,3,,
before,landlord,3,pinky,2,3,,
before,landlord,3,tristan,2,0,,
before,landlord,3,lil_smack,1,0,,
before,landlord,3,reggie,1,0,,
before,landlord,3,wispa,1,3,,
before,landlord,3,kaede,3,3,33,
before,landlord,3,tasha,3,3,34,
before,landlord,3,phil,1,0,,
before,landlord,3,bunmi,2,3,,
before,landlord,3,iron_jaw,1,0,,
before,landlord,3,don_chuy,1,0,,
before,landlord,3,shannon_001,1,0,,
after,landlord,3,ceo_assistant_001,1,3,,
after,landlord,3,okada,1,0,,
after,landlord,3,hina,2,3,,
after,landlord,3,bllad33,1,0,,
after,landlord,3,ogun,1,0,,
after,landlord,3,coffe,1,0,,
after,landlord,3,kaede,2,3,,
after,landlord,3,june,4,3,9,29
after,landlord,3,velvet,2,3,,
after,landlord,3,bruce_loose,1,0,,
after,landlord,3,reggie,1,0,,
after,landlord,3,tristan,2,0,,
after,landlord,3,pinky,3,3,31,
after,landlord,3,tasha,2,3,,
after,landlord,3,wispa,2,3,,
after,landlord,3,brenda,2,3,,
after,landlord,3,iron_jaw,1,0,,
after,landlord,3,lil_smack,1,0,,
after,landlord,3,phil,1,0,,
after,landlord,3,kiki,2,3,,
after,landlord,3,emberly,2,2,,
after,landlord,3,shannon_001,1,0,,
after,landlord,3,nightshade,2,2,,
after,landlord,3,rookoko,1,0,,
after,landlord,3,don_chuy,1,0,,
before,landlord,4,ceo_assistant_001,3,4,25,
before,landlord,4,okada,1,0,,
before,landlord,4,hina,2,3,,
before,landlord,4,june,4,3,9,27
before,landlord,4,bllad33,1,0,,
before,landlord,4,ogun,1,0,,
before,landlord,4,coffe,1,0,,
before,landlord,4,velvet,3,3,28,
before,landlord,4,ms_patrice,2,3,,
before,landlord,4,reggie,1,0,,
before,landlord,4,kiki,3,3,30,
before,landlord,4,pinky,2,3,,
before,landlord,4,tristan,2,0,,
before,landlord,4,uncle_sunday,1,0,,
before,landlord,4,kaede,2,3,,
before,landlord,4,wispa,2,3,,
before,landlord,4,tasha,2,3,,
before,landlord,4,iron_jaw,1,0,,
before,landlord,4,brenda,2,2,,
before,landlord,4,shannon_001,1,0,,
before,landlord,4,don_chuy,1,0,,
after,landlord,4,ceo_assistant_001,3,4,35,
after,landlord,4,okada,1,0,,
after,landlord,4,hina,2,3,,
after,landlord,4,june,4,3,7,26
after,landlord,4,bllad33,1,0,,
after,landlord,4,ogun,1,0,,
after,landlord,4,coffe,1,0,,
after,landlord,4,velvet,2,3,,
after,landlord,4,tasha,2,3,,
after,landlord,4,pinky,2,3,,
after,landlord,4,wispa,2,3,,
after,landlord,4,tristan,2,0,,
after,landlord,4,lil_smack,1,0,,
after,landlord,4,kiki,2,3,,
after,landlord,4,brenda,2,3,,
after,landlord,4,shannon_001,1,0,,
after,landlord,4,reggie,1,0,,
after,landlord,4,iron_jaw,1,0,,
after,landlord,4,kaede,3,3,33,
after,landlord,4,bunmi,2,3,,
after,landlord,4,don_chuy,1,0,,
after,landlord,4,bruce_loose,1,0,,
before,landlord,5,ceo_assistant_001,3,5,29,
before,landlord,5,okada,1,0,,
before,landlord,5,hina,3,4,30,
before,landlord,5,june,4,4,15,31
before,landlord,5,bllad33,1,0,,
before,landlord,5,ogun,1,0,,
before,landlord,5,coffe,1,0,,
before,landlord,5,velvet,2,4,,
before,landlord,5,pinky,3,3,22,
before,landlord,5,reggie,1,0,,
before,landlord,5,tristan,2,0,,
before,landlord,5,kiki,2,3,,
before,landlord,5,lil_smack,1,0,,
before,landlord,5,tasha,3,3,26,
before,landlord,5,wispa,2,3,,
before,landlord,5,iron_jaw,1,0,,
before,landlord,5,phil,1,0,,
before,landlord,5,bunmi,2,3,,
before,landlord,5,shannon_001,1,0,,
before,landlord,5,don_chuy,1,0,,
before,landlord,5,kaede,1,2,,
after,landlord,5,ceo_assistant_001,3,4,20,
after,landlord,5,okada,1,0,,
after,landlord,5,hina,2,4,,
after,landlord,5,june,4,4,8,25
after,landlord,5,bllad33,1,0,,
after,landlord,5,ogun,1,0,,
after,landlord,5,coffe,1,0,,
after,landlord,5,brenda,2,3,,
after,landlord,5,velvet,2,3,,
after,landlord,5,kiki,3,3,25,
after,landlord,5,reggie,1,0,,
after,landlord,5,tristan,2,0,,
after,landlord,5,pinky,2,3,,
after,landlord,5,uncle_sunday,1,0,,
after,landlord,5,tasha,2,3,,
after,landlord,5,wispa,2,3,,
after,landlord,5,iron_jaw,1,0,,
after,landlord,5,phil,1,0,,
after,landlord,5,bruce_loose,1,0,,
after,landlord,5,rookoko,1,0,,
after,landlord,5,shannon_001,1,0,,
after,landlord,5,don_chuy,1,0,,
after,landlord,5,kaede,2,3,,
after,landlord,5,lil_smack,1,0,,
before,landlord,6,ceo_assistant_001,3,5,34,
before,landlord,6,okada,1,0,,
before,landlord,6,hina,2,4,,
before,landlord,6,june,4,4,9,20
before,landlord,6,bllad33,1,0,,
before,landlord,6,ogun,1,0,,
before,landlord,6,coffe,1,0,,
before,landlord,6,bruce_loose,1,0,,
before,landlord,6,velvet,3,4,21,
before,landlord,6,reggie,1,0,,
before,landlord,6,pinky,3,4,24,
before,landlord,6,wispa,3,4,25,
before,landlord,6,tasha,3,3,26,
before,landlord,6,uncle_sunday,1,0,,
before,landlord,6,iron_jaw,1,0,,
before,landlord,6,tristan,2,0,,
before,landlord,6,lil_smack,1,0,,
before,landlord,6,kaede,2,3,,
before,landlord,6,phil,1,0,,
before,landlord,6,kiki,2,3,,
before,landlord,6,don_chuy,1,0,,
before,landlord,6,deacon_brass,1,0,,
before,landlord,6,shannon_001,1,0,,
after,landlord,6,ceo_assistant_001,3,4,29,
after,landlord,6,june,4,4,7,21
after,landlord,6,bllad33,1,0,,
after,landlord,6,ogun,1,0,,
after,landlord,6,coffe,1,0,,
after,landlord,6,bruce_loose,1,0,,
after,landlord,6,velvet,3,4,31,
after,landlord,6,okada,1,0,,
after,landlord,6,hina,2,4,,
after,landlord,6,deacon_brass,1,0,,
after,landlord,6,kiki,3,4,24,
after,landlord,6,reggie,1,0,,
after,landlord,6,pinky,3,4,34,
after,landlord,6,tristan,2,0,,
after,landlord,6,lil_smack,1,0,,
after,landlord,6,tasha,2,3,,
after,landlord,6,iron_jaw,1,0,,
after,landlord,6,bunmi,3,3,27,
after,landlord,6,don_chuy,1,0,,
after,landlord,6,wispa,2,3,,
after,landlord,6,phil,1,0,,
after,landlord,6,shannon_001,1,0,,
before,landlord,7,ceo_assistant_001,3,5,26,
before,landlord,7,okada,1,0,,
before,landlord,7,hina,3,4,17,
before,landlord,7,june,4,4,7,20
before,landlord,7,bllad33,1,0,,
before,landlord,7,ogun,1,0,,
before,landlord,7,coffe,1,0,,
before,landlord,7,bruce_loose,1,0,,
before,landlord,7,velvet,2,3,,
before,landlord,7,kiki,3,3,22,
before,landlord,7,tristan,2,0,,
before,landlord,7,pinky,3,3,23,
before,landlord,7,reggie,1,0,,
before,landlord,7,wispa,3,3,24,
before,landlord,7,lil_smack,1,0,,
before,landlord,7,phil,1,0,,
before,landlord,7,tasha,2,3,,
before,landlord,7,iron_jaw,1,0,,
before,landlord,7,deacon_brass,1,0,,
before,landlord,7,brenda,3,3,29,
before,landlord,7,shannon_001,1,0,,
before,landlord,7,don_chuy,1,0,,
before,landlord,7,kaede,3,3,35,
after,landlord,7,ceo_assistant_001,3,4,35,
after,landlord,7,okada,1,0,,
after,landlord,7,hina,2,3,,
after,landlord,7,bllad33,1,0,,
after,landlord,7,ogun,1,0,,
after,landlord,7,coffe,1,0,,
after,landlord,7,brenda,3,3,26,
after,landlord,7,june,4,3,11,29
after,landlord,7,velvet,3,3,28,
after,landlord,7,kiki,3,3,29,
after,landlord,7,reggie,1,0,,
after,landlord,7,pinky,2,3,,
after,landlord,7,wispa,3,3,34,
after,landlord,7,uncle_sunday,1,0,,
after,landlord,7,tristan,2,0,,
after,landlord,7,bunmi,2,3,,
after,landlord,7,moonie,1,2,,
after,landlord,7,phil,1,0,,
after,landlord,7,tasha,2,2,,
after,landlord,7,lil_smack,1,0,,
after,landlord,7,bruce_loose,1,0,,
after,landlord,7,iron_jaw,1,0,,
after,landlord,7,shannon_001,1,0,,
after,landlord,7,don_chuy,1,0,,
after,landlord,7,kaede,2,2,,
before,landlord,8,ceo_assistant_001,3,5,33,
before,landlord,8,okada,1,0,,
before,landlord,8,hina,3,4,30,
before,landlord,8,bllad33,1,0,,
before,landlord,8,ogun,1,0,,
before,landlord,8,coffe,1,0,,
before,landlord,8,june,4,4,17,32
before,landlord,8,bruce_loose,1,0,,
before,landlord,8,kiki,2,4,,
before,landlord,8,reggie,1,0,,
before,landlord,8,pinky,3,4,22,
before,landlord,8,tristan,2,0,,
before,landlord,8,wispa,2,4,,
before,landlord,8,velvet,2,3,,
before,landlord,8,don_chuy,1,0,,
before,landlord,8,tasha,3,3,27,
before,landlord,8,iron_jaw,1,0,,
before,landlord,8,phil,1,0,,
before,landlord,8,bunmi,2,3,,
before,landlord,8,lil_smack,1,0,,
before,landlord,8,shannon_001,1,0,,
after,landlord,8,ceo_assistant_001,2,4,,
after,landlord,8,okada,1,0,,
after,landlord,8,hina,3,4,19,
after,landlord,8,bllad33,1,0,,
after,landlord,8,ogun,1,0,,
after,landlord,8,coffe,1,0,,
after,landlord,8,june,4,4,17,35
after,landlord,8,velvet,2,3,,
after,landlord,8,wispa,2,3,,
after,landlord,8,kiki,2,3,,
after,landlord,8,pinky,2,3,,
after,landlord,8,tasha,3,3,27,
after,landlord,8,tristan,2,0,,
after,landlord,8,iron_jaw,1,0,,
after,landlord,8,bruce_loose,1,0,,
after,landlord,8,phil,1,0,,
after,landlord,8,brenda,2,3,,
after,landlord,8,reggie,1,0,,
after,landlord,8,lil_smack,1,0,,
after,landlord,8,don_chuy,1,0,,
after,landlord,8,shannon_001,1,0,,
after,landlord,8,bunmi,3,3,32,
before,landlord,9,ceo_assistant_001,1,3,,
before,landlord,9,okada,1,0,,
before,landlord,9,hina,2,3,,
before,landlord,9,bllad33,1,0,,
before,landlord,9,ogun,1,0,,
before,landlord,9,coffe,1,0,,
before,landlord,9,june,3,3,23,
before,landlord,9,velvet,2,3,,
before,landlord,9,kiki,3,4,33,
before,landlord,9,wispa,2,3,,
before,landlord,9,pinky,2,3,,
before,landlord,9,reggie,1,0,,
before,landlord,9,kaede,2,3,,
before,landlord,9,uncle_sunday,1,0,,
before,landlord,9,lil_smack,1,0,,
before,landlord,9,tasha,2,3,,
before,landlord,9,tristan,2,0,,
before,landlord,9,brenda,2,3,,
before,landlord,9,don_chuy,1,0,,
before,landlord,9,phil,1,0,,
before,landlord,9,rookoko,1,0,,
before,landlord,9,iron_jaw,1,0,,
before,landlord,9,shannon_001,1,0,,
before,landlord,9,bunmi,2,3,,
after,landlord,9,ceo_assistant_001,2,4,,
after,landlord,9,okada,1,0,,
after,landlord,9,hina,2,3,,
after,landlord,9,bllad33,1,0,,
after,landlord,9,ogun,1,0,,
after,landlord,9,coffe,1,0,,
after,landlord,9,june,3,3,22,
after,landlord,9,velvet,2,3,,
after,landlord,9,reggie,1,0,,
after,landlord,9,tristan,2,0,,
after,landlord,9,pinky,2,3,,
after,landlord,9,kiki,2,3,,
after,landlord,9,tasha,2,3,,
after,landlord,9,uncle_sunday,1,0,,
after,landlord,9,lil_smack,1,0,,
after,landlord,9,wispa,2,3,,
after,landlord,9,iron_jaw,1,0,,
after,landlord,9,phil,1,0,,
after,landlord,9,kaede,2,3,,
after,landlord,9,nightshade,2,3,,
after,landlord,9,bunmi,2,3,,
after,landlord,9,shannon_001,1,0,,
after,landlord,9,don_chuy,1,0,,
before,landlord,10,ceo_assistant_001,2,4,,
before,landlord,10,june,4,4,6,34
before,landlord,10,bllad33,1,0,,
before,landlord,10,ogun,1,0,,
before,landlord,10,coffe,1,0,,
before,landlord,10,velvet,2,4,,
before,landlord,10,okada,1,0,,
before,landlord,10,hina,2,3,,
before,landlord,10,tristan,2,0,,
before,landlord,10,kiki,2,3,,
before,landlord,10,pinky,2,3,,
before,landlord,10,wispa,2,3,,
before,landlord,10,bunmi,2,3,,
before,landlord,10,reggie,1,0,,
before,landlord,10,tasha,2,3,,
before,landlord,10,brenda,2,3,,
before,landlord,10,phil,1,0,,
before,landlord,10,iron_jaw,1,0,,
before,landlord,10,rookoko,1,0,,
before,landlord,10,uncle_sunday,1,0,,
before,landlord,10,lil_smack,1,0,,
before,landlord,10,shannon_001,1,0,,
before,landlord,10,don_chuy,1,0,,
after,landlord,10,ceo_assistant_001,2,4,,
after,landlord,10,june,4,3,5,19
after,landlord,10,bllad33,1,0,,
after,landlord,10,ogun,1,0,,
after,landlord,10,coffe,1,0,,
after,landlord,10,brenda,2,3,,
after,landlord,10,okada,1,0,,
after,landlord,10,hina,2,3,,
after,landlord,10,kaede,3,3,26,
after,landlord,10,velvet,2,3,,
after,landlord,10,kiki,3,3,18,
after,landlord,10,reggie,1,0,,
after,landlord,10,pinky,3,3,29,
after,landlord,10,wispa,2,3,,
after,landlord,10,bruce_loose,1,0,,
after,landlord,10,tristan,2,0,,
after,landlord,10,lil_smack,1,0,,
after,landlord,10,tasha,2,3,,
after,landlord,10,phil,1,0,,
after,landlord,10,iron_jaw,1,0,,
after,landlord,10,don_chuy,1,0,,
after,landlord,10,shannon_001,1,0,,
after,landlord,10,bunmi,2,3,,
before,weirdo,1,ceo_assistant_001,3,5,22,
before,weirdo,1,reggie,1,0,,
before,weirdo,1,nightshade,3,4,23,
before,weirdo,1,bllad33,1,0,,
before,weirdo,1,ogun,1,0,,
before,weirdo,1,coffe,1,0,,
before,weirdo,1,uncle_sunday,1,0,,
before,weirdo,1,emberly,3,4,35,
before,weirdo,1,okada,1,0,,
before,weirdo,1,hina,3,3,25,
before,weirdo,1,velvet,3,3,26,
before,weirdo,1,bruce_loose,1,0,,
before,weirdo,1,deacon_brass,1,0,,
before,weirdo,1,kiki,3,3,27,
before,weirdo,1,wispa,3,3,28,
before,weirdo,1,tristan,2,0,,
before,weirdo,1,tasha,3,3,29,
before,weirdo,1,lil_smack,1,0,,
before,weirdo,1,brenda,3,3,30,
before,weirdo,1,june,3,3,31,
before,weirdo,1,iron_jaw,1,0,,
before,weirdo,1,phil,1,0,,
before,weirdo,1,don_chuy,1,0,,
after,weirdo,1,ceo_assistant_001,3,3,29,
after,weirdo,1,reggie,1,0,,
after,weirdo,1,nightshade,3,3,30,
after,weirdo,1,bllad33,1,0,,
after,weirdo,1,ogun,1,0,,
after,weirdo,1,coffe,1,0,,
after,weirdo,1,uncle_sunday,1,0,,
after,weirdo,1,emberly,3,3,32,
after,weirdo,1,june,3,3,33,
after,weirdo,1,wispa,3,3,34,
after,weirdo,1,velvet,3,3,35,
after,weirdo,1,rookoko,1,0,,
after,weirdo,1,kiki,3,2,21,
after,weirdo,1,brenda,2,2,,
after,weirdo,1,tristan,2,0,,
after,weirdo,1,lil_smack,1,0,,
after,weirdo,1,okada,1,0,,
after,weirdo,1,hina,2,2,,
after,weirdo,1,ms_patrice,2,2,,
after,weirdo,1,don_chuy,1,0,,
after,weirdo,1,kaede,2,2,,
after,weirdo,1,tasha,2,2,,
after,weirdo,1,phil,1,0,,
after,weirdo,1,iron_jaw,1,0,,
after,weirdo,1,bunmi,2,2,,
after,weirdo,1,bruce_loose,1,0,,
after,weirdo,1,deacon_brass,1,0,,
before,weirdo,2,ceo_assistant_001,3,4,28,
before,weirdo,2,reggie,1,0,,
before,weirdo,2,nightshade,2,3,,
before,weirdo,2,bllad33,1,0,,
before,weirdo,2,ogun,1,0,,
before,weirdo,2,coffe,1,0,,
before,weirdo,2,brenda,3,3,30,
before,weirdo,2,emberly,2,3,,
before,weirdo,2,tasha,2,3,,
before,weirdo,2,velvet,3,3,34,
before,weirdo,2,wispa,3,3,35,
before,weirdo,2,june,2,2,,
before,weirdo,2,kaede,2,2,,
before,weirdo,2,tristan,2,0,,
before,weirdo,2,kiki,2,2,,
before,weirdo,2,okada,1,0,,
before,weirdo,2,hina,2,2,,
before,weirdo,2,bruce_loose,1,0,,
before,weirdo,2,lil_smack,1,0,,
before,weirdo,2,deacon_brass,1,0,,
before,weirdo,2,iron_jaw,1,0,,
before,weirdo,2,bunmi,2,2,,
before,weirdo,2,phil,1,0,,
before,weirdo,2,moonie,1,2,,
before,weirdo,2,don_chuy,1,0,,
before,weirdo,2,rookoko,1,0,,
after,weirdo,2,ceo_assistant_001,3,4,28,
after,weirdo,2,reggie,1,0,,
after,weirdo,2,nightshade,3,3,29,
after,weirdo,2,bllad33,1,0,,
after,weirdo,2,ogun,1,0,,
after,weirdo,2,coffe,1,0,,
after,weirdo,2,emberly,3,3,30,
after,weirdo,2,tasha,3,3,32,
after,weirdo,2,ms_patrice,3,3,33,
after,weirdo,2,kiki,3,3,34,
after,weirdo,2,okada,1,0,,
after,weirdo,2,hina,3,3,35,
after,weirdo,2,tristan,2,0,,
after,weirdo,2,brenda,2,2,,
after,weirdo,2,wispa,2,2,,
after,weirdo,2,velvet,2,2,,
after,weirdo,2,lil_smack,1,0,,
after,weirdo,2,don_chuy,1,0,,
after,weirdo,2,june,2,2,,
after,weirdo,2,iron_jaw,1,0,,
after,weirdo,2,phil,1,0,,
after,weirdo,2,bunmi,2,2,,
before,weirdo,3,ceo_assistant_001,3,4,31,
before,weirdo,3,nightshade,3,3,32,
before,weirdo,3,reggie,1,0,,
before,weirdo,3,bllad33,1,0,,
before,weirdo,3,ogun,1,0,,
before,weirdo,3,coffe,1,0,,
before,weirdo,3,kaede,3,3,17,
before,weirdo,3,velvet,3,3,35,
before,weirdo,3,emberly,2,2,,
before,weirdo,3,ms_patrice,2,2,,
before,weirdo,3,brenda,2,2,,
before,weirdo,3,june,2,2,,
before,weirdo,3,tristan,2,0,,
before,weirdo,3,okada,1,0,,
before,weirdo,3,hina,2,2,,
before,weirdo,3,tasha,2,2,,
before,weirdo,3,kiki,3,2,27,
before,weirdo,3,iron_jaw,1,0,,
before,weirdo,3,lil_smack,1,0,,
before,weirdo,3,moonie,1,2,,
before,weirdo,3,bruce_loose,1,0,,
before,weirdo,3,deacon_brass,1,0,,
before,weirdo,3,phil,1,0,,
before,weirdo,3,wispa,2,2,,
before,weirdo,3,bunmi,2,2,,
before,weirdo,3,rookoko,1,0,,
before,weirdo,3,don_chuy,1,0,,
after,weirdo,3,ceo_assistant_001,3,3,22,
after,weirdo,3,nightshade,3,3,23,
after,weirdo,3,reggie,1,0,,
after,weirdo,3,bllad33,1,0,,
after,weirdo,3,ogun,1,0,,
after,weirdo,3,coffe,1,0,,
after,weirdo,3,emberly,2,3,,
after,weirdo,3,rookoko,1,0,,
after,weirdo,3,june,3,3,25,
after,weirdo,3,wispa,3,3,26,
after,weirdo,3,bruce_loose,1,0,,
after,weirdo,3,kiki,3,3,17,
after,weirdo,3,okada,1,0,,
after,weirdo,3,hina,3,3,28,
after,weirdo,3,deacon_brass,1,0,,
after,weirdo,3,velvet,3,3,29,
after,weirdo,3,tristan,2,0,,
after,weirdo,3,tasha,2,3,,
after,weirdo,3,lil_smack,1,0,,
after,weirdo,3,iron_jaw,1,0,,
after,weirdo,3,kaede,3,3,31,
after,weirdo,3,phil,1,0,,
after,weirdo,3,don_chuy,1,0,,
after,weirdo,3,moonie,2,3,,
before,weirdo,4,ceo_assistant_001,3,4,31,
before,weirdo,4,reggie,1,0,,
before,weirdo,4,nightshade,3,3,32,
before,weirdo,4,bllad33,1,0,,
before,weirdo,4,ogun,1,0,,
before,weirdo,4,coffe,1,0,,
before,weirdo,4,brenda,3,3,33,
before,weirdo,4,emberly,3,3,14,
before,weirdo,4,june,3,3,35,
before,weirdo,4,rookoko,1,0,,
before,weirdo,4,velvet,2,2,,
before,weirdo,4,okada,1,0,,
before,weirdo,4,hina,2,2,,
before,weirdo,4,tristan,2,0,,
before,weirdo,4,kaede,2,2,,
before,weirdo,4,wispa,2,2,,
before,weirdo,4,bruce_loose,1,0,,
before,weirdo,4,tasha,2,2,,
before,weirdo,4,deacon_brass,1,0,,
before,weirdo,4,lil_smack,1,0,,
before,weirdo,4,ms_patrice,3,2,26,
before,weirdo,4,phil,1,0,,
before,weirdo,4,kiki,3,2,27,
before,weirdo,4,iron_jaw,1,0,,
before,weirdo,4,bunmi,2,2,,
before,weirdo,4,moonie,2,2,,
before,weirdo,4,don_chuy,1,0,,
after,weirdo,4,ceo_assistant_001,3,3,26,
after,weirdo,4,nightshade,3,3,27,
after,weirdo,4,reggie,1,0,,
after,weirdo,4,bllad33,1,0,,
after,weirdo,4,ogun,1,0,,
after,weirdo,4,coffe,1,0,,
after,weirdo,4,emberly,3,3,28,
after,weirdo,4,june,3,3,29,
after,weirdo,4,wispa,3,3,30,
after,weirdo,4,kaede,3,3,33,
after,weirdo,4,moonie,3,3,34,
after,weirdo,4,velvet,3,3,35,
after,weirdo,4,okada,1,0,,
after,weirdo,4,hina,2,2,,
after,weirdo,4,tristan,2,0,,
after,weirdo,4,bruce_loose,1,0,,
after,weirdo,4,deacon_brass,1,0,,
after,weirdo,4,lil_smack,1,0,,
after,weirdo,4,kiki,3,2,22,
after,weirdo,4,tasha,3,2,24,
after,weirdo,4,iron_jaw,1,0,,
after,weirdo,4,phil,1,0,,
after,weirdo,4,bunmi,2,2,,
after,weirdo,4,don_chuy,1,0,,
after,weirdo,4,brenda,2,2,,
before,weirdo,5,ceo_assistant_001,3,3,33,
before,weirdo,5,nightshade,3,3,34,
before,weirdo,5,reggie,1,0,,
before,weirdo,5,bllad33,1,0,,
before,weirdo,5,ogun,1,0,,
before,weirdo,5,coffe,1,0,,
before,weirdo,5,velvet,3,3,35,
before,weirdo,5,emberly,2,2,,
before,weirdo,5,rookoko,1,0,,
before,weirdo,5,wispa,2,2,,
before,weirdo,5,tristan,2,0,,
before,weirdo,5,okada,1,0,,
before,weirdo,5,hina,2,2,,
before,weirdo,5,ms_patrice,2,2,,
before,weirdo,5,lil_smack,1,0,,
before,weirdo,5,tasha,2,2,,
before,weirdo,5,moonie,1,2,,
before,weirdo,5,bunmi,2,2,,
before,weirdo,5,june,2,2,,
before,weirdo,5,kiki,2,2,,
before,weirdo,5,iron_jaw,1,0,,
before,weirdo,5,phil,1,0,,
before,weirdo,5,kaede,2,2,,
before,weirdo,5,brenda,2,2,,
before,weirdo,5,don_chuy,1,0,,
after,weirdo,5,ceo_assistant_001,3,5,22,
after,weirdo,5,reggie,1,0,,
after,weirdo,5,nightshade,3,4,23,
after,weirdo,5,bllad33,1,0,,
after,weirdo,5,ogun,1,0,,
after,weirdo,5,coffe,1,0,,
after,weirdo,5,bruce_loose,1,0,,
after,weirdo,5,emberly,3,4,24,
after,weirdo,5,deacon_brass,1,0,,
after,weirdo,5,velvet,3,4,25,
after,weirdo,5,june,3,3,26,
after,weirdo,5,okada,1,0,,
after,weirdo,5,hina,3,3,27,
after,weirdo,5,tristan,2,0,,
after,weirdo,5,kiki,3,3,18,
after,weirdo,5,wispa,3,3,29,
after,weirdo,5,lil_smack,1,0,,
after,weirdo,5,tasha,3,3,20,
after,weirdo,5,rookoko,1,0,,
after,weirdo,5,bunmi,3,3,31,
after,weirdo,5,iron_jaw,1,0,,
after,weirdo,5,don_chuy,1,0,,
after,weirdo,5,phil,1,0,,
before,weirdo,6,ceo_assistant_001,3,4,18,
before,weirdo,6,nightshade,3,4,23,
before,weirdo,6,reggie,1,0,,
before,weirdo,6,bllad33,1,0,,
before,weirdo,6,ogun,1,0,,
before,weirdo,6,coffe,1,0,,
before,weirdo,6,uncle_sunday,1,0,,
before,weirdo,6,emberly,3,4,24,
before,weirdo,6,velvet,3,3,25,
before,weirdo,6,kaede,3,3,26,
before,weirdo,6,okada,1,0,,
before,weirdo,6,hina,3,3,27,
before,weirdo,6,kiki,3,3,15,
before,weirdo,6,tasha,3,3,16,
before,weirdo,6,lil_smack,1,0,,
before,weirdo,6,iron_jaw,1,0,,
before,weirdo,6,phil,1,0,,
before,weirdo,6,june,3,3,34,
before,weirdo,6,wispa,3,3,32,
before,weirdo,6,tristan,2,0,,
before,weirdo,6,bruce_loose,1,0,,
before,weirdo,6,deacon_brass,1,0,,
before,weirdo,6,don_chuy,1,0,,
after,weirdo,6,ceo_assistant_001,3,3,26,
after,weirdo,6,nightshade,3,3,27,
after,weirdo,6,reggie,1,0,,
after,weirdo,6,bllad33,1,0,,
after,weirdo,6,ogun,1,0,,
after,weirdo,6,coffe,1,0,,
after,weirdo,6,uncle_sunday,1,0,,
after,weirdo,6,emberly,2,3,,
after,weirdo,6,okada,1,0,,
after,weirdo,6,hina,3,3,29,
after,weirdo,6,velvet,3,3,30,
after,weirdo,6,kiki,3,3,31,
after,weirdo,6,wispa,3,3,32,
after,weirdo,6,tristan,2,0,,
after,weirdo,6,lil_smack,1,0,,
after,weirdo,6,bunmi,3,3,33,
after,weirdo,6,kaede,3,3,21,
after,weirdo,6,tasha,3,3,35,
after,weirdo,6,june,2,2,,
after,weirdo,6,iron_jaw,1,0,,
after,weirdo,6,phil,1,0,,
after,weirdo,6,brenda,2,2,,
after,weirdo,6,don_chuy,1,0,,
before,weirdo,7,ceo_assistant_001,3,4,20,
before,weirdo,7,reggie,1,0,,
before,weirdo,7,nightshade,3,3,21,
before,weirdo,7,bllad33,1,0,,
before,weirdo,7,ogun,1,0,,
before,weirdo,7,coffe,1,0,,
before,weirdo,7,emberly,3,3,22,
before,weirdo,7,velvet,3,3,25,
before,weirdo,7,tasha,2,3,,
before,weirdo,7,june,3,3,33,
before,weirdo,7,wispa,3,3,34,
before,weirdo,7,okada,1,0,,
before,weirdo,7,hina,3,3,35,
before,weirdo,7,tristan,2,0,,
before,weirdo,7,kiki,3,2,19,
before,weirdo,7,lil_smack,1,0,,
before,weirdo,7,iron_jaw,1,0,,
before,weirdo,7,bruce_loose,1,0,,
before,weirdo,7,deacon_brass,1,0,,
before,weirdo,7,phil,1,0,,
before,weirdo,7,bunmi,2,2,,
before,weirdo,7,rookoko,1,0,,
before,weirdo,7,don_chuy,1,0,,
before,weirdo,7,brenda,2,2,,
before,weirdo,7,ms_patrice,2,2,,
after,weirdo,7,ceo_assistant_001,3,3,28,
after,weirdo,7,reggie,1,0,,
after,weirdo,7,nightshade,3,3,29,
after,weirdo,7,bllad33,1,0,,
after,weirdo,7,ogun,1,0,,
after,weirdo,7,coffe,1,0,,
after,weirdo,7,kaede,3,3,30,
after,weirdo,7,emberly,3,3,31,
after,weirdo,7,velvet,3,3,32,
after,weirdo,7,rookoko,1,0,,
after,weirdo,7,moonie,2,3,,
after,weirdo,7,bruce_loose,1,0,,
after,weirdo,7,deacon_brass,1,0,,
after,weirdo,7,tasha,2,3,,
after,weirdo,7,tristan,2,0,,
after,weirdo,7,kiki,3,2,21,
after,weirdo,7,wispa,2,2,,
after,weirdo,7,lil_smack,1,0,,
after,weirdo,7,bunmi,3,2,23,
after,weirdo,7,okada,1,0,,
after,weirdo,7,hina,2,2,,
after,weirdo,7,iron_jaw,1,0,,
after,weirdo,7,june,2,2,,
after,weirdo,7,phil,1,0,,
after,weirdo,7,brenda,2,2,,
after,weirdo,7,don_chuy,1,0,,
before,weirdo,8,ceo_assistant_001,3,4,22,
before,weirdo,8,nightshade,3,3,23,
before,weirdo,8,reggie,1,0,,
before,weirdo,8,bllad33,1,0,,
before,weirdo,8,ogun,1,0,,
before,weirdo,8,coffe,1,0,,
before,weirdo,8,uncle_sunday,1,0,,
before,weirdo,8,kaede,3,3,24,
before,weirdo,8,velvet,3,3,25,
before,weirdo,8,emberly,3,3,28,
before,weirdo,8,okada,1,0,,
before,weirdo,8,hina,3,3,29,
before,weirdo,8,brenda,3,3,30,
before,weirdo,8,wispa,3,3,31,
before,weirdo,8,tasha,2,3,,
before,weirdo,8,lil_smack,1,0,,
before,weirdo,8,tristan,2,0,,
before,weirdo,8,rookoko,1,0,,
before,weirdo,8,iron_jaw,1,0,,
before,weirdo,8,june,2,3,,
before,weirdo,8,phil,1,0,,
before,weirdo,8,bruce_loose,1,0,,
before,weirdo,8,deacon_brass,1,0,,
before,weirdo,8,kiki,3,3,27,
before,weirdo,8,don_chuy,1,0,,
after,weirdo,8,ceo_assistant_001,3,3,24,
after,weirdo,8,reggie,1,0,,
after,weirdo,8,nightshade,3,3,25,
after,weirdo,8,bllad33,1,0,,
after,weirdo,8,ogun,1,0,,
after,weirdo,8,coffe,1,0,,
after,weirdo,8,uncle_sunday,1,0,,
after,weirdo,8,brenda,3,3,26,
after,weirdo,8,velvet,3,3,27,
after,weirdo,8,june,3,3,28,
after,weirdo,8,emberly,3,3,29,
after,weirdo,8,kiki,3,3,30,
after,weirdo,8,okada,1,0,,
after,weirdo,8,hina,2,3,,
after,weirdo,8,kaede,3,3,33,
after,weirdo,8,lil_smack,1,0,,
after,weirdo,8,wispa,3,3,34,
after,weirdo,8,tristan,2,0,,
after,weirdo,8,don_chuy,1,0,,
after,weirdo,8,tasha,3,3,35,
after,weirdo,8,phil,1,0,,
after,weirdo,8,iron_jaw,1,0,,
after,weirdo,8,rookoko,1,0,,
before,weirdo,9,ceo_assistant_001,3,4,29,
before,weirdo,9,reggie,1,0,,
before,weirdo,9,nightshade,3,3,32,
before,weirdo,9,bllad33,1,0,,
before,weirdo,9,ogun,1,0,,
before,weirdo,9,coffe,1,0,,
before,weirdo,9,emberly,3,3,34,
before,weirdo,9,june,2,3,,
before,weirdo,9,ms_patrice,3,2,20,
before,weirdo,9,velvet,3,2,21,
before,weirdo,9,okada,1,0,,
before,weirdo,9,hina,2,2,,
before,weirdo,9,kiki,2,2,,
before,weirdo,9,brenda,2,2,,
before,weirdo,9,lil_smack,1,0,,
before,weirdo,9,tristan,2,0,,
before,weirdo,9,moonie,1,2,,
before,weirdo,9,wispa,2,2,,
before,weirdo,9,tasha,2,2,,
before,weirdo,9,iron_jaw,1,0,,
before,weirdo,9,kaede,3,2,28,
before,weirdo,9,phil,1,0,,
before,weirdo,9,don_chuy,1,0,,
before,weirdo,9,rookoko,1,0,,
before,weirdo,9,bunmi,2,2,,
after,weirdo,9,ceo_assistant_001,3,3,26,
after,weirdo,9,reggie,1,0,,
after,weirdo,9,nightshade,3,3,27,
after,weirdo,9,bllad33,1,0,,
after,weirdo,9,ogun,1,0,,
after,weirdo,9,coffe,1,0,,
after,weirdo,9,velvet,3,3,14,
after,weirdo,9,emberly,3,3,29,
after,weirdo,9,june,3,3,30,
after,weirdo,9,kaede,3,3,31,
after,weirdo,9,rookoko,1,0,,
after,weirdo,9,tasha,3,3,32,
after,weirdo,9,kiki,3,3,33,
after,weirdo,9,okada,1,0,,
after,weirdo,9,hina,3,3,35,
after,weirdo,9,tristan,2,0,,
after,weirdo,9,brenda,2,2,,
after,weirdo,9,lil_smack,1,0,,
after,weirdo,9,bunmi,2,2,,
after,weirdo,9,bruce_loose,1,0,,
after,weirdo,9,iron_jaw,1,0,,
after,weirdo,9,deacon_brass,1,0,,
after,weirdo,9,phil,1,0,,
after,weirdo,9,wispa,2,2,,
after,weirdo,9,don_chuy,1,0,,
before,weirdo,10,ceo_assistant_001,3,4,27,
before,weirdo,10,nightshade,3,3,28,
before,weirdo,10,reggie,1,0,,
before,weirdo,10,bllad33,1,0,,
before,weirdo,10,ogun,1,0,,
before,weirdo,10,coffe,1,0,,
before,weirdo,10,velvet,3,3,29,
before,weirdo,10,june,3,3,30,
before,weirdo,10,rookoko,1,0,,
before,weirdo,10,emberly,3,3,31,
before,weirdo,10,tristan,2,0,,
before,weirdo,10,kiki,3,3,32,
before,weirdo,10,wispa,3,3,34,
before,weirdo,10,okada,1,0,,
before,weirdo,10,hina,3,3,35,
before,weirdo,10,tasha,2,2,,
before,weirdo,10,lil_smack,1,0,,
before,weirdo,10,iron_jaw,1,0,,
before,weirdo,10,brenda,2,2,,
before,weirdo,10,phil,1,0,,
before,weirdo,10,ms_patrice,2,2,,
before,weirdo,10,bunmi,2,2,,
before,weirdo,10,don_chuy,1,0,,
before,weirdo,10,bruce_loose,1,0,,
after,weirdo,10,ceo_assistant_001,3,3,26,
after,weirdo,10,reggie,1,0,,
after,weirdo,10,nightshade,3,3,27,
after,weirdo,10,bllad33,1,0,,
after,weirdo,10,ogun,1,0,,
after,weirdo,10,coffe,1,0,,
after,weirdo,10,velvet,3,3,28,
after,weirdo,10,june,3,3,29,
after,weirdo,10,emberly,3,3,30,
after,weirdo,10,rookoko,1,0,,
after,weirdo,10,okada,1,0,,
after,weirdo,10,hina,3,3,31,
after,weirdo,10,kiki,3,3,32,
after,weirdo,10,ms_patrice,3,3,33,
after,weirdo,10,tasha,3,3,35,
after,weirdo,10,tristan,2,0,,
after,weirdo,10,wispa,2,2,,
after,weirdo,10,lil_smack,1,0,,
after,weirdo,10,iron_jaw,1,0,,
after,weirdo,10,phil,1,0,,
after,weirdo,10,kaede,2,2,,
after,weirdo,10,don_chuy,1,0,,
before,trap_committed,1,ceo_assistant_001,1,2,,
before,trap_committed,1,brenda,2,2,,
before,trap_committed,1,rookoko,1,0,,
before,trap_committed,1,bllad33,1,0,,
before,trap_committed,1,ogun,1,0,,
before,trap_committed,1,coffe,1,0,,
before,trap_committed,1,velvet,2,2,,
before,trap_committed,1,lo,2,2,,
before,trap_committed,1,okada,1,0,,
before,trap_committed,1,hina,2,2,,
before,trap_committed,1,june,2,2,,
before,trap_committed,1,anfeesa,1,2,,
before,trap_committed,1,moonie,2,2,,
before,trap_committed,1,kaede,2,2,,
before,trap_committed,1,nightshade,2,2,,
before,trap_committed,1,ms_patrice,2,2,,
before,trap_committed,1,tristan,2,0,,
before,trap_committed,1,pinky,2,2,,
before,trap_committed,1,wispa,2,2,,
before,trap_committed,1,reggie,1,0,,
before,trap_committed,1,tasha,2,2,,
before,trap_committed,1,uncle_sunday,1,0,,
before,trap_committed,1,bunmi,1,2,,
before,trap_committed,1,bruce_loose,1,0,,
before,trap_committed,1,phil,1,0,,
before,trap_committed,1,kiki,2,2,,
before,trap_committed,1,iron_jaw,1,0,,
before,trap_committed,1,emberly,1,1,,
before,trap_committed,1,don_chuy,1,0,,
before,trap_committed,2,ceo_assistant_001,2,4,,
before,trap_committed,2,okada,1,0,,
before,trap_committed,2,hina,1,3,,
before,trap_committed,2,rookoko,1,0,,
before,trap_committed,2,bllad33,1,0,,
before,trap_committed,2,ogun,1,0,,
before,trap_committed,2,coffe,1,0,,
before,trap_committed,2,velvet,2,3,,
before,trap_committed,2,brenda,2,2,,
before,trap_committed,2,lo,1,2,,
before,trap_committed,2,anfeesa,1,2,,
before,trap_committed,2,kiki,2,2,,
before,trap_committed,2,june,2,2,,
before,trap_committed,2,tristan,2,0,,
before,trap_committed,2,wispa,2,2,,
before,trap_committed,2,pinky,2,2,,
before,trap_committed,2,kaede,1,2,,
before,trap_committed,2,reggie,1,0,,
before,trap_committed,2,tasha,1,2,,
before,trap_committed,2,iron_jaw,1,0,,
before,trap_committed,2,uncle_sunday,1,0,,
before,trap_committed,2,lil_smack,1,0,,
before,trap_committed,2,bunmi,2,2,,
before,trap_committed,2,ms_patrice,1,2,,
before,trap_committed,2,don_chuy,1,0,,
after,trap_committed,1,ceo_assistant_001,1,2,,
after,trap_committed,1,okada,1,0,,
after,trap_committed,1,hina,2,2,,
after,trap_committed,1,brenda,2,2,,
after,trap_committed,1,rookoko,1,0,,
after,trap_committed,1,bllad33,1,0,,
after,trap_committed,1,ogun,1,0,,
after,trap_committed,1,coffe,1,0,,
after,trap_committed,1,velvet,3,2,34,
after,trap_committed,1,lo,2,2,,
after,trap_committed,1,ms_patrice,2,2,,
after,trap_committed,1,anfeesa,2,2,,
after,trap_committed,1,june,2,2,,
after,trap_committed,1,tristan,2,0,,
after,trap_committed,1,pinky,2,2,,
after,trap_committed,1,kiki,2,2,,
after,trap_committed,1,reggie,1,0,,
after,trap_committed,1,tasha,2,2,,
after,trap_committed,1,kaede,2,2,,
after,trap_committed,1,lil_smack,1,0,,
after,trap_committed,1,bunmi,1,2,,
after,trap_committed,1,wispa,1,1,,
after,trap_committed,1,iron_jaw,1,0,,
after,trap_committed,1,emberly,1,1,,
after,trap_committed,1,don_chuy,1,0,,
after,trap_committed,1,nightshade,1,1,,
after,trap_committed,1,bonesworth,1,0,,
before,trap_committed,3,ceo_assistant_001,2,3,,
before,trap_committed,3,okada,1,0,,
before,trap_committed,3,hina,1,2,,
before,trap_committed,3,rookoko,1,0,,
before,trap_committed,3,bllad33,1,0,,
before,trap_committed,3,ogun,1,0,,
before,trap_committed,3,coffe,1,0,,
before,trap_committed,3,velvet,2,2,,
before,trap_committed,3,ms_patrice,2,2,,
before,trap_committed,3,june,2,2,,
before,trap_committed,3,bruce_loose,1,0,,
before,trap_committed,3,lo,1,2,,
before,trap_committed,3,brenda,1,2,,
before,trap_committed,3,anfeesa,2,2,,
before,trap_committed,3,reggie,1,0,,
before,trap_committed,3,wispa,1,2,,
before,trap_committed,3,tristan,2,0,,
before,trap_committed,3,pinky,2,2,,
before,trap_committed,3,uncle_sunday,1,0,,
before,trap_committed,3,lil_smack,1,0,,
before,trap_committed,3,kiki,2,2,,
before,trap_committed,3,bunmi,2,2,,
before,trap_committed,3,tasha,1,2,,
before,trap_committed,3,kaede,1,2,,
before,trap_committed,3,phil,1,0,,
before,trap_committed,3,iron_jaw,1,0,,
before,trap_committed,3,moonie,1,2,,
before,trap_committed,3,nightshade,1,1,,
before,trap_committed,3,don_chuy,1,0,,
after,trap_committed,2,ceo_assistant_001,1,3,,
after,trap_committed,2,okada,1,0,,
after,trap_committed,2,hina,1,3,,
after,trap_committed,2,rookoko,1,0,,
after,trap_committed,2,bllad33,1,0,,
after,trap_committed,2,ogun,1,0,,
after,trap_committed,2,coffe,1,0,,
after,trap_committed,2,velvet,2,3,,
after,trap_committed,2,lo,2,3,,
after,trap_committed,2,bruce_loose,1,0,,
after,trap_committed,2,kiki,3,3,35,
after,trap_committed,2,anfeesa,2,2,,
after,trap_committed,2,tristan,2,0,,
after,trap_committed,2,wispa,1,2,,
after,trap_committed,2,reggie,1,0,,
after,trap_committed,2,pinky,1,2,,
after,trap_committed,2,tasha,2,2,,
after,trap_committed,2,uncle_sunday,1,0,,
after,trap_committed,2,iron_jaw,1,0,,
after,trap_committed,2,lil_smack,1,0,,
after,trap_committed,2,bunmi,1,2,,
after,trap_committed,2,don_chuy,1,0,,
after,trap_committed,2,june,2,2,,
after,trap_committed,2,kaede,2,2,,
after,trap_committed,2,brenda,1,2,,
after,trap_committed,2,deacon_brass,1,0,,
after,trap_committed,2,ms_patrice,1,2,,
before,trap_committed,4,ceo_assistant_001,1,2,,
before,trap_committed,4,okada,1,0,,
before,trap_committed,4,hina,2,2,,
before,trap_committed,4,kaede,2,2,,
before,trap_committed,4,rookoko,1,0,,
before,trap_committed,4,bllad33,1,0,,
before,trap_committed,4,ogun,1,0,,
before,trap_committed,4,coffe,1,0,,
before,trap_committed,4,velvet,2,2,,
before,trap_committed,4,lo,2,2,,
before,trap_committed,4,june,2,2,,
before,trap_committed,4,anfeesa,1,2,,
before,trap_committed,4,kiki,2,3,,
before,trap_committed,4,bruce_loose,1,0,,
before,trap_committed,4,tristan,2,0,,
before,trap_committed,4,pinky,2,2,,
before,trap_committed,4,reggie,1,0,,
before,trap_committed,4,brenda,1,2,,
before,trap_committed,4,deacon_brass,1,0,,
before,trap_committed,4,tasha,2,2,,
before,trap_committed,4,wispa,2,2,,
before,trap_committed,4,bunmi,2,2,,
before,trap_committed,4,iron_jaw,1,0,,
before,trap_committed,4,nightshade,1,2,,
before,trap_committed,4,emberly,1,2,,
before,trap_committed,4,ms_patrice,2,2,,
before,trap_committed,4,don_chuy,1,0,,
after,trap_committed,3,ceo_assistant_001,3,4,26,
after,trap_committed,3,rookoko,1,0,,
after,trap_committed,3,bllad33,1,0,,
after,trap_committed,3,ogun,1,0,,
after,trap_committed,3,coffe,1,0,,
after,trap_committed,3,velvet,2,3,,
after,trap_committed,3,okada,1,0,,
after,trap_committed,3,hina,2,3,,
after,trap_committed,3,june,2,3,,
after,trap_committed,3,lo,2,3,,
after,trap_committed,3,wispa,1,2,,
after,trap_committed,3,kiki,3,2,20,
after,trap_committed,3,reggie,1,0,,
after,trap_committed,3,tristan,2,0,,
after,trap_committed,3,pinky,2,2,,
after,trap_committed,3,brenda,2,2,,
after,trap_committed,3,anfeesa,2,2,,
after,trap_committed,3,tasha,1,2,,
after,trap_committed,3,lil_smack,1,0,,
after,trap_committed,3,bunmi,2,2,,
after,trap_committed,3,bruce_loose,1,0,,
after,trap_committed,3,iron_jaw,1,0,,
after,trap_committed,3,phil,1,0,,
after,trap_committed,3,don_chuy,1,0,,
after,trap_committed,3,nightshade,2,2,,
after,trap_committed,3,kaede,2,2,,
before,trap_committed,5,ceo_assistant_001,2,3,,
before,trap_committed,5,okada,1,0,,
before,trap_committed,5,hina,2,2,,
before,trap_committed,5,rookoko,1,0,,
before,trap_committed,5,bllad33,1,0,,
before,trap_committed,5,ogun,1,0,,
before,trap_committed,5,coffe,1,0,,
before,trap_committed,5,velvet,1,2,,
before,trap_committed,5,june,2,2,,
before,trap_committed,5,brenda,1,2,,
before,trap_committed,5,lo,2,2,,
before,trap_committed,5,anfeesa,2,2,,
before,trap_committed,5,bruce_loose,1,0,,
before,trap_committed,5,ms_patrice,2,2,,
before,trap_committed,5,tristan,2,0,,
before,trap_committed,5,pinky,2,3,,
before,trap_committed,5,wispa,1,2,,
before,trap_committed,5,tasha,1,2,,
before,trap_committed,5,iron_jaw,1,0,,
before,trap_committed,5,lil_smack,1,0,,
before,trap_committed,5,kiki,1,2,,
before,trap_committed,5,kaede,2,2,,
before,trap_committed,5,reggie,1,0,,
before,trap_committed,5,emberly,2,2,,
before,trap_committed,5,bunmi,2,2,,
before,trap_committed,5,deacon_brass,1,0,,
before,trap_committed,5,don_chuy,1,0,,
after,trap_committed,4,ceo_assistant_001,2,2,,
after,trap_committed,4,bruce_loose,1,0,,
after,trap_committed,4,okada,1,0,,
after,trap_committed,4,hina,2,2,,
after,trap_committed,4,bllad33,1,0,,
after,trap_committed,4,ogun,1,0,,
after,trap_committed,4,coffe,1,0,,
after,trap_committed,4,velvet,2,2,,
after,trap_committed,4,lo,2,2,,
after,trap_committed,4,kaede,2,2,,
after,trap_committed,4,rookoko,1,0,,
after,trap_committed,4,anfeesa,1,2,,
after,trap_committed,4,kiki,2,2,,
after,trap_committed,4,june,3,2,33,
after,trap_committed,4,tristan,2,0,,
after,trap_committed,4,pinky,2,2,,
after,trap_committed,4,tasha,2,2,,
after,trap_committed,4,reggie,1,0,,
after,trap_committed,4,lil_smack,1,0,,
after,trap_committed,4,bunmi,1,2,,
after,trap_committed,4,wispa,2,2,,
after,trap_committed,4,iron_jaw,1,0,,
after,trap_committed,4,moonie,2,2,,
after,trap_committed,4,brenda,2,2,,
after,trap_committed,4,nightshade,1,2,,
after,trap_committed,4,don_chuy,1,0,,
after,trap_committed,4,bonesworth,1,0,,
before,trap_committed,6,ceo_assistant_001,2,3,,
before,trap_committed,6,okada,1,0,,
before,trap_committed,6,hina,2,3,,
before,trap_committed,6,kaede,1,2,,
before,trap_committed,6,rookoko,1,0,,
before,trap_committed,6,bllad33,1,0,,
before,trap_committed,6,ogun,1,0,,
before,trap_committed,6,coffe,1,0,,
before,trap_committed,6,velvet,2,2,,
before,trap_committed,6,bruce_loose,1,0,,
before,trap_committed,6,lo,1,2,,
before,trap_committed,6,brenda,2,2,,
before,trap_committed,6,anfeesa,1,2,,
before,trap_committed,6,reggie,1,0,,
before,trap_committed,6,tristan,2,0,,
before,trap_committed,6,kiki,2,3,,
before,trap_committed,6,pinky,1,2,,
before,trap_committed,6,tasha,2,2,,
before,trap_committed,6,wispa,2,2,,
before,trap_committed,6,iron_jaw,1,0,,
before,trap_committed,6,bunmi,2,2,,
before,trap_committed,6,june,2,2,,
before,trap_committed,6,deacon_brass,1,0,,
before,trap_committed,6,ms_patrice,1,2,,
before,trap_committed,6,lil_smack,1,0,,
before,trap_committed,6,nightshade,2,2,,
before,trap_committed,6,don_chuy,1,0,,
after,trap_committed,5,ceo_assistant_001,2,2,,
after,trap_committed,5,okada,1,0,,
after,trap_committed,5,hina,2,2,,
after,trap_committed,5,rookoko,1,0,,
after,trap_committed,5,bllad33,1,0,,
after,trap_committed,5,ogun,1,0,,
after,trap_committed,5,coffe,1,0,,
after,trap_committed,5,velvet,2,2,,
after,trap_committed,5,lo,1,2,,
after,trap_committed,5,brenda,2,2,,
after,trap_committed,5,anfeesa,2,2,,
after,trap_committed,5,reggie,1,0,,
after,trap_committed,5,kiki,2,2,,
after,trap_committed,5,tristan,2,0,,
after,trap_committed,5,pinky,2,2,,
after,trap_committed,5,uncle_sunday,1,0,,
after,trap_committed,5,lil_smack,1,0,,
after,trap_committed,5,wispa,2,2,,
after,trap_committed,5,tasha,2,2,,
after,trap_committed,5,kaede,2,2,,
after,trap_committed,5,bunmi,2,2,,
after,trap_committed,5,june,2,1,,
after,trap_committed,5,moonie,1,1,,
after,trap_committed,5,iron_jaw,1,0,,
after,trap_committed,5,phil,1,0,,
after,trap_committed,5,ms_patrice,1,1,,
after,trap_committed,5,bruce_loose,1,0,,
after,trap_committed,5,don_chuy,1,0,,
after,trap_committed,5,bonesworth,1,0,,
after,trap_committed,5,deacon_brass,1,0,,
after,trap_committed,5,duchess,1,1,,
before,trap_committed,7,ceo_assistant_001,1,2,,
before,trap_committed,7,okada,1,0,,
before,trap_committed,7,hina,1,2,,
before,trap_committed,7,rookoko,1,0,,
before,trap_committed,7,bllad33,1,0,,
before,trap_committed,7,ogun,1,0,,
before,trap_committed,7,coffe,1,0,,
before,trap_committed,7,kaede,2,2,,
before,trap_committed,7,velvet,2,2,,
before,trap_committed,7,lo,2,2,,
before,trap_committed,7,moonie,2,2,,
before,trap_committed,7,anfeesa,2,2,,
before,trap_committed,7,tasha,2,2,,
before,trap_committed,7,reggie,1,0,,
before,trap_committed,7,tristan,2,0,,
before,trap_committed,7,brenda,2,2,,
before,trap_committed,7,pinky,2,2,,
before,trap_committed,7,uncle_sunday,1,0,,
before,trap_committed,7,wispa,2,2,,
before,trap_committed,7,iron_jaw,1,0,,
before,trap_committed,7,lil_smack,1,0,,
before,trap_committed,7,emberly,2,2,,
before,trap_committed,7,bunmi,2,2,,
before,trap_committed,7,kiki,3,3,35,
before,trap_committed,7,june,2,2,,
before,trap_committed,7,bruce_loose,1,0,,
before,trap_committed,7,ms_patrice,1,1,,
before,trap_committed,7,nightshade,1,1,,
before,trap_committed,7,don_chuy,1,0,,
after,trap_committed,6,ceo_assistant_001,1,3,,
after,trap_committed,6,okada,1,0,,
after,trap_committed,6,hina,2,3,,
after,trap_committed,6,kaede,2,3,,
after,trap_committed,6,rookoko,1,0,,
after,trap_committed,6,bllad33,1,0,,
after,trap_committed,6,ogun,1,0,,
after,trap_committed,6,coffe,1,0,,
after,trap_committed,6,bruce_loose,1,0,,
after,trap_committed,6,velvet,2,2,,
after,trap_committed,6,lo,2,2,,
after,trap_committed,6,anfeesa,1,2,,
after,trap_committed,6,june,3,2,34,
after,trap_committed,6,tristan,2,0,,
after,trap_committed,6,kiki,2,2,,
after,trap_committed,6,pinky,2,2,,
after,trap_committed,6,tasha,2,2,,
after,trap_committed,6,reggie,1,0,,
after,trap_committed,6,iron_jaw,1,0,,
after,trap_committed,6,bunmi,2,2,,
after,trap_committed,6,wispa,2,2,,
after,trap_committed,6,phil,1,0,,
after,trap_committed,6,brenda,1,2,,
after,trap_committed,6,deacon_brass,1,0,,
after,trap_committed,6,bonesworth,1,0,,
after,trap_committed,6,lil_smack,1,0,,
after,trap_committed,6,don_chuy,1,0,,
after,trap_committed,6,duchess,2,2,,
before,trap_committed,8,ceo_assistant_001,1,3,,
before,trap_committed,8,bruce_loose,1,0,,
before,trap_committed,8,okada,1,0,,
before,trap_committed,8,hina,2,3,,
before,trap_committed,8,bllad33,1,0,,
before,trap_committed,8,ogun,1,0,,
before,trap_committed,8,coffe,1,0,,
before,trap_committed,8,velvet,2,3,,
before,trap_committed,8,rookoko,1,0,,
before,trap_committed,8,june,2,2,,
before,trap_committed,8,kaede,2,2,,
before,trap_committed,8,lo,2,2,,
before,trap_committed,8,ms_patrice,2,2,,
before,trap_committed,8,anfeesa,2,2,,
before,trap_committed,8,brenda,1,2,,
before,trap_committed,8,wispa,1,2,,
before,trap_committed,8,tristan,2,0,,
before,trap_committed,8,pinky,1,2,,
before,trap_committed,8,kiki,2,3,,
before,trap_committed,8,reggie,1,0,,
before,trap_committed,8,tasha,2,2,,
before,trap_committed,8,bunmi,2,2,,
before,trap_committed,8,iron_jaw,1,0,,
before,trap_committed,8,don_chuy,1,0,,
before,trap_committed,8,deacon_brass,1,0,,
before,trap_committed,8,lil_smack,1,0,,
after,trap_committed,7,ceo_assistant_001,1,2,,
after,trap_committed,7,okada,1,0,,
after,trap_committed,7,hina,2,2,,
after,trap_committed,7,rookoko,1,0,,
after,trap_committed,7,bllad33,1,0,,
after,trap_committed,7,ogun,1,0,,
after,trap_committed,7,coffe,1,0,,
after,trap_committed,7,kaede,2,2,,
after,trap_committed,7,velvet,2,2,,
after,trap_committed,7,june,2,2,,
after,trap_committed,7,lo,2,2,,
after,trap_committed,7,wispa,2,2,,
after,trap_committed,7,anfeesa,2,2,,
after,trap_committed,7,brenda,2,2,,
after,trap_committed,7,reggie,1,0,,
after,trap_committed,7,uncle_sunday,1,0,,
after,trap_committed,7,tristan,2,0,,
after,trap_committed,7,pinky,1,2,,
after,trap_committed,7,tasha,2,2,,
after,trap_committed,7,kiki,2,2,,
after,trap_committed,7,iron_jaw,1,0,,
after,trap_committed,7,bunmi,1,1,,
after,trap_committed,7,bruce_loose,1,0,,
after,trap_committed,7,don_chuy,1,0,,
after,trap_committed,7,phil,1,0,,
after,trap_committed,7,nightshade,1,1,,
after,trap_committed,7,emberly,2,1,,
after,trap_committed,7,bonesworth,1,0,,
after,trap_committed,7,lil_smack,1,0,,
after,trap_committed,7,duchess,1,1,,
before,trap_committed,9,ceo_assistant_001,1,2,,
before,trap_committed,9,okada,1,0,,
before,trap_committed,9,hina,2,2,,
before,trap_committed,9,rookoko,1,0,,
before,trap_committed,9,bllad33,1,0,,
before,trap_committed,9,ogun,1,0,,
before,trap_committed,9,coffe,1,0,,
before,trap_committed,9,velvet,2,2,,
before,trap_committed,9,june,2,2,,
before,trap_committed,9,lo,1,2,,
before,trap_committed,9,wispa,2,2,,
before,trap_committed,9,anfeesa,2,2,,
before,trap_committed,9,tristan,2,0,,
before,trap_committed,9,kiki,1,2,,
before,trap_committed,9,pinky,3,3,33,
before,trap_committed,9,tasha,2,2,,
before,trap_committed,9,bruce_loose,1,0,,
before,trap_committed,9,reggie,1,0,,
before,trap_committed,9,iron_jaw,1,0,,
before,trap_committed,9,brenda,1,2,,
before,trap_committed,9,emberly,2,2,,
before,trap_committed,9,lil_smack,1,0,,
before,trap_committed,9,bunmi,1,1,,
before,trap_committed,9,kaede,2,1,,
before,trap_committed,9,don_chuy,1,0,,
before,trap_committed,9,phil,1,0,,
before,trap_committed,9,nightshade,1,1,,
before,trap_committed,9,ms_patrice,1,1,,
before,trap_committed,9,moonie,1,1,,
after,trap_committed,8,ceo_assistant_001,2,2,,
after,trap_committed,8,bruce_loose,1,0,,
after,trap_committed,8,rookoko,1,0,,
after,trap_committed,8,bllad33,1,0,,
after,trap_committed,8,ogun,1,0,,
after,trap_committed,8,coffe,1,0,,
after,trap_committed,8,velvet,2,2,,
after,trap_committed,8,lo,2,2,,
after,trap_committed,8,okada,1,0,,
after,trap_committed,8,hina,2,2,,
after,trap_committed,8,june,2,2,,
after,trap_committed,8,kaede,2,2,,
after,trap_committed,8,anfeesa,1,2,,
after,trap_committed,8,ms_patrice,2,2,,
after,trap_committed,8,kiki,3,2,30,
after,trap_committed,8,reggie,1,0,,
after,trap_committed,8,tristan,2,0,,
after,trap_committed,8,brenda,2,2,,
after,trap_committed,8,pinky,2,2,,
after,trap_committed,8,uncle_sunday,1,0,,
after,trap_committed,8,tasha,2,2,,
after,trap_committed,8,bunmi,1,1,,
after,trap_committed,8,wispa,1,1,,
after,trap_committed,8,emberly,1,1,,
after,trap_committed,8,iron_jaw,1,0,,
after,trap_committed,8,lil_smack,1,0,,
after,trap_committed,8,bonesworth,1,0,,
after,trap_committed,8,don_chuy,1,0,,
before,trap_committed,10,ceo_assistant_001,2,3,,
before,trap_committed,10,rookoko,1,0,,
before,trap_committed,10,bllad33,1,0,,
before,trap_committed,10,ogun,1,0,,
before,trap_committed,10,coffe,1,0,,
before,trap_committed,10,brenda,2,2,,
before,trap_committed,10,velvet,2,2,,
before,trap_committed,10,lo,2,2,,
before,trap_committed,10,okada,1,0,,
before,trap_committed,10,hina,1,2,,
before,trap_committed,10,kaede,2,2,,
before,trap_committed,10,june,2,2,,
before,trap_committed,10,bruce_loose,1,0,,
before,trap_committed,10,anfeesa,2,2,,
before,trap_committed,10,ms_patrice,2,2,,
before,trap_committed,10,tristan,2,0,,
before,trap_committed,10,kiki,2,2,,
before,trap_committed,10,wispa,1,2,,
before,trap_committed,10,pinky,1,2,,
before,trap_committed,10,reggie,1,0,,
before,trap_committed,10,lil_smack,1,0,,
before,trap_committed,10,bunmi,2,2,,
before,trap_committed,10,tasha,1,1,,
before,trap_committed,10,iron_jaw,1,0,,
before,trap_committed,10,phil,1,0,,
before,trap_committed,10,deacon_brass,1,0,,
before,trap_committed,10,moonie,1,1,,
before,trap_committed,10,nightshade,1,1,,
before,trap_committed,10,emberly,2,1,,
before,trap_committed,10,don_chuy,1,0,,
after,trap_committed,9,ceo_assistant_001,1,3,,
after,trap_committed,9,okada,1,0,,
after,trap_committed,9,hina,2,3,,
after,trap_committed,9,rookoko,1,0,,
after,trap_committed,9,bllad33,1,0,,
after,trap_committed,9,ogun,1,0,,
after,trap_committed,9,coffe,1,0,,
after,trap_committed,9,brenda,2,3,,
after,trap_committed,9,velvet,2,3,,
after,trap_committed,9,lo,1,3,,
after,trap_committed,9,june,2,2,,
after,trap_committed,9,anfeesa,1,2,,
after,trap_committed,9,kiki,3,3,35,
after,trap_committed,9,tristan,2,0,,
after,trap_committed,9,bruce_loose,1,0,,
after,trap_committed,9,tasha,2,2,,
after,trap_committed,9,reggie,1,0,,
after,trap_committed,9,pinky,2,2,,
after,trap_committed,9,wispa,1,2,,
after,trap_committed,9,iron_jaw,1,0,,
after,trap_committed,9,bunmi,2,2,,
after,trap_committed,9,kaede,2,2,,
after,trap_committed,9,lil_smack,1,0,,
after,trap_committed,9,don_chuy,1,0,,
after,trap_committed,9,deacon_brass,1,0,,
after,trap_committed,9,bonesworth,1,0,,
before,trap_careful,1,ceo_assistant_001,2,3,,
before,trap_careful,1,okada,1,0,,
before,trap_careful,1,hina,1,3,,
before,trap_careful,1,ms_patrice,2,3,,
before,trap_careful,1,bllad33,1,0,,
before,trap_careful,1,ogun,1,0,,
before,trap_careful,1,coffe,1,0,,
before,trap_careful,1,bruce_loose,1,0,,
before,trap_careful,1,velvet,2,2,,
before,trap_careful,1,lil_smack,1,0,,
before,trap_careful,1,rookoko,1,0,,
before,trap_careful,1,kiki,2,2,,
before,trap_careful,1,lo,2,2,,
before,trap_careful,1,reggie,1,0,,
before,trap_careful,1,tristan,2,0,,
before,trap_careful,1,anfeesa,2,2,,
before,trap_careful,1,wispa,1,2,,
before,trap_careful,1,brenda,2,2,,
before,trap_careful,1,bunmi,1,2,,
before,trap_careful,1,tasha,2,2,,
before,trap_careful,1,uncle_sunday,1,0,,
before,trap_careful,1,iron_jaw,1,0,,
before,trap_careful,1,pinky,1,2,,
before,trap_careful,1,kaede,2,2,,
before,trap_careful,1,don_chuy,1,0,,
after,trap_committed,10,ceo_assistant_001,2,3,,
after,trap_committed,10,rookoko,1,0,,
after,trap_committed,10,bllad33,1,0,,
after,trap_committed,10,ogun,1,0,,
after,trap_committed,10,coffe,1,0,,
after,trap_committed,10,velvet,2,3,,
after,trap_committed,10,okada,1,0,,
after,trap_committed,10,hina,2,3,,
after,trap_committed,10,reggie,1,0,,
after,trap_committed,10,june,2,3,,
after,trap_committed,10,brenda,2,3,,
after,trap_committed,10,uncle_sunday,1,0,,
after,trap_committed,10,lo,2,3,,
after,trap_committed,10,anfeesa,1,2,,
after,trap_committed,10,tristan,2,0,,
after,trap_committed,10,pinky,2,2,,
after,trap_committed,10,kiki,2,2,,
after,trap_committed,10,tasha,2,2,,
after,trap_committed,10,lil_smack,1,0,,
after,trap_committed,10,bunmi,2,2,,
after,trap_committed,10,iron_jaw,1,0,,
after,trap_committed,10,wispa,2,2,,
after,trap_committed,10,kaede,2,2,,
after,trap_committed,10,phil,1,0,,
after,trap_committed,10,bruce_loose,1,0,,
after,trap_committed,10,don_chuy,1,0,,
after,trap_committed,10,bonesworth,1,0,,
before,trap_careful,2,ceo_assistant_001,2,3,,
before,trap_careful,2,brenda,2,3,,
before,trap_careful,2,rookoko,1,0,,
before,trap_careful,2,bllad33,1,0,,
before,trap_careful,2,ogun,1,0,,
before,trap_careful,2,coffe,1,0,,
before,trap_careful,2,velvet,2,2,,
before,trap_careful,2,kaede,2,2,,
before,trap_careful,2,lo,2,2,,
before,trap_careful,2,ms_patrice,2,2,,
before,trap_careful,2,okada,1,0,,
before,trap_careful,2,hina,1,2,,
before,trap_careful,2,anfeesa,1,2,,
before,trap_careful,2,lil_smack,1,0,,
before,trap_careful,2,kiki,2,2,,
before,trap_careful,2,reggie,1,0,,
before,trap_careful,2,tristan,2,0,,
before,trap_careful,2,wispa,1,2,,
before,trap_careful,2,tasha,2,2,,
before,trap_careful,2,iron_jaw,1,0,,
before,trap_careful,2,bunmi,1,2,,
before,trap_careful,2,june,2,2,,
before,trap_careful,2,pinky,1,2,,
before,trap_careful,2,uncle_sunday,1,0,,
before,trap_careful,2,bruce_loose,1,0,,
before,trap_careful,2,don_chuy,1,0,,
after,trap_careful,1,ceo_assistant_001,2,3,,
after,trap_careful,1,okada,1,0,,
after,trap_careful,1,hina,2,2,,
after,trap_careful,1,ms_patrice,3,2,22,
after,trap_careful,1,bllad33,1,0,,
after,trap_careful,1,ogun,1,0,,
after,trap_careful,1,coffe,1,0,,
after,trap_careful,1,brenda,2,2,,
after,trap_careful,1,velvet,1,2,,
after,trap_careful,1,lo,1,2,,
after,trap_careful,1,rookoko,1,0,,
after,trap_careful,1,lil_smack,1,0,,
after,trap_careful,1,anfeesa,2,2,,
after,trap_careful,1,kiki,1,2,,
after,trap_careful,1,tristan,2,0,,
after,trap_careful,1,pinky,2,2,,
after,trap_careful,1,wispa,1,2,,
after,trap_careful,1,reggie,1,0,,
after,trap_careful,1,kaede,2,2,,
after,trap_careful,1,bunmi,1,2,,
after,trap_careful,1,tasha,2,2,,
after,trap_careful,1,june,2,2,,
after,trap_careful,1,bruce_loose,1,0,,
after,trap_careful,1,iron_jaw,1,0,,
after,trap_careful,1,don_chuy,1,0,,
after,trap_careful,2,ceo_assistant_001,2,3,,
after,trap_careful,2,okada,1,0,,
after,trap_careful,2,hina,2,2,,
after,trap_careful,2,kaede,2,2,,
after,trap_careful,2,bllad33,1,0,,
after,trap_careful,2,ogun,1,0,,
after,trap_careful,2,coffe,1,0,,
after,trap_careful,2,velvet,2,2,,
after,trap_careful,2,lo,1,2,,
after,trap_careful,2,rookoko,1,0,,
after,trap_careful,2,ms_patrice,2,2,,
after,trap_careful,2,june,2,2,,
after,trap_careful,2,anfeesa,2,2,,
after,trap_careful,2,bruce_loose,1,0,,
after,trap_careful,2,lil_smack,1,0,,
after,trap_careful,2,kiki,2,2,,
after,trap_careful,2,reggie,1,0,,
after,trap_careful,2,tristan,2,0,,
after,trap_careful,2,brenda,1,2,,
after,trap_careful,2,pinky,2,2,,
after,trap_careful,2,wispa,2,2,,
after,trap_careful,2,tasha,2,2,,
after,trap_careful,2,bunmi,2,2,,
after,trap_careful,2,phil,1,0,,
after,trap_careful,2,iron_jaw,1,0,,
after,trap_careful,2,don_chuy,1,0,,
before,trap_careful,3,ceo_assistant_001,3,4,35,
before,trap_careful,3,okada,1,0,,
before,trap_careful,3,hina,2,3,,
before,trap_careful,3,ms_patrice,2,3,,
before,trap_careful,3,bllad33,1,0,,
before,trap_careful,3,ogun,1,0,,
before,trap_careful,3,coffe,1,0,,
before,trap_careful,3,velvet,1,2,,
before,trap_careful,3,kaede,2,2,,
before,trap_careful,3,rookoko,1,0,,
before,trap_careful,3,lil_smack,1,0,,
before,trap_careful,3,lo,2,2,,
before,trap_careful,3,kiki,2,2,,
before,trap_careful,3,brenda,1,2,,
before,trap_careful,3,tristan,2,0,,
before,trap_careful,3,anfeesa,1,2,,
before,trap_careful,3,pinky,2,2,,
before,trap_careful,3,wispa,1,2,,
before,trap_careful,3,bunmi,1,2,,
before,trap_careful,3,don_chuy,1,0,,
before,trap_careful,3,tasha,2,2,,
before,trap_careful,3,bruce_loose,1,0,,
before,trap_careful,3,reggie,1,0,,
before,trap_careful,3,iron_jaw,1,0,,
before,trap_careful,4,ceo_assistant_001,2,3,,
before,trap_careful,4,rookoko,1,0,,
before,trap_careful,4,bllad33,1,0,,
before,trap_careful,4,ogun,1,0,,
before,trap_careful,4,coffe,1,0,,
before,trap_careful,4,kaede,2,2,,
before,trap_careful,4,velvet,2,2,,
before,trap_careful,4,okada,1,0,,
before,trap_careful,4,hina,2,2,,
before,trap_careful,4,ms_patrice,3,2,24,
before,trap_careful,4,lil_smack,1,0,,
before,trap_careful,4,kiki,2,2,,
before,trap_careful,4,bruce_loose,1,0,,
before,trap_careful,4,lo,1,2,,
before,trap_careful,4,tristan,2,0,,
before,trap_careful,4,anfeesa,1,2,,
before,trap_careful,4,pinky,1,2,,
before,trap_careful,4,tasha,2,2,,
before,trap_careful,4,wispa,1,2,,
before,trap_careful,4,bunmi,2,2,,
before,trap_careful,4,june,2,2,,
before,trap_careful,4,brenda,2,2,,
before,trap_careful,4,reggie,1,0,,
before,trap_careful,4,iron_jaw,1,0,,
before,trap_careful,4,don_chuy,1,0,,
after,trap_careful,3,ceo_assistant_001,2,3,,
after,trap_careful,3,okada,1,0,,
after,trap_careful,3,hina,2,2,,
after,trap_careful,3,ms_patrice,2,2,,
after,trap_careful,3,bllad33,1,0,,
after,trap_careful,3,ogun,1,0,,
after,trap_careful,3,coffe,1,0,,
after,trap_careful,3,kaede,1,2,,
after,trap_careful,3,velvet,1,2,,
after,trap_careful,3,june,3,2,29,
after,trap_careful,3,lo,1,2,,
after,trap_careful,3,bruce_loose,1,0,,
after,trap_careful,3,lil_smack,1,0,,
after,trap_careful,3,rookoko,1,0,,
after,trap_careful,3,anfeesa,1,2,,
after,trap_careful,3,kiki,2,2,,
after,trap_careful,3,tristan,2,0,,
after,trap_careful,3,pinky,2,2,,
after,trap_careful,3,brenda,2,2,,
after,trap_careful,3,reggie,1,0,,
after,trap_careful,3,wispa,2,2,,
after,trap_careful,3,bunmi,2,2,,
after,trap_careful,3,tasha,1,2,,
after,trap_careful,3,iron_jaw,1,0,,
after,trap_careful,3,don_chuy,1,0,,
before,trap_careful,5,ceo_assistant_001,2,3,,
before,trap_careful,5,ms_patrice,2,2,,
before,trap_careful,5,bllad33,1,0,,
before,trap_careful,5,ogun,1,0,,
before,trap_careful,5,coffe,1,0,,
before,trap_careful,5,brenda,2,2,,
before,trap_careful,5,velvet,1,2,,
before,trap_careful,5,rookoko,1,0,,
before,trap_careful,5,okada,1,0,,
before,trap_careful,5,hina,2,2,,
before,trap_careful,5,lil_smack,1,0,,
before,trap_careful,5,bruce_loose,1,0,,
before,trap_careful,5,lo,2,2,,
before,trap_careful,5,kaede,2,2,,
before,trap_careful,5,kiki,2,3,,
before,trap_careful,5,tristan,2,0,,
before,trap_careful,5,anfeesa,1,2,,
before,trap_careful,5,reggie,1,0,,
before,trap_careful,5,pinky,2,2,,
before,trap_careful,5,wispa,2,2,,
before,trap_careful,5,bunmi,1,2,,
before,trap_careful,5,june,2,2,,
before,trap_careful,5,tasha,2,2,,
before,trap_careful,5,iron_jaw,1,0,,
before,trap_careful,5,don_chuy,1,0,,
after,trap_careful,4,ceo_assistant_001,2,3,,
after,trap_careful,4,okada,1,0,,
after,trap_careful,4,hina,1,2,,
after,trap_careful,4,bllad33,1,0,,
after,trap_careful,4,ogun,1,0,,
after,trap_careful,4,coffe,1,0,,
after,trap_careful,4,velvet,1,2,,
after,trap_careful,4,rookoko,1,0,,
after,trap_careful,4,ms_patrice,1,2,,
after,trap_careful,4,lil_smack,1,0,,
after,trap_careful,4,lo,1,2,,
after,trap_careful,4,bruce_loose,1,0,,
after,trap_careful,4,kiki,2,2,,
after,trap_careful,4,kaede,2,2,,
after,trap_careful,4,tristan,2,0,,
after,trap_careful,4,pinky,1,2,,
after,trap_careful,4,tasha,2,2,,
after,trap_careful,4,reggie,1,0,,
after,trap_careful,4,iron_jaw,1,0,,
after,trap_careful,4,wispa,1,2,,
after,trap_careful,4,anfeesa,1,2,,
after,trap_careful,4,bunmi,2,2,,
after,trap_careful,4,uncle_sunday,1,0,,
after,trap_careful,4,don_chuy,1,0,,
after,trap_careful,4,brenda,2,2,,
after,trap_careful,4,june,2,2,,
after,trap_careful,5,ceo_assistant_001,2,4,,
after,trap_careful,5,okada,1,0,,
after,trap_careful,5,hina,2,3,,
after,trap_careful,5,ms_patrice,2,2,,
after,trap_careful,5,bllad33,1,0,,
after,trap_careful,5,ogun,1,0,,
after,trap_careful,5,coffe,1,0,,
after,trap_careful,5,brenda,2,2,,
after,trap_careful,5,velvet,1,2,,
after,trap_careful,5,june,2,2,,
after,trap_careful,5,rookoko,1,0,,
after,trap_careful,5,lo,1,2,,
after,trap_careful,5,lil_smack,1,0,,
after,trap_careful,5,anfeesa,2,2,,
after,trap_careful,5,kaede,2,2,,
after,trap_careful,5,kiki,2,2,,
after,trap_careful,5,reggie,1,0,,
after,trap_careful,5,tristan,2,0,,
after,trap_careful,5,wispa,1,2,,
after,trap_careful,5,pinky,2,2,,
after,trap_careful,5,tasha,2,2,,
after,trap_careful,5,bunmi,2,2,,
after,trap_careful,5,iron_jaw,1,0,,
after,trap_careful,5,don_chuy,1,0,,
before,trap_careful,6,ceo_assistant_001,1,3,,
before,trap_careful,6,okada,1,0,,
before,trap_careful,6,hina,2,3,,
before,trap_careful,6,bruce_loose,1,0,,
before,trap_careful,6,ms_patrice,3,2,21,
before,trap_careful,6,bllad33,1,0,,
before,trap_careful,6,ogun,1,0,,
before,trap_careful,6,coffe,1,0,,
before,trap_careful,6,kaede,2,2,,
before,trap_careful,6,velvet,2,2,,
before,trap_careful,6,june,2,2,,
before,trap_careful,6,lo,1,2,,
before,trap_careful,6,rookoko,1,0,,
before,trap_careful,6,anfeesa,2,2,,
before,trap_careful,6,lil_smack,1,0,,
before,trap_careful,6,kiki,2,3,,
before,trap_careful,6,tristan,2,0,,
before,trap_careful,6,pinky,2,2,,
before,trap_careful,6,reggie,1,0,,
before,trap_careful,6,wispa,1,2,,
before,trap_careful,6,tasha,2,2,,
before,trap_careful,6,bunmi,1,2,,
before,trap_careful,6,iron_jaw,1,0,,
before,trap_careful,6,don_chuy,1,0,,
before,trap_careful,6,brenda,2,2,,
before,trap_careful,7,ceo_assistant_001,2,3,,
before,trap_careful,7,okada,1,0,,
before,trap_careful,7,hina,1,2,,
before,trap_careful,7,ms_patrice,2,2,,
before,trap_careful,7,bllad33,1,0,,
before,trap_careful,7,ogun,1,0,,
before,trap_careful,7,coffe,1,0,,
before,trap_careful,7,velvet,1,2,,
before,trap_careful,7,bruce_loose,1,0,,
before,trap_careful,7,lil_smack,1,0,,
before,trap_careful,7,kaede,2,2,,
before,trap_careful,7,lo,1,2,,
before,trap_careful,7,rookoko,1,0,,
before,trap_careful,7,anfeesa,2,2,,
before,trap_careful,7,kiki,1,2,,
before,trap_careful,7,reggie,1,0,,
before,trap_careful,7,tristan,2,0,,
before,trap_careful,7,wispa,2,2,,
before,trap_careful,7,pinky,2,3,,
before,trap_careful,7,tasha,2,2,,
before,trap_careful,7,bunmi,2,2,,
before,trap_careful,7,june,2,2,,
before,trap_careful,7,phil,1,0,,
before,trap_careful,7,don_chuy,1,0,,
before,trap_careful,7,brenda,2,2,,
before,trap_careful,7,iron_jaw,1,0,,
after,trap_careful,6,ceo_assistant_001,3,3,34,
after,trap_careful,6,ms_patrice,2,2,,
after,trap_careful,6,bllad33,1,0,,
after,trap_careful,6,ogun,1,0,,
after,trap_careful,6,coffe,1,0,,
after,trap_careful,6,brenda,2,2,,
after,trap_careful,6,velvet,2,2,,
after,trap_careful,6,june,2,2,,
after,trap_careful,6,okada,1,0,,
after,trap_careful,6,hina,1,2,,
after,trap_careful,6,lo,2,2,,
after,trap_careful,6,lil_smack,1,0,,
after,trap_careful,6,bruce_loose,1,0,,
after,trap_careful,6,rookoko,1,0,,
after,trap_careful,6,anfeesa,2,2,,
after,trap_careful,6,kaede,2,2,,
after,trap_careful,6,kiki,2,2,,
after,trap_careful,6,reggie,1,0,,
after,trap_careful,6,tristan,2,0,,
after,trap_careful,6,wispa,2,2,,
after,trap_careful,6,pinky,2,2,,
after,trap_careful,6,tasha,2,2,,
after,trap_careful,6,iron_jaw,1,0,,
after,trap_careful,6,bunmi,2,2,,
after,trap_careful,6,don_chuy,1,0,,
after,trap_careful,7,ceo_assistant_001,2,3,,
after,trap_careful,7,rookoko,1,0,,
after,trap_careful,7,bllad33,1,0,,
after,trap_careful,7,ogun,1,0,,
after,trap_careful,7,coffe,1,0,,
after,trap_careful,7,velvet,2,2,,
after,trap_careful,7,okada,1,0,,
after,trap_careful,7,hina,1,2,,
after,trap_careful,7,lo,2,2,,
after,trap_careful,7,ms_patrice,2,2,,
after,trap_careful,7,anfeesa,2,2,,
after,trap_careful,7,lil_smack,1,0,,
after,trap_careful,7,kiki,3,3,34,
after,trap_careful,7,tristan,2,0,,
after,trap_careful,7,bruce_loose,1,0,,
after,trap_careful,7,pinky,2,2,,
after,trap_careful,7,wispa,2,2,,
after,trap_careful,7,reggie,1,0,,
after,trap_careful,7,uncle_sunday,1,0,,
after,trap_careful,7,bunmi,2,2,,
after,trap_careful,7,tasha,1,2,,
after,trap_careful,7,kaede,2,2,,
after,trap_careful,7,june,1,2,,
after,trap_careful,7,brenda,2,2,,
after,trap_careful,7,don_chuy,1,0,,
after,trap_careful,7,iron_jaw,1,0,,
before,trap_careful,8,ceo_assistant_001,2,3,,
before,trap_careful,8,ms_patrice,3,3,35,
before,trap_careful,8,bllad33,1,0,,
before,trap_careful,8,ogun,1,0,,
before,trap_careful,8,coffe,1,0,,
before,trap_careful,8,velvet,1,2,,
before,trap_careful,8,brenda,2,2,,
before,trap_careful,8,okada,1,0,,
before,trap_careful,8,hina,2,2,,
before,trap_careful,8,lil_smack,1,0,,
before,trap_careful,8,kaede,2,2,,
before,trap_careful,8,lo,2,2,,
before,trap_careful,8,rookoko,1,0,,
before,trap_careful,8,kiki,2,3,,
before,trap_careful,8,tristan,2,0,,
before,trap_careful,8,pinky,2,2,,
before,trap_careful,8,wispa,1,2,,
before,trap_careful,8,tasha,2,2,,
before,trap_careful,8,reggie,1,0,,
before,trap_careful,8,iron_jaw,1,0,,
before,trap_careful,8,bunmi,1,2,,
before,trap_careful,8,bruce_loose,1,0,,
before,trap_careful,8,june,2,2,,
before,trap_careful,8,anfeesa,2,2,,
before,trap_careful,8,don_chuy,1,0,,
after,trap_careful,8,ceo_assistant_001,3,3,34,
after,trap_careful,8,okada,1,0,,
after,trap_careful,8,hina,2,2,,
after,trap_careful,8,ms_patrice,2,2,,
after,trap_careful,8,bllad33,1,0,,
after,trap_careful,8,ogun,1,0,,
after,trap_careful,8,coffe,1,0,,
after,trap_careful,8,velvet,1,2,,
after,trap_careful,8,lil_smack,1,0,,
after,trap_careful,8,june,2,2,,
after,trap_careful,8,kaede,1,2,,
after,trap_careful,8,lo,1,2,,
after,trap_careful,8,rookoko,1,0,,
after,trap_careful,8,anfeesa,2,2,,
after,trap_careful,8,bruce_loose,1,0,,
after,trap_careful,8,kiki,2,2,,
after,trap_careful,8,tristan,2,0,,
after,trap_careful,8,reggie,1,0,,
after,trap_careful,8,wispa,2,2,,
after,trap_careful,8,tasha,2,2,,
after,trap_careful,8,uncle_sunday,1,0,,
after,trap_careful,8,pinky,2,2,,
after,trap_careful,8,iron_jaw,1,0,,
after,trap_careful,8,bunmi,2,2,,
after,trap_careful,8,brenda,2,2,,
after,trap_careful,8,don_chuy,1,0,,
before,trap_careful,9,ceo_assistant_001,2,3,,
before,trap_careful,9,brenda,2,3,,
before,trap_careful,9,okada,1,0,,
before,trap_careful,9,hina,2,3,,
before,trap_careful,9,bllad33,1,0,,
before,trap_careful,9,ogun,1,0,,
before,trap_careful,9,coffe,1,0,,
before,trap_careful,9,velvet,1,2,,
before,trap_careful,9,rookoko,1,0,,
before,trap_careful,9,ms_patrice,2,2,,
before,trap_careful,9,lo,1,2,,
before,trap_careful,9,lil_smack,1,0,,
before,trap_careful,9,anfeesa,1,2,,
before,trap_careful,9,kiki,2,2,,
before,trap_careful,9,tristan,2,0,,
before,trap_careful,9,wispa,1,2,,
before,trap_careful,9,reggie,1,0,,
before,trap_careful,9,kaede,1,2,,
before,trap_careful,9,uncle_sunday,1,0,,
before,trap_careful,9,tasha,2,2,,
before,trap_careful,9,bunmi,2,2,,
before,trap_careful,9,pinky,2,2,,
before,trap_careful,9,iron_jaw,1,0,,
before,trap_careful,9,don_chuy,1,0,,
before,trap_careful,9,bruce_loose,1,0,,
before,trap_careful,10,ceo_assistant_001,2,3,,
before,trap_careful,10,okada,1,0,,
before,trap_careful,10,hina,2,2,,
before,trap_careful,10,bllad33,1,0,,
before,trap_careful,10,ogun,1,0,,
before,trap_careful,10,coffe,1,0,,
before,trap_careful,10,bruce_loose,1,0,,
before,trap_careful,10,velvet,1,2,,
before,trap_careful,10,ms_patrice,2,2,,
before,trap_careful,10,kaede,2,2,,
before,trap_careful,10,rookoko,1,0,,
before,trap_careful,10,lil_smack,1,0,,
before,trap_careful,10,brenda,1,2,,
before,trap_careful,10,lo,1,2,,
before,trap_careful,10,kiki,2,2,,
before,trap_careful,10,tristan,2,0,,
before,trap_careful,10,reggie,1,0,,
before,trap_careful,10,pinky,2,2,,
before,trap_careful,10,tasha,2,2,,
before,trap_careful,10,anfeesa,2,2,,
before,trap_careful,10,iron_jaw,1,0,,
before,trap_careful,10,bunmi,2,2,,
before,trap_careful,10,don_chuy,1,0,,
before,trap_careful,10,wispa,2,2,,
before,trap_careful,10,june,2,2,,
before,trap_careful,10,phil,1,0,,
after,trap_careful,9,ceo_assistant_001,2,3,,
after,trap_careful,9,okada,1,0,,
after,trap_careful,9,hina,1,2,,
after,trap_careful,9,brenda,1,2,,
after,trap_careful,9,ms_patrice,2,2,,
after,trap_careful,9,bllad33,1,0,,
after,trap_careful,9,ogun,1,0,,
after,trap_careful,9,coffe,1,0,,
after,trap_careful,9,velvet,1,2,,
after,trap_careful,9,lo,1,2,,
after,trap_careful,9,lil_smack,1,0,,
after,trap_careful,9,anfeesa,1,2,,
after,trap_careful,9,rookoko,1,0,,
after,trap_careful,9,kiki,2,2,,
after,trap_careful,9,tristan,2,0,,
after,trap_careful,9,pinky,2,2,,
after,trap_careful,9,wispa,1,2,,
after,trap_careful,9,reggie,1,0,,
after,trap_careful,9,bruce_loose,1,0,,
after,trap_careful,9,uncle_sunday,1,0,,
after,trap_careful,9,tasha,2,2,,
after,trap_careful,9,bunmi,2,2,,
after,trap_careful,9,june,2,2,,
after,trap_careful,9,iron_jaw,1,0,,
after,trap_careful,9,kaede,2,2,,
after,trap_careful,9,phil,1,0,,
after,trap_careful,9,don_chuy,1,0,,
before,trap_aggressive,1,ceo_assistant_001,2,3,,
before,trap_aggressive,1,nightshade,2,3,,
before,trap_aggressive,1,bllad33,1,0,,
before,trap_aggressive,1,ogun,1,0,,
before,trap_aggressive,1,coffe,1,0,,
before,trap_aggressive,1,okada,1,0,,
before,trap_aggressive,1,hina,2,3,,
before,trap_aggressive,1,june,3,3,26,
before,trap_aggressive,1,kiki,2,3,,
before,trap_aggressive,1,ms_patrice,2,3,,
before,trap_aggressive,1,pinky,2,3,,
before,trap_aggressive,1,tristan,2,0,,
before,trap_aggressive,1,tasha,2,3,,
before,trap_aggressive,1,reggie,1,0,,
before,trap_aggressive,1,wispa,1,2,,
before,trap_aggressive,1,iron_jaw,1,0,,
before,trap_aggressive,1,velvet,2,2,,
before,trap_aggressive,1,bruce_loose,1,0,,
before,trap_aggressive,1,deacon_brass,1,0,,
before,trap_aggressive,1,phil,1,0,,
before,trap_aggressive,1,lil_smack,1,0,,
before,trap_aggressive,1,bunmi,2,2,,
before,trap_aggressive,1,don_chuy,1,0,,
before,trap_aggressive,1,kaede,2,2,,
after,trap_careful,10,ceo_assistant_001,1,3,,
after,trap_careful,10,okada,1,0,,
after,trap_careful,10,hina,2,2,,
after,trap_careful,10,rookoko,1,0,,
after,trap_careful,10,bllad33,1,0,,
after,trap_careful,10,ogun,1,0,,
after,trap_careful,10,coffe,1,0,,
after,trap_careful,10,bruce_loose,1,0,,
after,trap_careful,10,velvet,1,2,,
after,trap_careful,10,brenda,1,2,,
after,trap_careful,10,ms_patrice,2,2,,
after,trap_careful,10,kaede,2,2,,
after,trap_careful,10,lil_smack,1,0,,
after,trap_careful,10,lo,2,2,,
after,trap_careful,10,anfeesa,1,2,,
after,trap_careful,10,kiki,2,2,,
after,trap_careful,10,tristan,2,0,,
after,trap_careful,10,reggie,1,0,,
after,trap_careful,10,wispa,2,2,,
after,trap_careful,10,pinky,1,2,,
after,trap_careful,10,tasha,2,2,,
after,trap_careful,10,iron_jaw,1,0,,
after,trap_careful,10,bunmi,2,2,,
after,trap_careful,10,uncle_sunday,1,0,,
after,trap_careful,10,phil,1,0,,
after,trap_careful,10,don_chuy,1,0,,
after,trap_careful,10,june,2,2,,
before,trap_aggressive,2,ceo_assistant_001,2,4,,
before,trap_aggressive,2,okada,1,0,,
before,trap_aggressive,2,hina,1,3,,
before,trap_aggressive,2,bllad33,1,0,,
before,trap_aggressive,2,ogun,1,0,,
before,trap_aggressive,2,coffe,1,0,,
before,trap_aggressive,2,nightshade,2,3,,
before,trap_aggressive,2,tasha,2,3,,
before,trap_aggressive,2,moonie,2,3,,
before,trap_aggressive,2,kiki,3,3,32,
before,trap_aggressive,2,reggie,1,0,,
before,trap_aggressive,2,tristan,2,0,,
before,trap_aggressive,2,pinky,2,3,,
before,trap_aggressive,2,velvet,2,2,,
before,trap_aggressive,2,lil_smack,1,0,,
before,trap_aggressive,2,iron_jaw,1,0,,
before,trap_aggressive,2,wispa,1,2,,
before,trap_aggressive,2,bunmi,2,2,,
before,trap_aggressive,2,brenda,1,2,,
before,trap_aggressive,2,june,2,2,,
before,trap_aggressive,2,phil,1,0,,
before,trap_aggressive,2,rookoko,1,0,,
before,trap_aggressive,2,don_chuy,1,0,,
before,trap_aggressive,2,kaede,1,2,,
after,trap_aggressive,1,ceo_assistant_001,3,4,35,
after,trap_aggressive,1,okada,1,0,,
after,trap_aggressive,1,hina,2,3,,
after,trap_aggressive,1,bllad33,1,0,,
after,trap_aggressive,1,ogun,1,0,,
after,trap_aggressive,1,coffe,1,0,,
after,trap_aggressive,1,nightshade,2,3,,
after,trap_aggressive,1,tasha,2,3,,
after,trap_aggressive,1,june,2,3,,
after,trap_aggressive,1,velvet,2,3,,
after,trap_aggressive,1,rookoko,1,0,,
after,trap_aggressive,1,kiki,3,3,16,
after,trap_aggressive,1,tristan,2,0,,
after,trap_aggressive,1,reggie,1,0,,
after,trap_aggressive,1,pinky,2,2,,
after,trap_aggressive,1,kaede,2,2,,
after,trap_aggressive,1,lil_smack,1,0,,
after,trap_aggressive,1,iron_jaw,1,0,,
after,trap_aggressive,1,wispa,2,2,,
after,trap_aggressive,1,ms_patrice,2,2,,
after,trap_aggressive,1,bunmi,1,2,,
after,trap_aggressive,1,brenda,1,1,,
after,trap_aggressive,1,bruce_loose,1,0,,
before,trap_aggressive,3,ceo_assistant_001,3,4,34,
before,trap_aggressive,3,okada,1,0,,
before,trap_aggressive,3,hina,2,3,,
before,trap_aggressive,3,nightshade,2,3,,
before,trap_aggressive,3,bllad33,1,0,,
before,trap_aggressive,3,ogun,1,0,,
before,trap_aggressive,3,coffe,1,0,,
before,trap_aggressive,3,bruce_loose,1,0,,
before,trap_aggressive,3,june,2,3,,
before,trap_aggressive,3,deacon_brass,1,0,,
before,trap_aggressive,3,velvet,2,3,,
before,trap_aggressive,3,kiki,2,3,,
before,trap_aggressive,3,pinky,2,3,,
before,trap_aggressive,3,reggie,1,0,,
before,trap_aggressive,3,tristan,2,0,,
before,trap_aggressive,3,uncle_sunday,1,0,,
before,trap_aggressive,3,lil_smack,1,0,,
before,trap_aggressive,3,wispa,2,3,,
before,trap_aggressive,3,kaede,2,3,,
before,trap_aggressive,3,don_chuy,1,0,,
before,trap_aggressive,3,tasha,2,3,,
before,trap_aggressive,3,iron_jaw,1,0,,
before,trap_aggressive,3,brenda,3,3,35,
after,trap_aggressive,2,ceo_assistant_001,2,3,,
after,trap_aggressive,2,okada,1,0,,
after,trap_aggressive,2,hina,2,3,,
after,trap_aggressive,2,nightshade,2,3,,
after,trap_aggressive,2,bllad33,1,0,,
after,trap_aggressive,2,ogun,1,0,,
after,trap_aggressive,2,coffe,1,0,,
after,trap_aggressive,2,brenda,2,3,,
after,trap_aggressive,2,tasha,2,2,,
after,trap_aggressive,2,june,2,2,,
after,trap_aggressive,2,velvet,1,2,,
after,trap_aggressive,2,wispa,2,2,,
after,trap_aggressive,2,kiki,2,2,,
after,trap_aggressive,2,reggie,1,0,,
after,trap_aggressive,2,tristan,2,0,,
after,trap_aggressive,2,pinky,1,2,,
after,trap_aggressive,2,lil_smack,1,0,,
after,trap_aggressive,2,ms_patrice,2,2,,
after,trap_aggressive,2,bunmi,1,2,,
after,trap_aggressive,2,iron_jaw,1,0,,
after,trap_aggressive,2,kaede,2,2,,
after,trap_aggressive,2,emberly,2,2,,
after,trap_aggressive,2,don_chuy,1,0,,
after,trap_aggressive,2,bruce_loose,1,0,,
before,trap_aggressive,4,ceo_assistant_001,1,3,,
before,trap_aggressive,4,okada,1,0,,
before,trap_aggressive,4,hina,2,3,,
before,trap_aggressive,4,nightshade,2,3,,
before,trap_aggressive,4,bllad33,1,0,,
before,trap_aggressive,4,ogun,1,0,,
before,trap_aggressive,4,coffe,1,0,,
before,trap_aggressive,4,june,3,2,33,
before,trap_aggressive,4,velvet,2,2,,
before,trap_aggressive,4,ms_patrice,1,2,,
before,trap_aggressive,4,kiki,2,2,,
before,trap_aggressive,4,lil_smack,1,0,,
before,trap_aggressive,4,pinky,2,2,,
before,trap_aggressive,4,reggie,1,0,,
before,trap_aggressive,4,tristan,2,0,,
before,trap_aggressive,4,tasha,2,2,,
before,trap_aggressive,4,wispa,2,2,,
before,trap_aggressive,4,brenda,2,2,,
before,trap_aggressive,4,iron_jaw,1,0,,
before,trap_aggressive,4,uncle_sunday,1,0,,
before,trap_aggressive,4,bruce_loose,1,0,,
before,trap_aggressive,4,phil,1,0,,
before,trap_aggressive,4,deacon_brass,1,0,,
before,trap_aggressive,4,bunmi,1,2,,
before,trap_aggressive,4,kaede,2,2,,
before,trap_aggressive,4,emberly,2,2,,
before,trap_aggressive,4,don_chuy,1,0,,
after,trap_aggressive,3,ceo_assistant_001,3,4,28,
after,trap_aggressive,3,okada,1,0,,
after,trap_aggressive,3,hina,2,3,,
after,trap_aggressive,3,nightshade,2,3,,
after,trap_aggressive,3,bllad33,1,0,,
after,trap_aggressive,3,ogun,1,0,,
after,trap_aggressive,3,coffe,1,0,,
after,trap_aggressive,3,kaede,2,3,,
after,trap_aggressive,3,velvet,2,3,,
after,trap_aggressive,3,june,3,3,34,
after,trap_aggressive,3,kiki,2,3,,
after,trap_aggressive,3,reggie,1,0,,
after,trap_aggressive,3,pinky,1,2,,
after,trap_aggressive,3,wispa,2,2,,
after,trap_aggressive,3,tristan,2,0,,
after,trap_aggressive,3,tasha,2,2,,
after,trap_aggressive,3,lil_smack,1,0,,
after,trap_aggressive,3,bruce_loose,1,0,,
after,trap_aggressive,3,iron_jaw,1,0,,
after,trap_aggressive,3,deacon_brass,1,0,,
after,trap_aggressive,3,phil,1,0,,
after,trap_aggressive,3,moonie,1,2,,
after,trap_aggressive,3,bunmi,1,2,,
after,trap_aggressive,3,brenda,1,2,,
after,trap_aggressive,3,don_chuy,1,0,,
before,trap_aggressive,5,ceo_assistant_001,3,4,33,
before,trap_aggressive,5,okada,1,0,,
before,trap_aggressive,5,hina,2,3,,
before,trap_aggressive,5,nightshade,3,3,30,
before,trap_aggressive,5,bllad33,1,0,,
before,trap_aggressive,5,ogun,1,0,,
before,trap_aggressive,5,coffe,1,0,,
before,trap_aggressive,5,wispa,2,3,,
before,trap_aggressive,5,kaede,2,3,,
before,trap_aggressive,5,june,2,3,,
before,trap_aggressive,5,kiki,3,3,35,
before,trap_aggressive,5,moonie,2,2,,
before,trap_aggressive,5,reggie,1,0,,
before,trap_aggressive,5,pinky,2,2,,
before,trap_aggressive,5,tristan,2,0,,
before,trap_aggressive,5,lil_smack,1,0,,
before,trap_aggressive,5,velvet,2,2,,
before,trap_aggressive,5,tasha,2,2,,
before,trap_aggressive,5,iron_jaw,1,0,,
before,trap_aggressive,5,emberly,1,2,,
before,trap_aggressive,5,brenda,1,2,,
before,trap_aggressive,5,don_chuy,1,0,,
after,trap_aggressive,4,ceo_assistant_001,2,3,,
after,trap_aggressive,4,nightshade,3,3,27,
after,trap_aggressive,4,bllad33,1,0,,
after,trap_aggressive,4,ogun,1,0,,
after,trap_aggressive,4,coffe,1,0,,
after,trap_aggressive,4,okada,1,0,,
after,trap_aggressive,4,hina,2,3,,
after,trap_aggressive,4,june,3,3,32,
after,trap_aggressive,4,brenda,2,3,,
after,trap_aggressive,4,rookoko,1,0,,
after,trap_aggressive,4,kiki,3,3,34,
after,trap_aggressive,4,velvet,2,3,,
after,trap_aggressive,4,wispa,2,2,,
after,trap_aggressive,4,pinky,2,2,,
after,trap_aggressive,4,lil_smack,1,0,,
after,trap_aggressive,4,tristan,2,0,,
after,trap_aggressive,4,reggie,1,0,,
after,trap_aggressive,4,kaede,2,2,,
after,trap_aggressive,4,phil,1,0,,
after,trap_aggressive,4,tasha,2,2,,
after,trap_aggressive,4,bunmi,2,2,,
after,trap_aggressive,4,iron_jaw,1,0,,
after,trap_aggressive,4,emberly,1,2,,
after,trap_aggressive,4,don_chuy,1,0,,
before,trap_aggressive,6,ceo_assistant_001,3,4,34,
before,trap_aggressive,6,nightshade,2,3,,
before,trap_aggressive,6,bllad33,1,0,,
before,trap_aggressive,6,ogun,1,0,,
before,trap_aggressive,6,coffe,1,0,,
before,trap_aggressive,6,okada,1,0,,
before,trap_aggressive,6,hina,2,3,,
before,trap_aggressive,6,rookoko,1,0,,
before,trap_aggressive,6,wispa,2,3,,
before,trap_aggressive,6,brenda,2,3,,
before,trap_aggressive,6,ms_patrice,3,3,33,
before,trap_aggressive,6,kiki,2,3,,
before,trap_aggressive,6,tasha,2,3,,
before,trap_aggressive,6,june,2,2,,
before,trap_aggressive,6,pinky,2,2,,
before,trap_aggressive,6,velvet,2,2,,
before,trap_aggressive,6,tristan,2,0,,
before,trap_aggressive,6,lil_smack,1,0,,
before,trap_aggressive,6,bunmi,2,2,,
before,trap_aggressive,6,bruce_loose,1,0,,
before,trap_aggressive,6,reggie,1,0,,
before,trap_aggressive,6,iron_jaw,1,0,,
before,trap_aggressive,6,deacon_brass,1,0,,
before,trap_aggressive,6,phil,1,0,,
before,trap_aggressive,6,uncle_sunday,1,0,,
before,trap_aggressive,6,don_chuy,1,0,,
after,trap_aggressive,5,ceo_assistant_001,3,3,33,
after,trap_aggressive,5,okada,1,0,,
after,trap_aggressive,5,hina,2,3,,
after,trap_aggressive,5,bllad33,1,0,,
after,trap_aggressive,5,ogun,1,0,,
after,trap_aggressive,5,coffe,1,0,,
after,trap_aggressive,5,kaede,2,2,,
after,trap_aggressive,5,nightshade,2,2,,
after,trap_aggressive,5,ms_patrice,2,2,,
after,trap_aggressive,5,velvet,2,2,,
after,trap_aggressive,5,brenda,2,2,,
after,trap_aggressive,5,lil_smack,1,0,,
after,trap_aggressive,5,moonie,2,2,,
after,trap_aggressive,5,kiki,2,2,,
after,trap_aggressive,5,tasha,2,2,,
after,trap_aggressive,5,rookoko,1,0,,
after,trap_aggressive,5,reggie,1,0,,
after,trap_aggressive,5,pinky,2,2,,
after,trap_aggressive,5,tristan,2,0,,
after,trap_aggressive,5,wispa,1,2,,
after,trap_aggressive,5,iron_jaw,1,0,,
after,trap_aggressive,5,bruce_loose,1,0,,
after,trap_aggressive,5,june,3,2,35,
after,trap_aggressive,5,deacon_brass,1,0,,
after,trap_aggressive,5,uncle_sunday,1,0,,
after,trap_aggressive,5,phil,1,0,,
after,trap_aggressive,5,bunmi,2,2,,
after,trap_aggressive,5,don_chuy,1,0,,
before,trap_aggressive,7,ceo_assistant_001,3,4,35,
before,trap_aggressive,7,okada,1,0,,
before,trap_aggressive,7,hina,2,3,,
before,trap_aggressive,7,nightshade,2,3,,
before,trap_aggressive,7,bllad33,1,0,,
before,trap_aggressive,7,ogun,1,0,,
before,trap_aggressive,7,coffe,1,0,,
before,trap_aggressive,7,bruce_loose,1,0,,
before,trap_aggressive,7,velvet,2,3,,
before,trap_aggressive,7,deacon_brass,1,0,,
before,trap_aggressive,7,kiki,2,3,,
before,trap_aggressive,7,reggie,1,0,,
before,trap_aggressive,7,pinky,2,3,,
before,trap_aggressive,7,uncle_sunday,1,0,,
before,trap_aggressive,7,tasha,2,3,,
before,trap_aggressive,7,lil_smack,1,0,,
before,trap_aggressive,7,kaede,2,3,,
before,trap_aggressive,7,wispa,2,3,,
before,trap_aggressive,7,tristan,2,0,,
before,trap_aggressive,7,iron_jaw,1,0,,
before,trap_aggressive,7,june,2,2,,
before,trap_aggressive,7,phil,1,0,,
before,trap_aggressive,7,rookoko,1,0,,
before,trap_aggressive,7,brenda,1,2,,
before,trap_aggressive,7,bunmi,2,2,,
before,trap_aggressive,7,don_chuy,1,0,,
after,trap_aggressive,6,ceo_assistant_001,2,3,,
after,trap_aggressive,6,okada,1,0,,
after,trap_aggressive,6,hina,2,3,,
after,trap_aggressive,6,bllad33,1,0,,
after,trap_aggressive,6,ogun,1,0,,
after,trap_aggressive,6,coffe,1,0,,
after,trap_aggressive,6,nightshade,1,3,,
after,trap_aggressive,6,moonie,2,3,,
after,trap_aggressive,6,june,2,3,,
after,trap_aggressive,6,wispa,2,3,,
after,trap_aggressive,6,kiki,2,3,,
after,trap_aggressive,6,tasha,2,3,,
after,trap_aggressive,6,reggie,1,0,,
after,trap_aggressive,6,pinky,2,3,,
after,trap_aggressive,6,velvet,1,2,,
after,trap_aggressive,6,lil_smack,1,0,,
after,trap_aggressive,6,brenda,2,2,,
after,trap_aggressive,6,uncle_sunday,1,0,,
after,trap_aggressive,6,tristan,2,0,,
after,trap_aggressive,6,iron_jaw,1,0,,
after,trap_aggressive,6,bruce_loose,1,0,,
after,trap_aggressive,6,deacon_brass,1,0,,
after,trap_aggressive,6,kaede,1,2,,
after,trap_aggressive,6,don_chuy,1,0,,
before,trap_aggressive,8,ceo_assistant_001,2,4,,
before,trap_aggressive,8,okada,1,0,,
before,trap_aggressive,8,hina,2,3,,
before,trap_aggressive,8,nightshade,2,3,,
before,trap_aggressive,8,bllad33,1,0,,
before,trap_aggressive,8,ogun,1,0,,
before,trap_aggressive,8,coffe,1,0,,
before,trap_aggressive,8,velvet,2,3,,
before,trap_aggressive,8,june,3,3,24,
before,trap_aggressive,8,kiki,2,3,,
before,trap_aggressive,8,tristan,2,0,,
before,trap_aggressive,8,pinky,2,3,,
before,trap_aggressive,8,tasha,2,3,,
before,trap_aggressive,8,lil_smack,1,0,,
before,trap_aggressive,8,iron_jaw,1,0,,
before,trap_aggressive,8,wispa,1,3,,
before,trap_aggressive,8,reggie,1,0,,
before,trap_aggressive,8,uncle_sunday,1,0,,
before,trap_aggressive,8,ms_patrice,3,3,35,
before,trap_aggressive,8,bruce_loose,1,0,,
before,trap_aggressive,8,deacon_brass,1,0,,
before,trap_aggressive,8,brenda,1,2,,
before,trap_aggressive,8,don_chuy,1,0,,
after,trap_aggressive,7,ceo_assistant_001,2,3,,
after,trap_aggressive,7,nightshade,1,3,,
after,trap_aggressive,7,bllad33,1,0,,
after,trap_aggressive,7,ogun,1,0,,
after,trap_aggressive,7,coffe,1,0,,
after,trap_aggressive,7,bruce_loose,1,0,,
after,trap_aggressive,7,okada,1,0,,
after,trap_aggressive,7,hina,2,3,,
after,trap_aggressive,7,deacon_brass,1,0,,
after,trap_aggressive,7,velvet,2,3,,
after,trap_aggressive,7,reggie,1,0,,
after,trap_aggressive,7,kiki,2,3,,
after,trap_aggressive,7,pinky,2,3,,
after,trap_aggressive,7,wispa,2,3,,
after,trap_aggressive,7,tristan,2,0,,
after,trap_aggressive,7,tasha,2,2,,
after,trap_aggressive,7,lil_smack,1,0,,
after,trap_aggressive,7,ms_patrice,1,2,,
after,trap_aggressive,7,kaede,2,2,,
after,trap_aggressive,7,uncle_sunday,1,0,,
after,trap_aggressive,7,iron_jaw,1,0,,
after,trap_aggressive,7,brenda,1,2,,
after,trap_aggressive,7,bunmi,1,2,,
after,trap_aggressive,7,don_chuy,1,0,,
after,trap_aggressive,7,june,2,2,,
after,trap_aggressive,8,ceo_assistant_001,2,4,,
after,trap_aggressive,8,okada,1,0,,
after,trap_aggressive,8,hina,2,3,,
after,trap_aggressive,8,nightshade,2,3,,
after,trap_aggressive,8,bllad33,1,0,,
after,trap_aggressive,8,ogun,1,0,,
after,trap_aggressive,8,coffe,1,0,,
after,trap_aggressive,8,bruce_loose,1,0,,
after,trap_aggressive,8,june,3,3,32,
after,trap_aggressive,8,deacon_brass,1,0,,
after,trap_aggressive,8,velvet,1,3,,
after,trap_aggressive,8,kiki,3,3,34,
after,trap_aggressive,8,reggie,1,0,,
after,trap_aggressive,8,tristan,2,0,,
after,trap_aggressive,8,pinky,3,3,35,
after,trap_aggressive,8,wispa,1,2,,
after,trap_aggressive,8,uncle_sunday,1,0,,
after,trap_aggressive,8,lil_smack,1,0,,
after,trap_aggressive,8,tasha,2,2,,
after,trap_aggressive,8,iron_jaw,1,0,,
after,trap_aggressive,8,brenda,2,2,,
after,trap_aggressive,8,don_chuy,1,0,,
after,trap_aggressive,8,ms_patrice,2,2,,
after,trap_aggressive,8,phil,1,0,,
after,trap_aggressive,8,bunmi,2,2,,
after,trap_aggressive,8,kaede,2,2,,
before,trap_aggressive,9,ceo_assistant_001,2,4,,
before,trap_aggressive,9,okada,1,0,,
before,trap_aggressive,9,hina,3,3,25,
before,trap_aggressive,9,bllad33,1,0,,
before,trap_aggressive,9,ogun,1,0,,
before,trap_aggressive,9,coffe,1,0,,
before,trap_aggressive,9,velvet,2,3,,
before,trap_aggressive,9,june,2,3,,
before,trap_aggressive,9,nightshade,2,3,,
before,trap_aggressive,9,bruce_loose,1,0,,
before,trap_aggressive,9,deacon_brass,1,0,,
before,trap_aggressive,9,kiki,2,3,,
before,trap_aggressive,9,reggie,1,0,,
before,trap_aggressive,9,tristan,2,0,,
before,trap_aggressive,9,pinky,3,3,32,
before,trap_aggressive,9,wispa,2,3,,
before,trap_aggressive,9,lil_smack,1,0,,
before,trap_aggressive,9,tasha,2,3,,
before,trap_aggressive,9,iron_jaw,1,0,,
before,trap_aggressive,9,kaede,1,2,,
before,trap_aggressive,9,phil,1,0,,
before,trap_aggressive,9,brenda,1,2,,
before,trap_aggressive,9,bunmi,2,2,,
before,trap_aggressive,9,don_chuy,1,0,,
before,trap_aggressive,10,ceo_assistant_001,2,4,,
before,trap_aggressive,10,okada,1,0,,
before,trap_aggressive,10,hina,2,3,,
before,trap_aggressive,10,bllad33,1,0,,
before,trap_aggressive,10,ogun,1,0,,
before,trap_aggressive,10,coffe,1,0,,
before,trap_aggressive,10,nightshade,2,3,,
before,trap_aggressive,10,reggie,1,0,,
before,trap_aggressive,10,uncle_sunday,1,0,,
before,trap_aggressive,10,brenda,2,3,,
before,trap_aggressive,10,kiki,2,3,,
before,trap_aggressive,10,tristan,2,0,,
before,trap_aggressive,10,wispa,2,3,,
before,trap_aggressive,10,pinky,2,3,,
before,trap_aggressive,10,velvet,2,3,,
before,trap_aggressive,10,lil_smack,1,0,,
before,trap_aggressive,10,tasha,2,3,,
before,trap_aggressive,10,bunmi,3,3,34,
before,trap_aggressive,10,rookoko,1,0,,
before,trap_aggressive,10,iron_jaw,1,0,,
before,trap_aggressive,10,kaede,2,3,,
before,trap_aggressive,10,don_chuy,1,0,,
after,trap_aggressive,9,ceo_assistant_001,2,3,,
after,trap_aggressive,9,okada,1,0,,
after,trap_aggressive,9,hina,2,3,,
after,trap_aggressive,9,bllad33,1,0,,
after,trap_aggressive,9,ogun,1,0,,
after,trap_aggressive,9,coffe,1,0,,
after,trap_aggressive,9,velvet,2,3,,
after,trap_aggressive,9,june,2,3,,
after,trap_aggressive,9,nightshade,2,3,,
after,trap_aggressive,9,rookoko,1,0,,
after,trap_aggressive,9,kiki,2,3,,
after,trap_aggressive,9,tasha,3,3,35,
after,trap_aggressive,9,ms_patrice,2,2,,
after,trap_aggressive,9,reggie,1,0,,
after,trap_aggressive,9,pinky,2,2,,
after,trap_aggressive,9,wispa,2,2,,
after,trap_aggressive,9,brenda,2,2,,
after,trap_aggressive,9,lil_smack,1,0,,
after,trap_aggressive,9,iron_jaw,1,0,,
after,trap_aggressive,9,tristan,2,0,,
after,trap_aggressive,9,bunmi,2,2,,
after,trap_aggressive,9,bruce_loose,1,0,,
after,trap_aggressive,9,phil,1,0,,
after,trap_aggressive,9,deacon_brass,1,0,,
after,trap_aggressive,9,don_chuy,1,0,,
before,trap_wholesale,1,ceo_assistant_001,3,4,33,
before,trap_wholesale,1,okada,1,0,,
before,trap_wholesale,1,hina,3,3,29,
before,trap_wholesale,1,june,3,3,22,
before,trap_wholesale,1,bllad33,1,0,,
before,trap_wholesale,1,ogun,1,0,,
before,trap_wholesale,1,coffe,1,0,,
before,trap_wholesale,1,brenda,2,3,,
before,trap_wholesale,1,velvet,3,3,33,
before,trap_wholesale,1,lo,3,3,34,
before,trap_wholesale,1,rookoko,1,0,,
before,trap_wholesale,1,anfeesa,2,3,,
before,trap_wholesale,1,kiki,2,2,,
before,trap_wholesale,1,tristan,2,0,,
before,trap_wholesale,1,wispa,1,2,,
before,trap_wholesale,1,pinky,2,2,,
before,trap_wholesale,1,reggie,1,0,,
before,trap_wholesale,1,tasha,2,2,,
before,trap_wholesale,1,lil_smack,1,0,,
before,trap_wholesale,1,iron_jaw,1,0,,
before,trap_wholesale,1,kaede,1,2,,
before,trap_wholesale,1,bunmi,2,2,,
before,trap_wholesale,1,bruce_loose,1,0,,
before,trap_wholesale,1,phil,1,0,,
before,trap_wholesale,1,don_chuy,1,0,,
after,trap_aggressive,10,ceo_assistant_001,2,3,,
after,trap_aggressive,10,nightshade,2,3,,
after,trap_aggressive,10,bllad33,1,0,,
after,trap_aggressive,10,ogun,1,0,,
after,trap_aggressive,10,coffe,1,0,,
after,trap_aggressive,10,okada,1,0,,
after,trap_aggressive,10,hina,1,3,,
after,trap_aggressive,10,wispa,2,3,,
after,trap_aggressive,10,june,2,3,,
after,trap_aggressive,10,rookoko,1,0,,
after,trap_aggressive,10,velvet,1,3,,
after,trap_aggressive,10,kiki,2,3,,
after,trap_aggressive,10,reggie,1,0,,
after,trap_aggressive,10,pinky,2,3,,
after,trap_aggressive,10,uncle_sunday,1,0,,
after,trap_aggressive,10,lil_smack,1,0,,
after,trap_aggressive,10,brenda,2,3,,
after,trap_aggressive,10,tristan,2,0,,
after,trap_aggressive,10,tasha,2,3,,
after,trap_aggressive,10,iron_jaw,1,0,,
after,trap_aggressive,10,kaede,2,3,,
after,trap_aggressive,10,phil,1,0,,
after,trap_aggressive,10,don_chuy,1,0,,
after,trap_aggressive,10,bonesworth,1,0,,
after,trap_wholesale,1,ceo_assistant_001,2,3,,
after,trap_wholesale,1,rookoko,1,0,,
after,trap_wholesale,1,bllad33,1,0,,
after,trap_wholesale,1,ogun,1,0,,
after,trap_wholesale,1,coffe,1,0,,
after,trap_wholesale,1,velvet,2,3,,
after,trap_wholesale,1,june,4,3,9,32
after,trap_wholesale,1,okada,1,0,,
after,trap_wholesale,1,hina,2,3,,
after,trap_wholesale,1,lo,2,3,,
after,trap_wholesale,1,bruce_loose,1,0,,
after,trap_wholesale,1,kiki,3,3,34,
after,trap_wholesale,1,reggie,1,0,,
after,trap_wholesale,1,tristan,2,0,,
after,trap_wholesale,1,wispa,2,3,,
after,trap_wholesale,1,pinky,1,2,,
after,trap_wholesale,1,tasha,2,2,,
after,trap_wholesale,1,iron_jaw,1,0,,
after,trap_wholesale,1,bunmi,2,2,,
after,trap_wholesale,1,don_chuy,1,0,,
after,trap_wholesale,1,anfeesa,2,2,,
after,trap_wholesale,1,brenda,1,2,,
after,trap_wholesale,1,phil,1,0,,
after,trap_wholesale,1,kaede,2,2,,
before,trap_wholesale,2,ceo_assistant_001,3,4,33,
before,trap_wholesale,2,kaede,3,3,29,
before,trap_wholesale,2,okada,1,0,,
before,trap_wholesale,2,hina,2,3,,
before,trap_wholesale,2,bllad33,1,0,,
before,trap_wholesale,2,ogun,1,0,,
before,trap_wholesale,2,coffe,1,0,,
before,trap_wholesale,2,velvet,3,3,31,
before,trap_wholesale,2,june,3,3,21,
before,trap_wholesale,2,lo,2,3,,
before,trap_wholesale,2,brenda,2,3,,
before,trap_wholesale,2,anfeesa,2,3,,
before,trap_wholesale,2,rookoko,1,0,,
before,trap_wholesale,2,bruce_loose,1,0,,
before,trap_wholesale,2,kiki,2,2,,
before,trap_wholesale,2,reggie,1,0,,
before,trap_wholesale,2,tristan,2,0,,
before,trap_wholesale,2,pinky,2,2,,
before,trap_wholesale,2,wispa,1,2,,
before,trap_wholesale,2,tasha,2,2,,
before,trap_wholesale,2,iron_jaw,1,0,,
before,trap_wholesale,2,lil_smack,1,0,,
before,trap_wholesale,2,uncle_sunday,1,0,,
before,trap_wholesale,2,bunmi,2,2,,
before,trap_wholesale,2,phil,1,0,,
before,trap_wholesale,2,don_chuy,1,0,,
before,trap_wholesale,3,ceo_assistant_001,3,4,33,
before,trap_wholesale,3,june,3,3,29,
before,trap_wholesale,3,bllad33,1,0,,
before,trap_wholesale,3,ogun,1,0,,
before,trap_wholesale,3,coffe,1,0,,
before,trap_wholesale,3,velvet,2,3,,
before,trap_wholesale,3,okada,1,0,,
before,trap_wholesale,3,hina,2,3,,
before,trap_wholesale,3,bruce_loose,1,0,,
before,trap_wholesale,3,lo,2,3,,
before,trap_wholesale,3,brenda,2,3,,
before,trap_wholesale,3,anfeesa,2,3,,
before,trap_wholesale,3,rookoko,1,0,,
before,trap_wholesale,3,kaede,2,2,,
before,trap_wholesale,3,kiki,2,2,,
before,trap_wholesale,3,tristan,2,0,,
before,trap_wholesale,3,wispa,2,2,,
before,trap_wholesale,3,pinky,2,2,,
before,trap_wholesale,3,reggie,1,0,,
before,trap_wholesale,3,tasha,2,2,,
before,trap_wholesale,3,bunmi,2,2,,
before,trap_wholesale,3,iron_jaw,1,0,,
before,trap_wholesale,3,don_chuy,1,0,,
before,trap_wholesale,3,lil_smack,1,0,,
after,trap_wholesale,2,ceo_assistant_001,3,3,28,
after,trap_wholesale,2,kaede,2,3,,
after,trap_wholesale,2,june,3,3,15,
after,trap_wholesale,2,bllad33,1,0,,
after,trap_wholesale,2,ogun,1,0,,
after,trap_wholesale,2,coffe,1,0,,
after,trap_wholesale,2,velvet,2,3,,
after,trap_wholesale,2,okada,1,0,,
after,trap_wholesale,2,hina,3,3,32,
after,trap_wholesale,2,lo,2,3,,
after,trap_wholesale,2,anfeesa,2,3,,
after,trap_wholesale,2,rookoko,1,0,,
after,trap_wholesale,2,bruce_loose,1,0,,
after,trap_wholesale,2,kiki,3,2,22,
after,trap_wholesale,2,tristan,2,0,,
after,trap_wholesale,2,pinky,2,2,,
after,trap_wholesale,2,wispa,2,2,,
after,trap_wholesale,2,tasha,2,2,,
after,trap_wholesale,2,lil_smack,1,0,,
after,trap_wholesale,2,bunmi,2,2,,
after,trap_wholesale,2,reggie,1,0,,
after,trap_wholesale,2,iron_jaw,1,0,,
after,trap_wholesale,2,brenda,2,2,,
after,trap_wholesale,2,don_chuy,1,0,,
after,trap_wholesale,3,ceo_assistant_001,2,3,,
after,trap_wholesale,3,okada,1,0,,
after,trap_wholesale,3,hina,3,3,29,
after,trap_wholesale,3,bllad33,1,0,,
after,trap_wholesale,3,ogun,1,0,,
after,trap_wholesale,3,coffe,1,0,,
after,trap_wholesale,3,velvet,3,3,30,
after,trap_wholesale,3,june,4,3,24,31
after,trap_wholesale,3,rookoko,1,0,,
after,trap_wholesale,3,kaede,3,3,32,
after,trap_wholesale,3,kiki,3,3,33,
after,trap_wholesale,3,tristan,2,0,,
after,trap_wholesale,3,pinky,3,3,35,
after,trap_wholesale,3,lo,2,2,,
after,trap_wholesale,3,bruce_loose,1,0,,
after,trap_wholesale,3,wispa,1,2,,
after,trap_wholesale,3,lil_smack,1,0,,
after,trap_wholesale,3,reggie,1,0,,
after,trap_wholesale,3,bunmi,2,2,,
after,trap_wholesale,3,don_chuy,1,0,,
after,trap_wholesale,3,brenda,2,2,,
after,trap_wholesale,3,anfeesa,2,2,,
after,trap_wholesale,3,phil,1,0,,
after,trap_wholesale,3,tasha,1,2,,
after,trap_wholesale,3,iron_jaw,1,0,,
before,trap_wholesale,4,ceo_assistant_001,3,4,33,
before,trap_wholesale,4,rookoko,1,0,,
before,trap_wholesale,4,bllad33,1,0,,
before,trap_wholesale,4,ogun,1,0,,
before,trap_wholesale,4,coffe,1,0,,
before,trap_wholesale,4,velvet,2,3,,
before,trap_wholesale,4,june,3,3,29,
before,trap_wholesale,4,okada,1,0,,
before,trap_wholesale,4,hina,2,3,,
before,trap_wholesale,4,lo,2,3,,
before,trap_wholesale,4,anfeesa,3,3,34,
before,trap_wholesale,4,kiki,2,3,,
before,trap_wholesale,4,bruce_loose,1,0,,
before,trap_wholesale,4,tristan,2,0,,
before,trap_wholesale,4,brenda,2,2,,
before,trap_wholesale,4,wispa,2,2,,
before,trap_wholesale,4,reggie,1,0,,
before,trap_wholesale,4,tasha,2,2,,
before,trap_wholesale,4,iron_jaw,1,0,,
before,trap_wholesale,4,pinky,2,2,,
before,trap_wholesale,4,uncle_sunday,1,0,,
before,trap_wholesale,4,lil_smack,1,0,,
before,trap_wholesale,4,bunmi,1,2,,
before,trap_wholesale,4,kaede,2,2,,
before,trap_wholesale,4,phil,1,0,,
before,trap_wholesale,4,don_chuy,1,0,,
before,trap_wholesale,5,ceo_assistant_001,2,4,,
before,trap_wholesale,5,bllad33,1,0,,
before,trap_wholesale,5,ogun,1,0,,
before,trap_wholesale,5,coffe,1,0,,
before,trap_wholesale,5,bruce_loose,1,0,,
before,trap_wholesale,5,velvet,3,3,29,
before,trap_wholesale,5,june,3,3,30,
before,trap_wholesale,5,lo,2,3,,
before,trap_wholesale,5,rookoko,1,0,,
before,trap_wholesale,5,anfeesa,3,3,32,
before,trap_wholesale,5,okada,1,0,,
before,trap_wholesale,5,hina,2,3,,
before,trap_wholesale,5,kiki,3,3,35,
before,trap_wholesale,5,reggie,1,0,,
before,trap_wholesale,5,tristan,2,0,,
before,trap_wholesale,5,tasha,2,2,,
before,trap_wholesale,5,uncle_sunday,1,0,,
before,trap_wholesale,5,lil_smack,1,0,,
before,trap_wholesale,5,pinky,2,2,,
before,trap_wholesale,5,bunmi,2,2,,
before,trap_wholesale,5,wispa,2,2,,
before,trap_wholesale,5,brenda,2,2,,
before,trap_wholesale,5,phil,1,0,,
before,trap_wholesale,5,iron_jaw,1,0,,
before,trap_wholesale,5,kaede,2,2,,
before,trap_wholesale,5,don_chuy,1,0,,
after,trap_wholesale,4,ceo_assistant_001,2,3,,
after,trap_wholesale,4,bllad33,1,0,,
after,trap_wholesale,4,ogun,1,0,,
after,trap_wholesale,4,coffe,1,0,,
after,trap_wholesale,4,kaede,2,3,,
after,trap_wholesale,4,velvet,2,3,,
after,trap_wholesale,4,june,3,3,18,
after,trap_wholesale,4,lo,2,3,,
after,trap_wholesale,4,brenda,3,3,34,
after,trap_wholesale,4,rookoko,1,0,,
after,trap_wholesale,4,bruce_loose,1,0,,
after,trap_wholesale,4,okada,1,0,,
after,trap_wholesale,4,hina,3,3,35,
after,trap_wholesale,4,kiki,2,2,,
after,trap_wholesale,4,anfeesa,2,2,,
after,trap_wholesale,4,reggie,1,0,,
after,trap_wholesale,4,tristan,2,0,,
after,trap_wholesale,4,tasha,2,2,,
after,trap_wholesale,4,wispa,2,2,,
after,trap_wholesale,4,pinky,2,2,,
after,trap_wholesale,4,bunmi,2,2,,
after,trap_wholesale,4,iron_jaw,1,0,,
after,trap_wholesale,4,lil_smack,1,0,,
after,trap_wholesale,4,don_chuy,1,0,,
after,trap_wholesale,5,ceo_assistant_001,3,4,26,
after,trap_wholesale,5,june,3,3,27,
after,trap_wholesale,5,bllad33,1,0,,
after,trap_wholesale,5,ogun,1,0,,
after,trap_wholesale,5,coffe,1,0,,
after,trap_wholesale,5,bruce_loose,1,0,,
after,trap_wholesale,5,velvet,2,3,,
after,trap_wholesale,5,okada,1,0,,
after,trap_wholesale,5,hina,2,3,,
after,trap_wholesale,5,rookoko,1,0,,
after,trap_wholesale,5,lo,2,3,,
after,trap_wholesale,5,kiki,2,3,,
after,trap_wholesale,5,anfeesa,2,3,,
after,trap_wholesale,5,tristan,2,0,,
after,trap_wholesale,5,pinky,3,3,34,
after,trap_wholesale,5,kaede,3,3,35,
after,trap_wholesale,5,reggie,1,0,,
after,trap_wholesale,5,tasha,2,2,,
after,trap_wholesale,5,iron_jaw,1,0,,
after,trap_wholesale,5,bunmi,2,2,,
after,trap_wholesale,5,don_chuy,1,0,,
after,trap_wholesale,5,wispa,2,2,,
after,trap_wholesale,5,uncle_sunday,1,0,,
after,trap_wholesale,5,phil,1,0,,
before,trap_wholesale,6,ceo_assistant_001,1,3,,
before,trap_wholesale,6,rookoko,1,0,,
before,trap_wholesale,6,bllad33,1,0,,
before,trap_wholesale,6,ogun,1,0,,
before,trap_wholesale,6,coffe,1,0,,
before,trap_wholesale,6,velvet,2,3,,
before,trap_wholesale,6,june,3,3,20,
before,trap_wholesale,6,lo,2,3,,
before,trap_wholesale,6,okada,1,0,,
before,trap_wholesale,6,hina,2,3,,
before,trap_wholesale,6,anfeesa,2,3,,
before,trap_wholesale,6,bruce_loose,1,0,,
before,trap_wholesale,6,kaede,3,3,21,
before,trap_wholesale,6,kiki,2,3,,
before,trap_wholesale,6,reggie,1,0,,
before,trap_wholesale,6,tristan,2,0,,
before,trap_wholesale,6,tasha,2,3,,
before,trap_wholesale,6,pinky,2,2,,
before,trap_wholesale,6,brenda,2,2,,
before,trap_wholesale,6,bunmi,2,2,,
before,trap_wholesale,6,wispa,2,2,,
before,trap_wholesale,6,iron_jaw,1,0,,
before,trap_wholesale,6,don_chuy,1,0,,
before,trap_wholesale,6,lil_smack,1,0,,
after,trap_wholesale,6,ceo_assistant_001,3,4,34,
after,trap_wholesale,6,okada,1,0,,
after,trap_wholesale,6,hina,2,3,,
after,trap_wholesale,6,bllad33,1,0,,
after,trap_wholesale,6,ogun,1,0,,
after,trap_wholesale,6,coffe,1,0,,
after,trap_wholesale,6,velvet,2,3,,
after,trap_wholesale,6,june,3,3,22,
after,trap_wholesale,6,lo,2,3,,
after,trap_wholesale,6,kaede,2,3,,
after,trap_wholesale,6,anfeesa,2,3,,
after,trap_wholesale,6,rookoko,1,0,,
after,trap_wholesale,6,kiki,2,2,,
after,trap_wholesale,6,bruce_loose,1,0,,
after,trap_wholesale,6,tristan,2,0,,
after,trap_wholesale,6,reggie,1,0,,
after,trap_wholesale,6,pinky,2,2,,
after,trap_wholesale,6,tasha,2,2,,
after,trap_wholesale,6,iron_jaw,1,0,,
after,trap_wholesale,6,lil_smack,1,0,,
after,trap_wholesale,6,bunmi,2,2,,
after,trap_wholesale,6,wispa,1,2,,
after,trap_wholesale,6,brenda,1,2,,
after,trap_wholesale,6,uncle_sunday,1,0,,
after,trap_wholesale,6,don_chuy,1,0,,
before,trap_wholesale,7,ceo_assistant_001,2,4,,
before,trap_wholesale,7,okada,1,0,,
before,trap_wholesale,7,hina,1,3,,
before,trap_wholesale,7,bllad33,1,0,,
before,trap_wholesale,7,ogun,1,0,,
before,trap_wholesale,7,coffe,1,0,,
before,trap_wholesale,7,brenda,2,3,,
before,trap_wholesale,7,velvet,2,3,,
before,trap_wholesale,7,june,3,3,29,
before,trap_wholesale,7,bruce_loose,1,0,,
before,trap_wholesale,7,rookoko,1,0,,
before,trap_wholesale,7,lo,2,3,,
before,trap_wholesale,7,kaede,3,3,20,
before,trap_wholesale,7,anfeesa,2,2,,
before,trap_wholesale,7,kiki,2,2,,
before,trap_wholesale,7,tristan,2,0,,
before,trap_wholesale,7,wispa,2,2,,
before,trap_wholesale,7,reggie,1,0,,
before,trap_wholesale,7,pinky,2,2,,
before,trap_wholesale,7,bunmi,2,2,,
before,trap_wholesale,7,phil,1,0,,
before,trap_wholesale,7,don_chuy,1,0,,
before,trap_wholesale,7,tasha,2,2,,
before,trap_wholesale,8,ceo_assistant_001,2,3,,
before,trap_wholesale,8,okada,1,0,,
before,trap_wholesale,8,hina,2,3,,
before,trap_wholesale,8,brenda,2,3,,
before,trap_wholesale,8,bllad33,1,0,,
before,trap_wholesale,8,ogun,1,0,,
before,trap_wholesale,8,coffe,1,0,,
before,trap_wholesale,8,velvet,1,3,,
before,trap_wholesale,8,june,3,3,32,
before,trap_wholesale,8,lo,3,3,33,
before,trap_wholesale,8,rookoko,1,0,,
before,trap_wholesale,8,bruce_loose,1,0,,
before,trap_wholesale,8,anfeesa,2,3,,
before,trap_wholesale,8,kiki,3,2,22,
before,trap_wholesale,8,tristan,2,0,,
before,trap_wholesale,8,pinky,2,2,,
before,trap_wholesale,8,tasha,2,2,,
before,trap_wholesale,8,reggie,1,0,,
before,trap_wholesale,8,iron_jaw,1,0,,
before,trap_wholesale,8,lil_smack,1,0,,
before,trap_wholesale,8,bunmi,2,2,,
before,trap_wholesale,8,wispa,2,2,,
before,trap_wholesale,8,kaede,2,2,,
before,trap_wholesale,8,uncle_sunday,1,0,,
after,trap_wholesale,7,ceo_assistant_001,2,3,,
after,trap_wholesale,7,okada,1,0,,
after,trap_wholesale,7,hina,2,3,,
after,trap_wholesale,7,bllad33,1,0,,
after,trap_wholesale,7,ogun,1,0,,
after,trap_wholesale,7,coffe,1,0,,
after,trap_wholesale,7,velvet,2,3,,
after,trap_wholesale,7,june,3,3,21,
after,trap_wholesale,7,lo,2,3,,
after,trap_wholesale,7,kaede,3,3,19,
after,trap_wholesale,7,rookoko,1,0,,
after,trap_wholesale,7,anfeesa,2,2,,
after,trap_wholesale,7,bruce_loose,1,0,,
after,trap_wholesale,7,kiki,2,2,,
after,trap_wholesale,7,tristan,2,0,,
after,trap_wholesale,7,reggie,1,0,,
after,trap_wholesale,7,wispa,2,2,,
after,trap_wholesale,7,pinky,1,2,,
after,trap_wholesale,7,uncle_sunday,1,0,,
after,trap_wholesale,7,tasha,2,2,,
after,trap_wholesale,7,bunmi,2,2,,
after,trap_wholesale,7,iron_jaw,1,0,,
after,trap_wholesale,7,brenda,2,2,,
after,trap_wholesale,7,lil_smack,1,0,,
after,trap_wholesale,7,don_chuy,1,0,,
after,trap_wholesale,7,bonesworth,1,0,,
after,trap_wholesale,8,ceo_assistant_001,3,4,35,
after,trap_wholesale,8,bruce_loose,1,0,,
after,trap_wholesale,8,rookoko,1,0,,
after,trap_wholesale,8,bllad33,1,0,,
after,trap_wholesale,8,ogun,1,0,,
after,trap_wholesale,8,coffe,1,0,,
after,trap_wholesale,8,velvet,2,3,,
after,trap_wholesale,8,june,3,3,30,
after,trap_wholesale,8,okada,1,0,,
after,trap_wholesale,8,hina,2,3,,
after,trap_wholesale,8,brenda,2,3,,
after,trap_wholesale,8,kiki,2,3,,
after,trap_wholesale,8,tristan,2,0,,
after,trap_wholesale,8,reggie,1,0,,
after,trap_wholesale,8,pinky,2,3,,
after,trap_wholesale,8,lil_smack,1,0,,
after,trap_wholesale,8,wispa,2,2,,
after,trap_wholesale,8,bunmi,2,2,,
after,trap_wholesale,8,tasha,2,2,,
after,trap_wholesale,8,iron_jaw,1,0,,
after,trap_wholesale,8,kaede,2,2,,
after,trap_wholesale,8,uncle_sunday,1,0,,
after,trap_wholesale,8,lo,2,2,,
after,trap_wholesale,8,don_chuy,1,0,,
after,trap_wholesale,8,anfeesa,2,2,,
before,trap_wholesale,9,ceo_assistant_001,3,4,33,
before,trap_wholesale,9,bllad33,1,0,,
before,trap_wholesale,9,ogun,1,0,,
before,trap_wholesale,9,coffe,1,0,,
before,trap_wholesale,9,brenda,2,3,,
before,trap_wholesale,9,velvet,2,3,,
before,trap_wholesale,9,june,3,3,22,
before,trap_wholesale,9,lo,2,3,,
before,trap_wholesale,9,rookoko,1,0,,
before,trap_wholesale,9,okada,1,0,,
before,trap_wholesale,9,hina,2,3,,
before,trap_wholesale,9,anfeesa,2,3,,
before,trap_wholesale,9,kaede,3,3,35,
before,trap_wholesale,9,kiki,2,2,,
before,trap_wholesale,9,tristan,2,0,,
before,trap_wholesale,9,bruce_loose,1,0,,
before,trap_wholesale,9,tasha,2,2,,
before,trap_wholesale,9,reggie,1,0,,
before,trap_wholesale,9,iron_jaw,1,0,,
before,trap_wholesale,9,pinky,2,2,,
before,trap_wholesale,9,bunmi,2,2,,
before,trap_wholesale,9,wispa,2,2,,
after,trap_wholesale,9,ceo_assistant_001,3,4,33,
after,trap_wholesale,9,okada,1,0,,
after,trap_wholesale,9,hina,2,3,,
after,trap_wholesale,9,bllad33,1,0,,
after,trap_wholesale,9,ogun,1,0,,
after,trap_wholesale,9,coffe,1,0,,
after,trap_wholesale,9,velvet,3,3,30,
after,trap_wholesale,9,june,3,3,31,
after,trap_wholesale,9,lo,2,3,,
after,trap_wholesale,9,bruce_loose,1,0,,
after,trap_wholesale,9,rookoko,1,0,,
after,trap_wholesale,9,anfeesa,2,3,,
after,trap_wholesale,9,kaede,3,3,34,
after,trap_wholesale,9,kiki,3,3,35,
after,trap_wholesale,9,reggie,1,0,,
after,trap_wholesale,9,tristan,2,0,,
after,trap_wholesale,9,wispa,2,2,,
after,trap_wholesale,9,pinky,2,2,,
after,trap_wholesale,9,tasha,2,2,,
after,trap_wholesale,9,iron_jaw,1,0,,
after,trap_wholesale,9,bunmi,2,2,,
after,trap_wholesale,9,brenda,2,2,,
after,trap_wholesale,9,lil_smack,1,0,,
after,trap_wholesale,9,don_chuy,1,0,,
before,trap_wholesale,10,ceo_assistant_001,3,4,33,
before,trap_wholesale,10,okada,1,0,,
before,trap_wholesale,10,hina,2,3,,
before,trap_wholesale,10,bllad33,1,0,,
before,trap_wholesale,10,ogun,1,0,,
before,trap_wholesale,10,coffe,1,0,,
before,trap_wholesale,10,velvet,2,3,,
before,trap_wholesale,10,june,2,3,,
before,trap_wholesale,10,lo,2,3,,
before,trap_wholesale,10,rookoko,1,0,,
before,trap_wholesale,10,anfeesa,1,2,,
before,trap_wholesale,10,brenda,2,2,,
before,trap_wholesale,10,kiki,1,2,,
before,trap_wholesale,10,tristan,2,0,,
before,trap_wholesale,10,tasha,2,2,,
before,trap_wholesale,10,pinky,2,2,,
before,trap_wholesale,10,wispa,2,2,,
before,trap_wholesale,10,reggie,1,0,,
before,trap_wholesale,10,iron_jaw,1,0,,
before,trap_wholesale,10,bunmi,2,2,,
before,trap_wholesale,10,uncle_sunday,1,0,,
before,trap_wholesale,10,phil,1,0,,
before,trap_wholesale,10,bruce_loose,1,0,,
before,trap_wholesale,10,don_chuy,1,0,,
before,trap_wholesale,10,kaede,1,2,,
before,collector,1,ceo_assistant_001,3,4,24,
before,collector,1,brenda,2,3,,
before,collector,1,bllad33,1,0,,
before,collector,1,ogun,1,0,,
before,collector,1,coffe,1,0,,
before,collector,1,june,4,3,7,24
before,collector,1,kaede,3,3,27,
before,collector,1,wispa,2,3,,
before,collector,1,kiki,2,3,,
before,collector,1,velvet,2,3,,
before,collector,1,pinky,2,3,,
before,collector,1,bruce_loose,1,0,,
before,collector,1,tasha,2,3,,
before,collector,1,tristan,2,0,,
before,collector,1,iron_jaw,1,0,,
before,collector,1,reggie,1,0,,
before,collector,1,lil_smack,1,0,,
before,collector,1,bunmi,2,3,,
before,collector,1,okada,1,0,,
before,collector,1,hina,2,3,,
before,collector,1,uncle_sunday,1,0,,
before,collector,1,phil,1,0,,
before,collector,1,deacon_brass,1,0,,
before,collector,1,don_chuy,1,0,,
after,trap_wholesale,10,ceo_assistant_001,2,4,,
after,trap_wholesale,10,rookoko,1,0,,
after,trap_wholesale,10,bllad33,1,0,,
after,trap_wholesale,10,ogun,1,0,,
after,trap_wholesale,10,coffe,1,0,,
after,trap_wholesale,10,velvet,1,3,,
after,trap_wholesale,10,june,3,3,21,
after,trap_wholesale,10,lo,2,3,,
after,trap_wholesale,10,anfeesa,2,3,,
after,trap_wholesale,10,okada,1,0,,
after,trap_wholesale,10,hina,2,3,,
after,trap_wholesale,10,kiki,2,3,,
after,trap_wholesale,10,reggie,1,0,,
after,trap_wholesale,10,tristan,2,0,,
after,trap_wholesale,10,tasha,2,2,,
after,trap_wholesale,10,wispa,1,2,,
after,trap_wholesale,10,kaede,3,2,24,
after,trap_wholesale,10,lil_smack,1,0,,
after,trap_wholesale,10,iron_jaw,1,0,,
after,trap_wholesale,10,brenda,2,2,,
after,trap_wholesale,10,bunmi,1,2,,
after,trap_wholesale,10,pinky,2,2,,
after,trap_wholesale,10,bruce_loose,1,0,,
after,trap_wholesale,10,don_chuy,1,0,,
after,collector,1,ceo_assistant_001,2,3,,
after,collector,1,bllad33,1,0,,
after,collector,1,ogun,1,0,,
after,collector,1,coffe,1,0,,
after,collector,1,june,4,3,8,23
after,collector,1,velvet,2,3,,
after,collector,1,kaede,2,3,,
after,collector,1,okada,1,0,,
after,collector,1,hina,2,3,,
after,collector,1,pinky,3,3,33,
after,collector,1,tristan,2,0,,
after,collector,1,kiki,2,3,,
after,collector,1,reggie,1,0,,
after,collector,1,tasha,2,3,,
after,collector,1,iron_jaw,1,0,,
after,collector,1,wispa,1,2,,
after,collector,1,lil_smack,1,0,,
after,collector,1,bruce_loose,1,0,,
after,collector,1,phil,1,0,,
after,collector,1,ms_patrice,2,2,,
after,collector,1,brenda,2,2,,
after,collector,1,nightshade,2,2,,
after,collector,1,don_chuy,1,0,,
before,collector,2,ceo_assistant_001,3,4,7,
before,collector,2,june,4,3,9,27
before,collector,2,bllad33,1,0,,
before,collector,2,ogun,1,0,,
before,collector,2,coffe,1,0,,
before,collector,2,bruce_loose,1,0,,
before,collector,2,velvet,2,3,,
before,collector,2,kiki,3,3,29,
before,collector,2,okada,1,0,,
before,collector,2,hina,2,3,,
before,collector,2,tristan,2,0,,
before,collector,2,pinky,2,3,,
before,collector,2,reggie,1,0,,
before,collector,2,wispa,3,3,32,
before,collector,2,kaede,3,3,33,
before,collector,2,lil_smack,1,0,,
before,collector,2,brenda,3,3,34,
before,collector,2,phil,1,0,,
before,collector,2,tasha,3,3,35,
before,collector,2,bunmi,2,2,,
before,collector,2,nightshade,2,2,,
before,collector,2,don_chuy,1,0,,
before,collector,2,rookoko,1,0,,
before,collector,2,iron_jaw,1,0,,
after,collector,2,ceo_assistant_001,2,4,,
after,collector,2,kaede,2,3,,
after,collector,2,bllad33,1,0,,
after,collector,2,ogun,1,0,,
after,collector,2,coffe,1,0,,
after,collector,2,bruce_loose,1,0,,
after,collector,2,june,4,3,8,26
after,collector,2,tasha,3,3,27,
after,collector,2,velvet,3,3,28,
after,collector,2,kiki,2,3,,
after,collector,2,tristan,2,0,,
after,collector,2,reggie,1,0,,
after,collector,2,pinky,2,3,,
after,collector,2,okada,1,0,,
after,collector,2,hina,2,3,,
after,collector,2,wispa,3,3,35,
after,collector,2,uncle_sunday,1,0,,
after,collector,2,iron_jaw,1,0,,
after,collector,2,bunmi,2,2,,
after,collector,2,phil,1,0,,
after,collector,2,emberly,2,2,,
after,collector,2,rookoko,1,0,,
after,collector,2,lil_smack,1,0,,
after,collector,2,brenda,2,2,,
after,collector,2,don_chuy,1,0,,
before,collector,3,ceo_assistant_001,3,5,21,
before,collector,3,bllad33,1,0,,
before,collector,3,ogun,1,0,,
before,collector,3,coffe,1,0,,
before,collector,3,june,4,4,13,22
before,collector,3,velvet,3,4,34,
before,collector,3,kaede,3,4,25,
before,collector,3,kiki,3,3,26,
before,collector,3,reggie,1,0,,
before,collector,3,bruce_loose,1,0,,
before,collector,3,pinky,3,3,14,
before,collector,3,wispa,2,3,,
before,collector,3,tasha,2,3,,
before,collector,3,tristan,2,0,,
before,collector,3,lil_smack,1,0,,
before,collector,3,iron_jaw,1,0,,
before,collector,3,brenda,2,3,,
before,collector,3,phil,1,0,,
before,collector,3,okada,1,0,,
before,collector,3,hina,2,3,,
before,collector,3,deacon_brass,1,0,,
before,collector,3,don_chuy,1,0,,
before,collector,4,ceo_assistant_001,3,3,33,
before,collector,4,kaede,2,2,,
before,collector,4,june,3,2,9,
before,collector,4,bllad33,1,0,,
before,collector,4,ogun,1,0,,
before,collector,4,coffe,1,0,,
before,collector,4,brenda,1,2,,
before,collector,4,bruce_loose,1,0,,
before,collector,4,tasha,2,2,,
before,collector,4,reggie,1,0,,
before,collector,4,pinky,1,2,,
before,collector,4,kiki,2,2,,
before,collector,4,velvet,2,2,,
before,collector,4,wispa,1,2,,
before,collector,4,tristan,2,0,,
before,collector,4,iron_jaw,1,0,,
before,collector,4,okada,1,0,,
before,collector,4,hina,1,1,,
before,collector,4,phil,1,0,,
before,collector,4,uncle_sunday,1,0,,
before,collector,4,bunmi,1,1,,
before,collector,4,deacon_brass,1,0,,
before,collector,4,lil_smack,1,0,,
before,collector,4,don_chuy,1,0,,
after,collector,3,ceo_assistant_001,2,3,,
after,collector,3,bllad33,1,0,,
after,collector,3,ogun,1,0,,
after,collector,3,coffe,1,0,,
after,collector,3,kaede,2,3,,
after,collector,3,june,4,3,7,19
after,collector,3,velvet,2,3,,
after,collector,3,brenda,2,3,,
after,collector,3,kiki,3,3,29,
after,collector,3,okada,1,0,,
after,collector,3,hina,2,3,,
after,collector,3,tristan,2,0,,
after,collector,3,pinky,3,3,31,
after,collector,3,reggie,1,0,,
after,collector,3,lil_smack,1,0,,
after,collector,3,wispa,2,3,,
after,collector,3,bruce_loose,1,0,,
after,collector,3,tasha,2,3,,
after,collector,3,bunmi,3,3,35,
after,collector,3,phil,1,0,,
after,collector,3,don_chuy,1,0,,
after,collector,3,iron_jaw,1,0,,
after,collector,4,ceo_assistant_001,3,3,22,
after,collector,4,june,4,3,9,25
after,collector,4,bllad33,1,0,,
after,collector,4,ogun,1,0,,
after,collector,4,coffe,1,0,,
after,collector,4,bruce_loose,1,0,,
after,collector,4,kaede,2,3,,
after,collector,4,brenda,2,3,,
after,collector,4,velvet,2,3,,
after,collector,4,rookoko,1,0,,
after,collector,4,okada,1,0,,
after,collector,4,hina,3,3,29,
after,collector,4,reggie,1,0,,
after,collector,4,pinky,3,3,30,
after,collector,4,wispa,2,3,,
after,collector,4,kiki,3,3,20,
after,collector,4,tasha,2,3,,
after,collector,4,tristan,2,0,,
after,collector,4,uncle_sunday,1,0,,
after,collector,4,iron_jaw,1,0,,
after,collector,4,lil_smack,1,0,,
after,collector,4,don_chuy,1,0,,
after,collector,4,phil,1,0,,
after,collector,4,bunmi,2,3,,
after,collector,4,deacon_brass,1,0,,
before,collector,5,ceo_assistant_001,3,4,21,
before,collector,5,june,4,3,6,22
before,collector,5,kaede,3,3,26,
before,collector,5,bllad33,1,0,,
before,collector,5,ogun,1,0,,
before,collector,5,coffe,1,0,,
before,collector,5,brenda,2,3,,
before,collector,5,bruce_loose,1,0,,
before,collector,5,deacon_brass,1,0,,
before,collector,5,kiki,2,3,,
before,collector,5,pinky,2,3,,
before,collector,5,reggie,1,0,,
before,collector,5,velvet,2,3,,
before,collector,5,wispa,3,3,32,
before,collector,5,tasha,2,3,,
before,collector,5,tristan,2,0,,
before,collector,5,uncle_sunday,1,0,,
before,collector,5,lil_smack,1,0,,
before,collector,5,iron_jaw,1,0,,
before,collector,5,okada,1,0,,
before,collector,5,hina,2,3,,
before,collector,5,phil,1,0,,
before,collector,5,bunmi,2,3,,
before,collector,5,don_chuy,1,0,,
after,collector,5,ceo_assistant_001,2,3,,
after,collector,5,june,3,3,10,
after,collector,5,kaede,3,3,34,
after,collector,5,bllad33,1,0,,
after,collector,5,ogun,1,0,,
after,collector,5,coffe,1,0,,
after,collector,5,bruce_loose,1,0,,
after,collector,5,reggie,1,0,,
after,collector,5,brenda,2,2,,
after,collector,5,okada,1,0,,
after,collector,5,hina,2,2,,
after,collector,5,velvet,2,2,,
after,collector,5,pinky,2,2,,
after,collector,5,wispa,2,2,,
after,collector,5,tristan,2,0,,
after,collector,5,kiki,3,2,20,
after,collector,5,tasha,2,2,,
after,collector,5,iron_jaw,1,0,,
after,collector,5,phil,1,0,,
after,collector,5,bunmi,1,2,,
after,collector,5,deacon_brass,1,0,,
after,collector,5,lil_smack,1,0,,
before,collector,6,ceo_assistant_001,3,4,33,
before,collector,6,june,4,4,7,21
before,collector,6,bllad33,1,0,,
before,collector,6,ogun,1,0,,
before,collector,6,coffe,1,0,,
before,collector,6,kaede,3,3,9,
before,collector,6,velvet,2,3,,
before,collector,6,brenda,2,3,,
before,collector,6,bruce_loose,1,0,,
before,collector,6,okada,1,0,,
before,collector,6,hina,3,3,27,
before,collector,6,reggie,1,0,,
before,collector,6,pinky,3,3,28,
before,collector,6,kiki,3,3,29,
before,collector,6,tasha,3,3,32,
before,collector,6,tristan,2,0,,
before,collector,6,lil_smack,1,0,,
before,collector,6,don_chuy,1,0,,
before,collector,6,phil,1,0,,
before,collector,6,wispa,2,3,,
before,collector,6,iron_jaw,1,0,,
before,collector,6,bunmi,3,3,34,
after,collector,6,ceo_assistant_001,3,5,33,
after,collector,6,june,4,4,7,19
after,collector,6,bllad33,1,0,,
after,collector,6,ogun,1,0,,
after,collector,6,coffe,1,0,,
after,collector,6,bruce_loose,1,0,,
after,collector,6,kaede,3,4,35,
after,collector,6,velvet,2,3,,
after,collector,6,kiki,3,3,24,
after,collector,6,tristan,2,0,,
after,collector,6,pinky,3,3,27,
after,collector,6,tasha,2,3,,
after,collector,6,reggie,1,0,,
after,collector,6,okada,1,0,,
after,collector,6,hina,2,3,,
after,collector,6,wispa,2,3,,
after,collector,6,iron_jaw,1,0,,
after,collector,6,lil_smack,1,0,,
after,collector,6,phil,1,0,,
after,collector,6,rookoko,1,0,,
after,collector,6,brenda,2,3,,
after,collector,6,deacon_brass,1,0,,
after,collector,6,don_chuy,1,0,,
before,collector,7,ceo_assistant_001,3,3,33,
before,collector,7,june,3,2,9,
before,collector,7,bllad33,1,0,,
before,collector,7,ogun,1,0,,
before,collector,7,coffe,1,0,,
before,collector,7,brenda,2,2,,
before,collector,7,velvet,2,2,,
before,collector,7,kaede,2,2,,
before,collector,7,nightshade,2,2,,
before,collector,7,rookoko,1,0,,
before,collector,7,pinky,2,2,,
before,collector,7,reggie,1,0,,
before,collector,7,kiki,2,2,,
before,collector,7,wispa,1,1,,
before,collector,7,tasha,1,1,,
before,collector,7,okada,1,0,,
before,collector,7,hina,1,1,,
before,collector,7,tristan,2,0,,
before,collector,7,don_chuy,1,0,,
before,collector,7,bruce_loose,1,0,,
before,collector,7,ms_patrice,1,1,,
before,collector,7,phil,1,0,,
before,collector,7,iron_jaw,1,0,,
before,collector,7,moonie,1,1,,
before,collector,7,deacon_brass,1,0,,
before,collector,7,bunmi,1,1,,
before,collector,7,lil_smack,1,0,,
after,collector,7,ceo_assistant_001,3,4,35,
after,collector,7,june,4,3,9,28
after,collector,7,bllad33,1,0,,
after,collector,7,ogun,1,0,,
after,collector,7,coffe,1,0,,
after,collector,7,velvet,2,3,,
after,collector,7,bruce_loose,1,0,,
after,collector,7,brenda,3,3,30,
after,collector,7,okada,1,0,,
after,collector,7,hina,2,3,,
after,collector,7,reggie,1,0,,
after,collector,7,pinky,2,3,,
after,collector,7,kiki,3,3,21,
after,collector,7,wispa,2,3,,
after,collector,7,tristan,2,0,,
after,collector,7,tasha,2,2,,
after,collector,7,bunmi,2,2,,
after,collector,7,lil_smack,1,0,,
after,collector,7,iron_jaw,1,0,,
after,collector,7,kaede,2,2,,
after,collector,7,phil,1,0,,
after,collector,7,ms_patrice,2,2,,
after,collector,7,deacon_brass,1,0,,
after,collector,7,don_chuy,1,0,,
before,collector,8,ceo_assistant_001,3,4,33,
before,collector,8,bllad33,1,0,,
before,collector,8,ogun,1,0,,
before,collector,8,coffe,1,0,,
before,collector,8,brenda,3,3,30,
before,collector,8,june,4,3,8,22
before,collector,8,velvet,2,3,,
before,collector,8,kaede,2,3,,
before,collector,8,bruce_loose,1,0,,
before,collector,8,nightshade,2,3,,
before,collector,8,ms_patrice,1,2,,
before,collector,8,kiki,2,2,,
before,collector,8,pinky,3,2,22,
before,collector,8,reggie,1,0,,
before,collector,8,wispa,2,2,,
before,collector,8,tristan,2,0,,
before,collector,8,okada,1,0,,
before,collector,8,hina,1,2,,
before,collector,8,lil_smack,1,0,,
before,collector,8,phil,1,0,,
before,collector,8,tasha,2,2,,
before,collector,8,bunmi,2,2,,
before,collector,8,iron_jaw,1,0,,
before,collector,8,don_chuy,1,0,,
after,collector,8,ceo_assistant_001,2,4,,
after,collector,8,june,4,3,10,27
after,collector,8,bllad33,1,0,,
after,collector,8,ogun,1,0,,
after,collector,8,coffe,1,0,,
after,collector,8,brenda,2,3,,
after,collector,8,bruce_loose,1,0,,
after,collector,8,kaede,2,3,,
after,collector,8,velvet,2,3,,
after,collector,8,okada,1,0,,
after,collector,8,hina,2,3,,
after,collector,8,deacon_brass,1,0,,
after,collector,8,pinky,2,2,,
after,collector,8,tasha,3,2,19,
after,collector,8,kiki,2,2,,
after,collector,8,wispa,2,2,,
after,collector,8,iron_jaw,1,0,,
after,collector,8,tristan,2,0,,
after,collector,8,phil,1,0,,
after,collector,8,reggie,1,0,,
after,collector,8,bunmi,2,2,,
after,collector,8,moonie,2,2,,
after,collector,8,ms_patrice,2,2,,
after,collector,8,don_chuy,1,0,,
before,collector,9,ceo_assistant_001,3,5,32,
before,collector,9,june,4,4,8,23
before,collector,9,bllad33,1,0,,
before,collector,9,ogun,1,0,,
before,collector,9,coffe,1,0,,
before,collector,9,kaede,3,4,35,
before,collector,9,velvet,2,3,,
before,collector,9,bruce_loose,1,0,,
before,collector,9,reggie,1,0,,
before,collector,9,kiki,2,3,,
before,collector,9,okada,1,0,,
before,collector,9,hina,2,3,,
before,collector,9,uncle_sunday,1,0,,
before,collector,9,pinky,2,3,,
before,collector,9,wispa,3,3,29,
before,collector,9,lil_smack,1,0,,
before,collector,9,tristan,2,0,,
before,collector,9,brenda,3,3,30,
before,collector,9,tasha,3,3,31,
before,collector,9,iron_jaw,1,0,,
before,collector,9,phil,1,0,,
before,collector,9,rookoko,1,0,,
before,collector,9,don_chuy,1,0,,
after,collector,9,ceo_assistant_001,3,4,5,
after,collector,9,bllad33,1,0,,
after,collector,9,ogun,1,0,,
after,collector,9,coffe,1,0,,
after,collector,9,june,4,3,4,18
after,collector,9,bruce_loose,1,0,,
after,collector,9,kaede,3,3,24,
after,collector,9,brenda,2,3,,
after,collector,9,deacon_brass,1,0,,
after,collector,9,kiki,3,3,26,
after,collector,9,velvet,2,3,,
after,collector,9,reggie,1,0,,
after,collector,9,pinky,2,3,,
after,collector,9,tasha,3,3,20,
after,collector,9,wispa,3,3,33,
after,collector,9,okada,1,0,,
after,collector,9,hina,2,3,,
after,collector,9,tristan,2,0,,
after,collector,9,lil_smack,1,0,,
after,collector,9,iron_jaw,1,0,,
after,collector,9,don_chuy,1,0,,
after,collector,9,phil,1,0,,
after,collector,9,bunmi,2,3,,
