id,package,requirement,status,source,native_contract,evidence_path,evidence_sha256,note
A-RICH-fishing_cast,A,Fishing: cast/hold rod,FROZEN — COMPLETE,VOL2 § Rich — OPEN contextual states,"80x96/contact (40,88) unless HUD/composite mapping says otherwise",assets/before_the_fame/characters/rich/rich_fishing_cast_80x96.png,5a28fd47156b93f9282033eb84db2c6fab7ff362d6390e03ba452e3145c1fc65,
A-RICH-holding_fish,A,Fishing: hold caught fish away,FROZEN — COMPLETE,VOL2 § Rich — OPEN contextual states,"80x96/contact (40,88) unless HUD/composite mapping says otherwise",assets/before_the_fame/characters/rich/rich_holding_fish_away_80x96.png,960a9a4bdbaee810640dccf91026f22e95a43ecf5c95ff54762a87aa2b86b4e6,
A-RICH-ramen,A,Ramen apron standing counter state,FROZEN — COMPLETE,VOL2 § Rich — OPEN contextual states,"80x96/contact (40,88) unless HUD/composite mapping says otherwise",assets/before_the_fame/characters/rich/rich_ramen_apron_corrected_80x96.png,9c2ba5ab7175cffb0d5c71040bf8461c3dd3e82320605009a0781ffc353d2019,
A-RICH-laptop_seated,A,Laptop seated,FROZEN — COMPLETE,VOL2 § Rich — OPEN contextual states,"80x96/contact (40,88) unless HUD/composite mapping says otherwise",assets/before_the_fame/characters/rich/rich_laptop_seated_80x96.png,a18ecf0d5c57d74f2be77a671faea5a6c01e7c6c60b00787d3f08c22499637b0,
A-RICH-laptop_nod,A,Laptop nod,FROZEN — COMPLETE,VOL2 § Rich — OPEN contextual states,"80x96/contact (40,88) unless HUD/composite mapping says otherwise",assets/before_the_fame/characters/rich/rich_laptop_nod_80x96.png,601c3fb46a87a6a8843a7569ed978a46118ce94d7ff864a0dc7aeb5e0fb63379,
A-RICH-on_stage,A,On-stage mic performance,FROZEN — COMPLETE,VOL2 § Rich — OPEN contextual states,"80x96/contact (40,88) unless HUD/composite mapping says otherwise",assets/before_the_fame/characters/rich/rich_on_stage_80x96.png,c78240fa2c7952bc3a5c96189e2e99967e41fee6d05ca31b6a9ae9dce1917615,
A-RICH-touge_locked,A,TOUGE HUD locked-in face,NATIVE CANDIDATE — PRODUCED,VOL2 § Rich — OPEN contextual states,"80x96/contact (40,88) unless HUD/composite mapping says otherwise",art_department/ships/art_ship_014/native_candidates/A-RICH-touge_locked.png,4928b3a5b83e430fd2e2e44af9a3ab1d8adf6b78d9265a3fe9b4b8d7d5b7bafc,Native candidate only; not approved/frozen/runtime-integrated.
A-RICH-touge_spun,A,TOUGE HUD spun-out face,NATIVE CANDIDATE — PRODUCED,VOL2 § Rich — OPEN contextual states,"80x96/contact (40,88) unless HUD/composite mapping says otherwise",art_department/ships/art_ship_014/native_candidates/A-RICH-touge_spun.png,4928b3a5b83e430fd2e2e44af9a3ab1d8adf6b78d9265a3fe9b4b8d7d5b7bafc,Native candidate only; not approved/frozen/runtime-integrated.
A-RICH-riding_mazda,A,Riding Mazda composite,NATIVE CANDIDATE — PRODUCED,VOL2 § Rich — OPEN contextual states,"80x96/contact (40,88) unless HUD/composite mapping says otherwise",art_department/ships/art_ship_014/native_candidates/A-RICH-riding_mazda.png,e365edfafe3852d99df503eea4ebf89609bbfabe6ca3814f3959cbe0e6cf130b,Native candidate only; not approved/frozen/runtime-integrated.
A-RICH-hungover,A,Hungover throne/bedroom read,CONDITIONAL — EXISTING ART MUST BE TESTED FIRST,VOL2 § Rich — OPEN contextual states,"80x96/contact (40,88) unless HUD/composite mapping says otherwise",,,
A-RICH-portobello_standing,A,Portobello standing,FROZEN — COMPLETE,VOL2 § Rich — OPEN contextual states,"80x96/contact (40,88) unless HUD/composite mapping says otherwise",assets/before_the_fame/characters/rich_portobello/rich_portobello_standing_80x96.png,022a83c5c5adae243820241af7eb4d66b7c1be9cb19ed4eaf1ed7973af38ce27,
A-RICH-portobello_presenting,A,Portobello presenting,FROZEN — COMPLETE,VOL2 § Rich — OPEN contextual states,"80x96/contact (40,88) unless HUD/composite mapping says otherwise",assets/before_the_fame/characters/rich_portobello/rich_portobello_presenting_80x96.png,3803ef5e8b3caa8cecc035613b2dd1f2d94901b505541a95b1eb7e320bcabb25,
A-RICH-portobello_porch,A,Portobello porch seated,FROZEN — COMPLETE,VOL2 § Rich — OPEN contextual states,"80x96/contact (40,88) unless HUD/composite mapping says otherwise",assets/before_the_fame/characters/rich_portobello/rich_portobello_porch_seated_80x96.png,855ee348e4d983292d2056d75cf50e441a33418e26ee67eba3839aec3d400f44,
A-RICH-portobello_wake,A,"Portobello wake scream, only if needed",CONDITIONAL — EXISTING ART MUST BE TESTED FIRST,VOL2 § Rich — OPEN contextual states,"80x96/contact (40,88) unless HUD/composite mapping says otherwise",,,
A-ceo_assistant-date,A,ceo_assistant: date,NATIVE CANDIDATE — PRODUCED,VOL2 § Existing identities — matched-state requests,"80x96/contact (40,88)",art_department/ships/art_ship_014/native_candidates/A-ceo_assistant-date.png,ae43183d26aefc5123c891927c39a86d817612a840a888b688822d707cdb2bc7,Native candidate only; not approved/frozen/runtime-integrated.
A-ceo_assistant-bedroom,A,ceo_assistant: covered bedroom-company pose,NATIVE CANDIDATE — PRODUCED,VOL2 § Existing identities — matched-state requests,"80x96/contact (40,88)",art_department/ships/art_ship_014/native_candidates/A-ceo_assistant-bedroom.png,369b783c6cd0d9192596b6e66468c0d0b0fb0d118e6199256da8f771283255f9,Native candidate only; not approved/frozen/runtime-integrated.
A-cammile-date,A,cammile: date,NATIVE CANDIDATE — PRODUCED,VOL2 § Existing identities — matched-state requests,"80x96/contact (40,88)",art_department/ships/art_ship_014/native_candidates/A-cammile-date.png,ad972dc3c7142a0ae360a69b750dfff2f853b5a529de8c9fc2315842873a7470,Native candidate only; not approved/frozen/runtime-integrated.
A-cammile-bedroom,A,cammile: covered bedroom-company pose,NATIVE CANDIDATE — PRODUCED,VOL2 § Existing identities — matched-state requests,"80x96/contact (40,88)",art_department/ships/art_ship_014/native_candidates/A-cammile-bedroom.png,71de4e7ad45be69763b13d863ef70d659cca72701b83776d04cad3e5a03a843d,Native candidate only; not approved/frozen/runtime-integrated.
A-cammile-touge_spectator,A,cammile: TOUGE spectator,NATIVE CANDIDATE — PRODUCED,VOL2 § Existing identities — matched-state requests,"80x96/contact (40,88)",art_department/ships/art_ship_014/native_candidates/A-cammile-touge_spectator.png,21bacf97a75ea7550560901c5d2dff4e1aa9df90afb1d4cbd39f28f8664e8951,Native candidate only; not approved/frozen/runtime-integrated.
A-bllad33-hookah,A,bllad33: seated with hookah,FROZEN — COMPLETE,VOL2 § Existing identities — matched-state requests,"80x96/contact (40,88)",assets/bllad33/states/bllad33_hookah_seated_80x96.png,bcc056454a2c1a234acbb427b5f53061c7d23b211dfb59079077b874e171b94c,
A-bllad33-dry,A,bllad33: dry reaction,NATIVE CANDIDATE — PRODUCED,VOL2 § Existing identities — matched-state requests,"80x96/contact (40,88)",art_department/ships/art_ship_014/native_candidates/A-bllad33-dry.png,d34091ced073a5bdf5d83c73e9e38ec9a9239bd8fd6821afe9fa780fc083a259,Native candidate only; not approved/frozen/runtime-integrated.
A-coffe-hype,A,coffe: hype,NATIVE CANDIDATE — PRODUCED,VOL2 § Existing identities — matched-state requests,"80x96/contact (40,88)",art_department/ships/art_ship_014/native_candidates/A-coffe-hype.png,46fe1455680450280404ae4e6e7aaffcec23e557b57340fa45a4a10abc38d409,Native candidate only; not approved/frozen/runtime-integrated.
A-coffe-caught,A,coffe: caught,NATIVE CANDIDATE — PRODUCED,VOL2 § Existing identities — matched-state requests,"80x96/contact (40,88)",art_department/ships/art_ship_014/native_candidates/A-coffe-caught.png,ac6c068f7041088a1b647e6dda249eded2c25d1450dc446fb3791d8a292939de,Native candidate only; not approved/frozen/runtime-integrated.
A-uncle_sunday-neutral,A,uncle_sunday: neutral,FROZEN — COMPLETE,VOL2 § Existing identities — matched-state requests,"80x96/contact (40,88)",assets/before_the_fame/characters/uncle_sunday/uncle_sunday_neutral_80x96.png,79ee0ada6bbc4044180fefbd8371ee7ce16d2aa1eeaba998e83c471371ee4f63,
A-uncle_sunday-offended,A,uncle_sunday: offended,FROZEN — COMPLETE,VOL2 § Existing identities — matched-state requests,"80x96/contact (40,88)",assets/before_the_fame/characters/uncle_sunday/uncle_sunday_offended_80x96.png,9d641470dd0e533600f9b6cda719142cca4d799c4e9ae82366af465df6c6bd43,
A-uncle_sunday-melted,A,uncle_sunday: melted,FROZEN — COMPLETE,VOL2 § Existing identities — matched-state requests,"80x96/contact (40,88)",assets/before_the_fame/characters/uncle_sunday/uncle_sunday_melted_80x96.png,0e23acfa3ade6c1045906cabecaf423f4f581d11d0085b4cff6d56188e86d332,
A-uncle_sunday-fishing,A,uncle_sunday: fishing,FROZEN — COMPLETE,VOL2 § Existing identities — matched-state requests,"80x96/contact (40,88)",assets/before_the_fame/characters/uncle_sunday/uncle_sunday_fishing_80x96.png,9e61dc82c076bf88f9d7080ed192351dc14ff2bd7341d05b3cc3d538979ab060,
A-deacon_brass-behind_glass,A,deacon_brass: behind glass case,FROZEN — REUSE SATISFIES REQUIREMENT,VOL2 § Existing identities — matched-state requests,"80x96/contact (40,88)",assets/before_the_fame/characters/deacon_brass/deacon_brass_neutral_80x96.png,746fae3011c67286822941ba67505bb063b8c695169a2baf23e4eb84783bfdce,
A-deacon_brass-blessing,A,deacon_brass: blessing merchandise,FROZEN — COMPLETE,VOL2 § Existing identities — matched-state requests,"80x96/contact (40,88)",assets/before_the_fame/characters/deacon_brass/deacon_brass_blessing_80x96.png,270ab35b2df0229d72c2af91be5b6b393ac0c8a2051559c3c8637f81532d5364,
A-bonesworth-neutral,A,bonesworth: neutral hungover,FROZEN — COMPLETE,VOL2 § Existing identities — matched-state requests,"80x96/contact (40,88)",assets/before_the_fame/characters/bonesworth/sir_bonesworth_hungover_80x96.png,42b1acd8247bf855f73cce165246c2b4079ae1f2070f137800ffe89997f7cafe,
A-bonesworth-telegraph,A,bonesworth: telegraph,FROZEN — COMPLETE,VOL2 § Existing identities — matched-state requests,"80x96/contact (40,88)",assets/before_the_fame/characters/bonesworth/bonesworth_telegraph_80x96.png,726af2a7b70533aacd98038a3fe380a1146b0c9151ffb9872c508e4265626e6d,
A-bonesworth-strike,A,bonesworth: strike,FROZEN — COMPLETE,VOL2 § Existing identities — matched-state requests,"80x96/contact (40,88)",assets/before_the_fame/characters/bonesworth/bonesworth_strike_80x96.png,4c4327cbebbeaa7592e1e70114b04670af553dd1e2eab4173d6fb7f567e908d6,
A-bonesworth-hit,A,bonesworth: hit,FROZEN — COMPLETE,VOL2 § Existing identities — matched-state requests,"80x96/contact (40,88)",assets/before_the_fame/characters/bonesworth/bonesworth_hit_80x96.png,32a2be64e45d60fb9480ca229a23275ff70e2a4c13de1379af26fdfa1f5d587c,
A-bonesworth-defeated,A,bonesworth: defeated,FROZEN — COMPLETE,VOL2 § Existing identities — matched-state requests,"80x96/contact (40,88)",assets/before_the_fame/characters/bonesworth/bonesworth_defeated_80x96.png,38ce0b4f5a6eb0008207bb7643adaa58a0eb3e4fb365c112843a42f09047f862,
A-bruce_loose-neutral,A,bruce_loose: neutral stance,FROZEN — COMPLETE,VOL2 § Existing identities — matched-state requests,"80x96/contact (40,88)",assets/before_the_fame/characters/bruce_loose/bruce_loose_neutral_80x96.png,f3f21e5b8919f46b84a918a32abdd77e07a632dc5fcdcc6c12db9e310f278d46,
A-bruce_loose-strike,A,bruce_loose: strike,FROZEN — COMPLETE,VOL2 § Existing identities — matched-state requests,"80x96/contact (40,88)",assets/before_the_fame/characters/bruce_loose/bruce_strike_80x96.png,ae869b1cff22a81cbf43d0500488ca969b4f6ee1d158949852cc66cc08fb8ef9,
A-bruce_loose-bow,A,bruce_loose: bow,FROZEN — COMPLETE,VOL2 § Existing identities — matched-state requests,"80x96/contact (40,88)",assets/before_the_fame/characters/bruce_loose/bruce_bow_80x96.png,7db0b9ccbd9d6e206bdf22400921750ebe7427f0e09187e765f6cc5e75ace4d9,
A-kevin-neutral,A,kevin: one neutral sprite repeated ×40,FROZEN — COMPLETE,VOL2 § Existing identities — matched-state requests,"80x96/contact (40,88)",assets/before_the_fame/characters/kevin/kagebunshin_kevin_neutral_80x96.png,a009d371273a5d6d617eb05bb6582f8007fdfaab46b0c5775725c0ba3a5288c2,
A-kevin-attack,A,kevin: attack,FROZEN — COMPLETE,VOL2 § Existing identities — matched-state requests,"80x96/contact (40,88)",assets/before_the_fame/characters/kevin/kevin_attack_80x96.png,1492b2bba948b19b37f82422984e8cff36bd74310568134e8d7b90515c4705cc,
A-kevin-poof,A,kevin: cheap smoke-puff poof,FROZEN — COMPLETE,VOL2 § Existing identities — matched-state requests,"80x96/contact (40,88)",assets/before_the_fame/characters/kevin/kevin_poof_80x96.png,04507581e14ce5fae8e91b53fa6be2900006173bc02154c294fe4da1736880a5,
A-phil-day1,A,phil: charging day 1,FROZEN — COMPLETE,VOL2 § Existing identities — matched-state requests,"80x96/contact (40,88)",assets/before_the_fame/characters/phil/power_level_phil_charging_day1_80x96.png,fdbbe7b0665dc1ff63e33b7774a2976963a8c9ef5e4b408fc86d581bae2cfa8e,
A-phil-day3,A,phil: charging day 3,FROZEN — COMPLETE,VOL2 § Existing identities — matched-state requests,"80x96/contact (40,88)",assets/before_the_fame/characters/phil/phil_charging_day3_80x96.png,1609de089d3d893927752c98d6f9af6033dac77d1213a2ab518e4717ffb85af5,
A-phil-plate,A,phil: sitting with a plate,FROZEN — COMPLETE,VOL2 § Existing identities — matched-state requests,"80x96/contact (40,88)",assets/before_the_fame/characters/phil/phil_sitting_plate_80x96.png,58c1a059a421366f8de562f71f016472451a1f46aa3ebc2f150e4b0a69df0095,
A-iron_jaw-neutral,A,iron_jaw: neutral mic,FROZEN — COMPLETE,VOL2 § Existing identities — matched-state requests,"80x96/contact (40,88)",assets/before_the_fame/characters/iron_jaw/iron_jaw_neutral_80x96.png,2b0ebc264fbb9a38f17e048897c1a203072f1bbafa76cf47da866b71bfb1bd61,
A-iron_jaw-rapping,A,iron_jaw: rapping,FROZEN — COMPLETE,VOL2 § Existing identities — matched-state requests,"80x96/contact (40,88)",assets/before_the_fame/characters/iron_jaw/iron_jaw_rapping_80x96.png,9dd750ae491c6bd51a499004172626b2676f9f2afdf0c0f72571e1ed1d314ebf,
A-iron_jaw-defeated,A,iron_jaw: defeated eating chips,FROZEN — COMPLETE,VOL2 § Existing identities — matched-state requests,"80x96/contact (40,88)",assets/before_the_fame/characters/iron_jaw/iron_jaw_defeated_80x96.png,b28b634aee59de9cfa3fc3b25510fd8e0cbc9b0ea84796e2bc1b3adaaba6aab1,
A-hilt-neutral,A,hilt: neutral lunchbox,FROZEN — COMPLETE,VOL2 § Existing identities — matched-state requests,"80x96/contact (40,88)",assets/before_the_fame/characters/hilt/hilt_neutral_80x96.png,e179293708207d5dbe7892dc71bd120ce270490c22141aaf6245d5bf4b46a4e9,
A-hilt-strike,A,hilt: heavy strike,FROZEN — COMPLETE,VOL2 § Existing identities — matched-state requests,"80x96/contact (40,88)",assets/before_the_fame/characters/hilt/hilt_strike_80x96.png,4fe312f8a0e96e63f8463825d5d4e7cbc0f24bf6b7af2df27c6169bb5aefc6c7,
A-hilt-walk,A,hilt: walking away,FROZEN — COMPLETE,VOL2 § Existing identities — matched-state requests,"80x96/contact (40,88)",assets/before_the_fame/characters/hilt/hilt_walk_away_80x96.png,d3e6c0c838cf4cf39912c7b2b9b1c64ee1ae14567d7a425bd4efd78823793742,
A-marisol-anchor,A,marisol: authored OPEN anchor/read,FROZEN — COMPLETE,VOL2 § OPEN identities without frozen masters; later frozen Art authority,"80x96/contact (40,88)",assets/before_the_fame/characters/marisol/marisol_neutral_80x96.png,a906c82b5796e0a6ac7931790c88f7c235672d4b16b977175a10c446a1d80bb7,
A-duchess-anchor,A,duchess: authored OPEN anchor/read,FROZEN — COMPLETE,VOL2 § OPEN identities without frozen masters; later frozen Art authority,"80x96/contact (40,88)",assets/before_the_fame/characters/duchess/duchess_bathory_brown_neutral_80x96.png,487aa9ce49c009a6a30fdc20a6d69ae8f40c908f85adeedb16fc1e7e94a8d6c8,
A-emberly-anchor,A,emberly: authored OPEN anchor/read,FROZEN — COMPLETE,VOL2 § OPEN identities without frozen masters; later frozen Art authority,"80x96/contact (40,88)",assets/before_the_fame/characters/emberly/emberly_neutral_80x96.png,57b0d61d3a7b7b2a7811fd1c382e18b715464701da8f388982d4350be0109e85,
A-jade-anchor,A,jade: authored OPEN anchor/read,FROZEN — COMPLETE,VOL2 § OPEN identities without frozen masters; later frozen Art authority,"80x96/contact (40,88)",assets/before_the_fame/characters/jade/jade_wyrmwood_neutral_80x96.png,f9fe8221111c534170bb595908dd1008ac3f3c5753e51a87ba68a47b7d21482c,
A-lo-anchor,A,lo: authored OPEN anchor/read,FROZEN — COMPLETE,VOL2 § OPEN identities without frozen masters; later frozen Art authority,"80x96/contact (40,88)",assets/before_the_fame/characters/lo/lo_dolores_neutral_80x96.png,c69902507388bb4c81259baccde552170422b62f07ce9c44b88f9ad850c1a882,
A-brenda-anchor,A,brenda: authored OPEN anchor/read,FROZEN — COMPLETE,VOL2 § OPEN identities without frozen masters; later frozen Art authority,"80x96/contact (40,88)",assets/before_the_fame/characters/brenda/brenda_neutral_80x96.png,bf394cabb65b4951fefc8d1ba3910f85e3cdbad870310802bfce407b5609222a,
A-velvet-anchor,A,velvet: authored OPEN anchor/read,FROZEN — COMPLETE,VOL2 § OPEN identities without frozen masters; later frozen Art authority,"80x96/contact (40,88)",assets/before_the_fame/characters/velvet/velvet_vantablack_profile_80x96.png,6ec938de55fa0eee45ed4d5decd30661c1899b85effdac82873ed25ca7355610,
A-anfeesa-anchor,A,anfeesa: authored OPEN anchor/read,FROZEN — COMPLETE,VOL2 § OPEN identities without frozen masters; later frozen Art authority,"80x96/contact (40,88)",assets/before_the_fame/characters/anfeesa/dj_anfeesa_neutral_80x96.png,7c896d24097a7e6d98edf07ea1113ee4750d1147b6b1ab5c5cbe60bd126d9f0f,
A-rookoko-anchor,A,rookoko: authored OPEN anchor/read,FROZEN — COMPLETE,VOL2 § OPEN identities without frozen masters; later frozen Art authority,"80x96/contact (40,88)",assets/before_the_fame/characters/rookoko/rookoko_neutral_80x96.png,ed315afe3431738962162ee58177c4f4cb9de9cdb246d22f57476bc200423ff1,
A-officer_nodd-anchor,A,officer_nodd: authored OPEN anchor/read,FROZEN — COMPLETE,VOL2 § OPEN identities without frozen masters; later frozen Art authority,"80x96/contact (40,88)",assets/before_the_fame/characters/officer_nodd/officer_nodd_neutral_80x96.png,07c4fc9ca7aa09588d0dff63aa61e82dcf6405fd5d7ef2be591dd11a90b1c58c,
A-don_chuy-anchor,A,don_chuy: authored OPEN anchor/read,FROZEN — COMPLETE,VOL2 § OPEN identities without frozen masters; later frozen Art authority,"80x96/contact (40,88)",assets/before_the_fame/characters/don_chuy/don_chuy_neutral_80x96.png,875b39b8a253c9b80a01f8d372a0a488deefa083755503f892eaa85ea30c3d74,
A-tokyo_tony-anchor,A,tokyo_tony: authored OPEN anchor/read,FROZEN — COMPLETE,VOL2 § OPEN identities without frozen masters; later frozen Art authority,"80x96/contact (40,88)",assets/before_the_fame/characters/tokyo_tony/tokyo_tony_smug_80x96.png,f95a433eac260b298fe14a95cf0e54086cbb6689d6f4ed4126ac98f5d596c442,
A-vicky-anchor,A,vicky: authored OPEN anchor/read,FROZEN — COMPLETE,VOL2 § OPEN identities without frozen masters; later frozen Art authority,"80x96/contact (40,88)",assets/before_the_fame/characters/vicky/vicky_neutral_80x96.png,13a707e3a8ecdb43882adb0a688b02500a8f75776cf7ec658c8c37d0d8bd8efb,
A-j_circle-anchor,A,j_circle: authored OPEN anchor/read,FROZEN — COMPLETE,VOL2 § OPEN identities without frozen masters; later frozen Art authority,"80x96/contact (40,88)",assets/before_the_fame/characters/j_circle/j_circle_entrance_80x96.png,07a729dad918a2e14b4004d80a07c305bf367ec05770961477543100d779423b,
A-trippin_red-anchor,A,trippin_red: authored OPEN anchor/read,FROZEN — COMPLETE,VOL2 § OPEN identities without frozen masters; later frozen Art authority,"80x96/contact (40,88)",assets/before_the_fame/characters/trippin_red/trippin_red_stage_ready_80x96.png,f127040b06122ea5f6f6e32d0706dc35fd106b287c3c5b5960671318ce922697,
A-paladin-anchor,A,paladin: authored OPEN anchor/read,FROZEN — COMPLETE,VOL2 § OPEN identities without frozen masters; later frozen Art authority,"80x96/contact (40,88)",assets/before_the_fame/characters/paladin/paladin_neutral_80x96.png,cc7122015ee7750f24978763671f774101563231ead98c934380e60d8f9c6aa1,
A-bard-anchor,A,bard: authored OPEN anchor/read,FROZEN — COMPLETE,VOL2 § OPEN identities without frozen masters; later frozen Art authority,"80x96/contact (40,88)",assets/before_the_fame/characters/bard/bard_neutral_80x96.png,5213c311932331809945f0efc95aa3befe3049a8173d3ba1aa021b17ce8826dd,
A-cleric-anchor,A,cleric: authored OPEN anchor/read,FROZEN — COMPLETE,VOL2 § OPEN identities without frozen masters; later frozen Art authority,"80x96/contact (40,88)",assets/before_the_fame/characters/cleric/cleric_neutral_80x96.png,4b81e630e4fd2c45202eaf3e2812781558bd3f6bc015c761a24309003c59ecda,
A-buckhead-anchor,A,buckhead: authored OPEN anchor/read,FROZEN — COMPLETE,VOL2 § OPEN identities without frozen masters; later frozen Art authority,"80x96/contact (40,88)",assets/before_the_fame/characters/buckhead/buckhead_vampire_neutral_80x96.png,710bede4d4372f20cd27956313d6589df528c3ec9b795b3c4e5cc996ea033b97,
A-lo-arm_fall,A,"lo: arm-falls-off reaction, non-gory",NATIVE CANDIDATE — PRODUCED,VOL2 § OPEN identities without frozen masters,"80x96/contact (40,88)",art_department/ships/art_ship_014/native_candidates/A-lo-arm_fall.png,a21bec2690961aab84200d7ea3b4f6ad0542b09445e1b663c2edd14607c0bb18,Native candidate only; not approved/frozen/runtime-integrated.
A-anfeesa-dj,A,anfeesa: DJ state,NATIVE CANDIDATE — PRODUCED,VOL2 § OPEN identities without frozen masters,"80x96/contact (40,88)",art_department/ships/art_ship_014/native_candidates/A-anfeesa-dj.png,4fba00e2846158f69116a48c08c29a85c78a9f9a8e6043f8e9304f49faa70d64,Native candidate only; not approved/frozen/runtime-integrated.
A-rookoko-painting,A,rookoko: painting state,NATIVE CANDIDATE — PRODUCED,VOL2 § OPEN identities without frozen masters,"80x96/contact (40,88)",art_department/ships/art_ship_014/native_candidates/A-rookoko-painting.png,ca345fe733edb7ed1887b02e47db324e622a0b0b6703293f22504a7e78bc6950,Native candidate only; not approved/frozen/runtime-integrated.
A-officer_nodd-nod,A,officer_nodd: nod state,NATIVE CANDIDATE — PRODUCED,VOL2 § OPEN identities without frozen masters,"80x96/contact (40,88)",art_department/ships/art_ship_014/native_candidates/A-officer_nodd-nod.png,07c4fc9ca7aa09588d0dff63aa61e82dcf6405fd5d7ef2be591dd11a90b1c58c,Native candidate only; not approved/frozen/runtime-integrated.
A-officer_nodd-phone,A,officer_nodd: phone-out state,NATIVE CANDIDATE — PRODUCED,VOL2 § OPEN identities without frozen masters,"80x96/contact (40,88)",art_department/ships/art_ship_014/native_candidates/A-officer_nodd-phone.png,d2a1255a3ccf10088f02e243563670b068a401983be7d9c2bde858cec6317243,Native candidate only; not approved/frozen/runtime-integrated.
A-don_chuy-singing,A,don_chuy: singing state,NATIVE CANDIDATE — PRODUCED,VOL2 § OPEN identities without frozen masters,"80x96/contact (40,88)",art_department/ships/art_ship_014/native_candidates/A-don_chuy-singing.png,12c2abbb856e5ad90ccb1dd4f1e8cc91d635c58f3676b366fe88ad6921082fd1,Native candidate only; not approved/frozen/runtime-integrated.
A-vicky-doorway,A,vicky: doorway/controlled reaction,NATIVE CANDIDATE — PRODUCED,VOL2 § OPEN identities without frozen masters,"80x96/contact (40,88)",art_department/ships/art_ship_014/native_candidates/A-vicky-doorway.png,13a707e3a8ecdb43882adb0a688b02500a8f75776cf7ec658c8c37d0d8bd8efb,Native candidate only; not approved/frozen/runtime-integrated.
A-june-neutral,A,june: neutral at salon chair,FROZEN — COMPLETE,VOL5 § New OPEN visual cards,"80x96/contact (40,88), except paired/portrait mapping",assets/before_the_fame/characters/june/june_neutral_80x96.png,89bae51dba181a599446150d1df64494e71ad0646b3782ce1fde3738eb5d5c76,
A-june-working,A,"june: working in Rich's locs, paired",NATIVE CANDIDATE — PRODUCED,VOL5 § New OPEN visual cards,"80x96/contact (40,88), except paired/portrait mapping",art_department/ships/art_ship_014/native_candidates/A-june-working.png,c11800b3c150048978edbcf5d21a041d8651213abeef4b28836c81d97a01cfdd,Native candidate only; not approved/frozen/runtime-integrated.
A-june-date,A,june: date,NATIVE CANDIDATE — PRODUCED,VOL5 § New OPEN visual cards,"80x96/contact (40,88), except paired/portrait mapping",art_department/ships/art_ship_014/native_candidates/A-june-date.png,0b973a187c9b95ec64feb514ea3f9147e2f8c677186a046a5b80394f68be8c90,Native candidate only; not approved/frozen/runtime-integrated.
A-june-bedroom,A,june: bedroom company,NATIVE CANDIDATE — PRODUCED,VOL5 § New OPEN visual cards,"80x96/contact (40,88), except paired/portrait mapping",art_department/ships/art_ship_014/native_candidates/A-june-bedroom.png,c4188e7ca406b5bbbf9192f418cfb287114b6d0a4908a040a72bcc49eba09a18,Native candidate only; not approved/frozen/runtime-integrated.
A-tristan-neutral,A,tristan: neutral,FROZEN — COMPLETE,VOL5 § New OPEN visual cards,"80x96/contact (40,88), except paired/portrait mapping",assets/before_the_fame/characters/tristan/tristan_neutral_80x96.png,2f430846238a4d02f139e72d1ce94f2086519ed0775d74d50bcc9fa3ad57e36d,
A-tristan-laugh,A,tristan: laughing,NATIVE CANDIDATE — PRODUCED,VOL5 § New OPEN visual cards,"80x96/contact (40,88), except paired/portrait mapping",art_department/ships/art_ship_014/native_candidates/A-tristan-laugh.png,7173063c7188eb39fa6fd88f6b8bc7db63aef177d9fd8dd7e640958ffee31804,Native candidate only; not approved/frozen/runtime-integrated.
A-tristan-floor,A,tristan: asleep on floor,NATIVE CANDIDATE — PRODUCED,VOL5 § New OPEN visual cards,"80x96/contact (40,88), except paired/portrait mapping",art_department/ships/art_ship_014/native_candidates/A-tristan-floor.png,fa2ad9a091142409b74ce5dcba094fb1baf0162eaadb21614d91d4bad65fee88,Native candidate only; not approved/frozen/runtime-integrated.
A-tristan-passenger,A,tristan: TOUGE passenger portrait,NATIVE CANDIDATE — PRODUCED,VOL5 § New OPEN visual cards,"80x96/contact (40,88), except paired/portrait mapping",art_department/ships/art_ship_014/native_candidates/A-tristan-passenger.png,43b372492f1d825fc016a3cf7883ef98cff8822359383a2e5b266c474f62da19,Native candidate only; not approved/frozen/runtime-integrated.
A-ms_patrice-neutral,A,ms_patrice: neutral,FROZEN — COMPLETE,VOL5 § New OPEN visual cards,"80x96/contact (40,88), except paired/portrait mapping",assets/before_the_fame/characters/ms_patrice/ms_patrice_neutral_80x96.png,b565bd37630f630080892acb4e6c48498b314d168778d31d0d93d7a65fdde5a3,
A-ms_patrice-laugh,A,ms_patrice: laugh,NATIVE CANDIDATE — PRODUCED,VOL5 § New OPEN visual cards,"80x96/contact (40,88), except paired/portrait mapping",art_department/ships/art_ship_014/native_candidates/A-ms_patrice-laugh.png,08909fe775edcca03724645457071b8e3e77aadad3dbdcf4fe2c0e8c05efeaed,Native candidate only; not approved/frozen/runtime-integrated.
A-ms_patrice-date,A,ms_patrice: date,NATIVE CANDIDATE — PRODUCED,VOL5 § New OPEN visual cards,"80x96/contact (40,88), except paired/portrait mapping",art_department/ships/art_ship_014/native_candidates/A-ms_patrice-date.png,7799c77619875b642eff7090682ba3bcdcd5bd896a4db18191c28cf80dc568cc,Native candidate only; not approved/frozen/runtime-integrated.
A-ms_patrice-bedroom,A,ms_patrice: bedroom company,NATIVE CANDIDATE — PRODUCED,VOL5 § New OPEN visual cards,"80x96/contact (40,88), except paired/portrait mapping",art_department/ships/art_ship_014/native_candidates/A-ms_patrice-bedroom.png,4f67fac9cd589c085529a597e8e1502f651eb8493555fac22aaeef06bcaaa909,Native candidate only; not approved/frozen/runtime-integrated.
A-lil_smack-neutral,A,lil_smack: neutral chew,FROZEN — COMPLETE,VOL5 § New OPEN visual cards,"80x96/contact (40,88), except paired/portrait mapping",assets/before_the_fame/characters/lil_smack/lil_smack_eating_80x96.png,7640a3607d61bfdf28fd1169b80e784614a2376ff28fb2ee0277f80485fab0d8,
A-lil_smack-diss,A,lil_smack: diss,NATIVE CANDIDATE — PRODUCED,VOL5 § New OPEN visual cards,"80x96/contact (40,88), except paired/portrait mapping",art_department/ships/art_ship_014/native_candidates/A-lil_smack-diss.png,f522f74cbe181caa82e45c52e1e41918ddb875bfe86a76971c2c69c6bfa4aecf,Native candidate only; not approved/frozen/runtime-integrated.
A-lil_smack-finale,A,lil_smack: mouth-closed finale,NATIVE CANDIDATE — PRODUCED,VOL5 § New OPEN visual cards,"80x96/contact (40,88), except paired/portrait mapping",art_department/ships/art_ship_014/native_candidates/A-lil_smack-finale.png,a1b5ff01955c8632f1a98ea7f1ddc783ee4cc968999f5ba1d2e5518ddb970d39,Native candidate only; not approved/frozen/runtime-integrated.
A-britney-profile,A,Britney Stakes parody-only VampGram profile,NATIVE CANDIDATE — PRODUCED,VOL5 § New OPEN visual cards,MAPPING / ENGINEERING native phone portrait contract required,art_department/ships/art_ship_014/native_candidates/A-britney-profile.png,2cc89ac56e03c180f0563c468df0c2a14dc9361043e5ec7537fe2a36416ab468,Native candidate only; not approved/frozen/runtime-integrated.
A-kiki-anchor,A,kiki: existing identity anchor,FROZEN — COMPLETE,Frozen corpus,"80x96/contact (40,88)",assets/before_the_fame/characters/kiki/kiki_neutral_work_80x96.png,fdc064d97ecf53e99b6f3a8bfea850609901f27b017dce0bccbea0b4882f8054,
A-nneka-anchor,A,nneka: existing identity anchor,FROZEN — COMPLETE,Frozen corpus,"80x96/contact (40,88)",assets/before_the_fame/characters/nneka/nneka_neutral_80x96.png,cdf57badf9a9961af5a971d9c222c95152343d1f2debcd6959eb96615b83e6ef,
A-pinky-anchor,A,pinky: existing identity anchor,FROZEN — COMPLETE,Frozen corpus,"80x96/contact (40,88)",assets/before_the_fame/characters/pinky/pinky_arms_crossed_80x96.png,ce8cb2b12f2f85730fb637f3bb751c3876fce8747a38a2ba28021e7bcea1925d,
A-moonie-anchor,A,moonie: existing identity anchor,FROZEN — COMPLETE,Frozen corpus,"80x96/contact (40,88)",assets/before_the_fame/characters/moonie/moonie_dorsey_neutral_80x96.png,28106700746dec289e896894d1be6ebf5e23cefc26bd15b58367836b17c43e49,
A-kaede-anchor,A,kaede: existing identity anchor,FROZEN — COMPLETE,Frozen corpus,"80x96/contact (40,88)",assets/before_the_fame/characters/kaede/kaede_neutral_80x96.png,74aab07edffac683482517ca48fb0ffafc63ad9492c9adf14de88d4d442a3251,
A-wispa-anchor,A,wispa: existing identity anchor,FROZEN — COMPLETE,Frozen corpus,"80x96/contact (40,88)",assets/before_the_fame/characters/wispa/wispa_neutral_80x96.png,e80a09c69320db06a2816d64bf515652cd84d4d899df9c438ec00b36c820b319,
A-tasha-anchor,A,tasha: existing identity anchor,FROZEN — COMPLETE,Frozen corpus,"80x96/contact (40,88)",assets/before_the_fame/characters/tasha/tasha_tastemaker_filming_80x96.png,744c37144d01cec4eb8e4bebf06f1eb664a8326772178f0795b35d02360096df,
A-nightshade-anchor,A,nightshade: existing identity anchor,FROZEN — COMPLETE,Frozen corpus,"80x96/contact (40,88)",assets/before_the_fame/characters/nightshade/nightshade_neutral_80x96.png,09d8c0f67cff92740e292cf86a5d223bb055a241bf6e635e274d7baae85eb04c,
A-hina-anchor,A,hina: existing identity anchor,FROZEN — COMPLETE,Frozen corpus,"80x96/contact (40,88)",assets/before_the_fame/characters/hina/hina_neutral_80x96.png,c7bacc6885281fd0bb41cf7f633613fb88b8176d164b75fe56cf71a05356c23b,
A-bunmi-anchor,A,bunmi: existing identity anchor,FROZEN — COMPLETE,Frozen corpus,"80x96/contact (40,88)",assets/before_the_fame/characters/bunmi/bunmi_neutral_80x96.png,72b14eed28c57c93343a4fbe2c40e23ac99e4006f53cc57484f1d58e73cad414,
A-mazda_human-anchor,A,mazda_human: existing identity anchor,FROZEN — COMPLETE,Frozen corpus,"80x96/contact (40,88)",assets/before_the_fame/characters/mazda_human/blueberry_mazda_human_neutral_80x96.png,2e2c7246ca6d1dc583c814659bbb0d0df18688db5c86adcad6c6767ddb979290,
A-family-mom,A,Family neutral: mom,FROZEN — COMPLETE,VOL2/VOL5 family card + Ship 013,"80x96/contact (40,88)",assets/before_the_fame/characters/mom/mom_neutral_80x96.png,2fbbf02d8ddfc9c9fde5a967f54ab25765bf68f8dd569a76f11760d35178fa4d,
A-family-dad,A,Family neutral: dad,FROZEN — COMPLETE,VOL2/VOL5 family card + Ship 013,"80x96/contact (40,88)",assets/before_the_fame/characters/dad/dad_neutral_80x96.png,5d208ef3c344fa34a2450310ef331f5ae3c0b2e14ee734a3d4b83ffb644eca30,
A-family-sister,A,Family neutral: sister,FROZEN — COMPLETE,VOL2/VOL5 family card + Ship 013,"80x96/contact (40,88)",assets/before_the_fame/characters/sister/sister_neutral_80x96.png,ecfe922ea7d5c114246897e6050ff1c2d4c9503d151cf47fa41f93812cb1a321,
A-family-brother1,A,Family neutral: brother1,BLOCKED BY CANON,VOL2/VOL5 family card; current canon gap,,,,Ube-owned identity details; do not invent.
A-family-brother2,A,Family neutral: brother2,BLOCKED BY CANON,VOL2/VOL5 family card; current canon gap,,,,Ube-owned identity details; do not invent.
A-family-mom-avatar,A,Family phone avatar: mom,NATIVE CANDIDATE — PRODUCED,VOL2/VOL5 family card,Engineering phone-avatar contract required before final cut,art_department/ships/art_ship_014/native_candidates/A-family-mom-avatar.png,8322ce370a4d1f6570a117a4210cf4023bb3252ae77537eed12c33373079d180,Native candidate only; not approved/frozen/runtime-integrated.
A-family-dad-avatar,A,Family phone avatar: dad,NATIVE CANDIDATE — PRODUCED,VOL2/VOL5 family card,Engineering phone-avatar contract required before final cut,art_department/ships/art_ship_014/native_candidates/A-family-dad-avatar.png,dd63f61bb755bde91edcfb3b0db2d86eb606816a921f448a075ce3fe717008d0,Native candidate only; not approved/frozen/runtime-integrated.
A-family-sister-avatar,A,Family phone avatar: sister,NATIVE CANDIDATE — PRODUCED,VOL2/VOL5 family card,Engineering phone-avatar contract required before final cut,art_department/ships/art_ship_014/native_candidates/A-family-sister-avatar.png,15393971a06d44fe280354ef01ebfd4141963b269146a210e8c392f1d8173fa8,Native candidate only; not approved/frozen/runtime-integrated.
A-family-brother1-avatar,A,Family phone avatar: brother1,BLOCKED BY CANON,VOL2/VOL5 family card,,,,Blocked with identity.
A-family-brother2-avatar,A,Family phone avatar: brother2,BLOCKED BY CANON,VOL2/VOL5 family card,,,,Blocked with identity.
A-god,A,God culturally sensitive card,BLOCKED BY CANON,VOL2 + explicit Ship 014 hold,,,,Separate named HQ authorization required.
A-og-hooper,A,OG Hooper identity,BLOCKED BY CANON,VOL2 + current canon gap,,,,Underspecified accepted deferral.
A-laura,A,Laura visual asset,FROZEN — REUSE SATISFIES REQUIREMENT,VOL2/VOL5,,,,"The authored requirement is intentional absence: no sprite, portrait, voice, or photo."
B-egg,B,Blue speckled dragon egg identity,FROZEN — COMPLETE,VOL2 § Dragon life stages,32x32 binary alpha,assets/before_the_fame/props/mazda_egg/blueberry_mazda_egg_32x32.png,d2ee91eef7c9941a18f2d6488d1dab53cdb152071f07d3089bf90650d619c6d8,
B-hatchling-neutral,B,Blueberry Mazda hatchling — neutral,NATIVE CANDIDATE — PRODUCED,VOL2 + explicit Ship 014 brief,transparent creature sprite; exact native contract proposed in candidate manifest,art_department/ships/art_ship_014/native_candidates/B-hatchling-neutral.png,e43490bf5d1036fcd1325897b290f6746ce790a32d351af3b542c249af52b190,Native candidate only; not approved/frozen/runtime-integrated.
B-hatchling-happy,B,Blueberry Mazda hatchling — happy,NATIVE CANDIDATE — PRODUCED,VOL2 + explicit Ship 014 brief,transparent creature sprite; exact native contract proposed in candidate manifest,art_department/ships/art_ship_014/native_candidates/B-hatchling-happy.png,777900c610777ad7b0deb33323979e89f18cf585550645a0e698eec1f6d90832,Native candidate only; not approved/frozen/runtime-integrated.
B-hatchling-sulk,B,Blueberry Mazda hatchling — sulk,NATIVE CANDIDATE — PRODUCED,VOL2 + explicit Ship 014 brief,transparent creature sprite; exact native contract proposed in candidate manifest,art_department/ships/art_ship_014/native_candidates/B-hatchling-sulk.png,cc0bae697d6fbf8345c3a19e87c4b5f9cbdc732201d25d32b8dd04b731f2e68e,Native candidate only; not approved/frozen/runtime-integrated.
B-young-neutral,B,Blueberry Mazda young — neutral,NATIVE CANDIDATE — PRODUCED,VOL2 + explicit Ship 014 brief,transparent creature sprite; exact native contract proposed in candidate manifest,art_department/ships/art_ship_014/native_candidates/B-young-neutral.png,e43490bf5d1036fcd1325897b290f6746ce790a32d351af3b542c249af52b190,Native candidate only; not approved/frozen/runtime-integrated.
B-young-happy,B,Blueberry Mazda young — happy,NATIVE CANDIDATE — PRODUCED,VOL2 + explicit Ship 014 brief,transparent creature sprite; exact native contract proposed in candidate manifest,art_department/ships/art_ship_014/native_candidates/B-young-happy.png,777900c610777ad7b0deb33323979e89f18cf585550645a0e698eec1f6d90832,Native candidate only; not approved/frozen/runtime-integrated.
B-young-sulk,B,Blueberry Mazda young — sulk,NATIVE CANDIDATE — PRODUCED,VOL2 + explicit Ship 014 brief,transparent creature sprite; exact native contract proposed in candidate manifest,art_department/ships/art_ship_014/native_candidates/B-young-sulk.png,cc0bae697d6fbf8345c3a19e87c4b5f9cbdc732201d25d32b8dd04b731f2e68e,Native candidate only; not approved/frozen/runtime-integrated.
B-majestic-perched,B,Blueberry Mazda majestic — perched,NATIVE CANDIDATE — PRODUCED,VOL2 + explicit Ship 014 brief,transparent creature sprite; exact native contract proposed in candidate manifest,art_department/ships/art_ship_014/native_candidates/B-majestic-perched.png,e43490bf5d1036fcd1325897b290f6746ce790a32d351af3b542c249af52b190,Native candidate only; not approved/frozen/runtime-integrated.
B-majestic-flying,B,Blueberry Mazda majestic — flying,NATIVE CANDIDATE — PRODUCED,VOL2 + explicit Ship 014 brief,transparent creature sprite; exact native contract proposed in candidate manifest,art_department/ships/art_ship_014/native_candidates/B-majestic-flying.png,e43490bf5d1036fcd1325897b290f6746ce790a32d351af3b542c249af52b190,Native candidate only; not approved/frozen/runtime-integrated.
B-majestic-happy,B,Blueberry Mazda majestic — happy,NATIVE CANDIDATE — PRODUCED,VOL2 + explicit Ship 014 brief,transparent creature sprite; exact native contract proposed in candidate manifest,art_department/ships/art_ship_014/native_candidates/B-majestic-happy.png,777900c610777ad7b0deb33323979e89f18cf585550645a0e698eec1f6d90832,Native candidate only; not approved/frozen/runtime-integrated.
B-riding-composite,B,Rich riding majestic Mazda composite,NATIVE CANDIDATE — PRODUCED,VOL2 + explicit Ship 014 brief,composite contract requires Engineering origin confirmation,art_department/ships/art_ship_014/native_candidates/B-riding-composite.png,e365edfafe3852d99df503eea4ebf89609bbfabe6ca3814f3959cbe0e6cf130b,Native candidate only; not approved/frozen/runtime-integrated.
B-human-neutral,B,Mazda human — neutral,FROZEN — COMPLETE,VOL2 § Dragon life stages,"80x96/contact (40,88)",assets/before_the_fame/characters/mazda_human/blueberry_mazda_human_neutral_80x96.png,2e2c7246ca6d1dc583c814659bbb0d0df18688db5c86adcad6c6767ddb979290,
B-human-eating,B,Mazda human — eating Agege bread,NATIVE CANDIDATE — PRODUCED,VOL2 § Dragon life stages,"80x96/contact (40,88)",art_department/ships/art_ship_014/native_candidates/B-human-eating.png,2e2c7246ca6d1dc583c814659bbb0d0df18688db5c86adcad6c6767ddb979290,Native candidate only; not approved/frozen/runtime-integrated.
B-human-bedroom,B,Mazda human — covered bedroom-company,NATIVE CANDIDATE — PRODUCED,VOL2 § Dragon life stages,80x96/contact/bed support mapping,art_department/ships/art_ship_014/native_candidates/B-human-bedroom.png,1cdf239a587d113040344139ac6847d9e1f9ee8b563dc8c1786b80bcdf4d5298,Native candidate only; not approved/frozen/runtime-integrated.
C-common-silver_grunt-icon,C,Common fish: silver grunt — catch icon,NATIVE CANDIDATE — PRODUCED,VOL2 § Pier catches + js/minigames/pier.js,32x24 binary-alpha catch icon,art_department/ships/art_ship_014/native_candidates/C-common-silver_grunt-icon.png,4a662016157ba405f90f212cd56217865eaa5417dcd2ce619538c5abc19fd6b7,Native candidate only; not approved/frozen/runtime-integrated.
C-common-pier_perch-icon,C,Common fish: pier perch — catch icon,NATIVE CANDIDATE — PRODUCED,VOL2 § Pier catches + js/minigames/pier.js,32x24 binary-alpha catch icon,art_department/ships/art_ship_014/native_candidates/C-common-pier_perch-icon.png,ea6d4539fb38393338ff43104302c4352cde35178b6804158bf5c4c8cfb85a66,Native candidate only; not approved/frozen/runtime-integrated.
C-common-ugly_mackerel-icon,C,Common fish: ugly mackerel — catch icon,NATIVE CANDIDATE — PRODUCED,VOL2 § Pier catches + js/minigames/pier.js,32x24 binary-alpha catch icon,art_department/ships/art_ship_014/native_candidates/C-common-ugly_mackerel-icon.png,252745adc353615c1864d01914bcf86d7742529c25f2e9e4cc226cbeba9a5cd4,Native candidate only; not approved/frozen/runtime-integrated.
C-junk-boot,C,Pier catch: boot,NATIVE CANDIDATE — PRODUCED,VOL2 § Pier catches + js/minigames/pier.js,transparent catch art,art_department/ships/art_ship_014/native_candidates/C-junk-boot.png,077cd4357448947b973714b71291f1581d0d979ab09c21b32cad34a90e8f0e14,Native candidate only; not approved/frozen/runtime-integrated.
C-junk-flip_phone,C,Pier catch: flip phone,NATIVE CANDIDATE — PRODUCED,VOL2 § Pier catches + js/minigames/pier.js,transparent catch art,art_department/ships/art_ship_014/native_candidates/C-junk-flip_phone.png,9cfc28eae229a3ad2375bf6f642c3e1d3454ca571dfb11d9292fdcd7e22b90e0,Native candidate only; not approved/frozen/runtime-integrated.
C-junk-waterlogged_wallet,C,Pier catch: waterlogged wallet,NATIVE CANDIDATE — PRODUCED,VOL2 § Pier catches + js/minigames/pier.js,transparent catch art,art_department/ships/art_ship_014/native_candidates/C-junk-waterlogged_wallet.png,63a88bb6984219a905abc67cd08e5fe6cf88d4345f61f1b8f6644d988ae542a5,Native candidate only; not approved/frozen/runtime-integrated.
C-rare-moon_koi,C,Rare fish: moon koi,NATIVE CANDIDATE — PRODUCED,VOL2 § Pier catches + js/minigames/pier.js,transparent catch art,art_department/ships/art_ship_014/native_candidates/C-rare-moon_koi.png,88b7bbfe509631b2e8d41f33b8eb5cca641e63456bb0a12910923b188095d66f,Native candidate only; not approved/frozen/runtime-integrated.
C-rare-old_barnacle_grouper,C,Rare fish: old barnacle grouper,NATIVE CANDIDATE — PRODUCED,VOL2 § Pier catches + js/minigames/pier.js,transparent catch art,art_department/ships/art_ship_014/native_candidates/C-rare-old_barnacle_grouper.png,90320fddfc39f5e93a43a67db616d9fea495027f3624e52e134ec0e5d25f8cc0,Native candidate only; not approved/frozen/runtime-integrated.
C-chest,C,Rare rusted barnacled chest,NATIVE CANDIDATE — PRODUCED,VOL2 § Pier catches + js/minigames/pier.js,transparent catch art; sealed contents excluded,art_department/ships/art_ship_014/native_candidates/C-chest.png,dd80202b19e49432dff2e1343291ebfeffd09bd507ba465fdad903112dc000c6,Native candidate only; not approved/frozen/runtime-integrated.
C-big-fish,C,Runtime BIG FISH catch visual,MAPPING / ENGINEERING DECISION,js/minigames/pier.js,,,,Runtime contains a sourced category not separately specified by VOL2; exact art/mapping call required.
C-cat-sit,C,Sphynx cat sitting,FROZEN — COMPLETE,VOL5 § Sphynx cat,48x32 binary alpha,assets/before_the_fame/creatures/cat/sphynx_cat_sitting_48x32.png,9dd8b1fea654aeda7f956e3c3338c1e58bd7ebfee3738f8e8e3fcf62dffa9b7c,
C-cat-on_bed,C,Sphynx cat on bed,NATIVE CANDIDATE — PRODUCED,VOL5 § Sphynx cat,48x32 binary alpha unless combat mapping differs,art_department/ships/art_ship_014/native_candidates/C-cat-on_bed.png,bc7a8bf3f3425b9167d599627b6c0ac9ddfac21581d1ef5a78cabca093ae1311,Native candidate only; not approved/frozen/runtime-integrated.
C-cat-judging_combat,C,Sphynx cat judging combat,NATIVE CANDIDATE — PRODUCED,VOL5 § Sphynx cat,48x32 binary alpha unless combat mapping differs,art_department/ships/art_ship_014/native_candidates/C-cat-judging_combat.png,1c360ed9f4948a3420bd3ac767fe592d3893bc126ea35a7097c382edfa365351,Native candidate only; not approved/frozen/runtime-integrated.
D-supra-touge,D,supra TOUGE identity,FROZEN — COMPLETE,VOL2 vehicle matrix + Ship 006,16x28 binary alpha,assets/before_the_fame/vehicles/touge/supra_16x28.png,6ea8a06099fdb2eb6a7fa7511c4fedf9e71e850f26c91ac515be52233adaf5de,
D-supra-world,D,supra WORLD surface,CONDITIONAL — EXISTING ART MUST BE TESTED FIRST,VOL2 vehicle matrix,Supra reference: world 136x50/listing 68x25; other exact contracts need Engineering mapping,assets/jdm_imports/vehicles/supra_mk4_world.png,156445b526073b6906cae7330203f19d8edbf8a6574dfe6aea042db1c1575418,Existing Supra asset is REFERENCE/STATUS UNKNOWN and must be tested; other cars need derived surfaces.
D-supra-listing,D,supra LISTING surface,NATIVE CANDIDATE — PRODUCED,VOL2 vehicle matrix,Supra reference: world 136x50/listing 68x25; other exact contracts need Engineering mapping,art_department/ships/art_ship_014/native_candidates/D-supra-listing.png,cbb428bd0a79a505ff274d41b3f01a5272c88c0dec841cbf10ca1f0ed309d51e,"OPEN Vol. 2: listing art is a deterministic crop/derivative of the WORLD master, not a separately painted master. Native candidate only; not approved/frozen/runtime-integrated."
D-s15_stock-touge,D,s15_stock TOUGE identity,FROZEN — COMPLETE,VOL2 vehicle matrix + Ship 006,16x28 binary alpha,assets/before_the_fame/vehicles/touge/s15_stock_16x28.png,043cc33c95685d8767ccc8a472da10bd3fc8cd72e7587659b42941739d0bb670,
D-s15_stock-world,D,s15_stock WORLD surface,NATIVE CANDIDATE — PRODUCED,VOL2 vehicle matrix,Supra reference: world 136x50/listing 68x25; other exact contracts need Engineering mapping,art_department/ships/art_ship_014/native_candidates/D-s15_stock-world.png,bad5b1fb8b3fb2aa915d84796488ffa28d6c66987767254341bcd805be51eab6,Existing Supra asset is REFERENCE/STATUS UNKNOWN and must be tested; other cars need derived surfaces. Native candidate only; not approved/frozen/runtime-integrated.
D-s15_stock-listing,D,s15_stock LISTING surface,NATIVE CANDIDATE — PRODUCED,VOL2 vehicle matrix,Supra reference: world 136x50/listing 68x25; other exact contracts need Engineering mapping,art_department/ships/art_ship_014/native_candidates/D-s15_stock-listing.png,cbb428bd0a79a505ff274d41b3f01a5272c88c0dec841cbf10ca1f0ed309d51e,"OPEN Vol. 2: listing art is a deterministic crop/derivative of the WORLD master, not a separately painted master. Native candidate only; not approved/frozen/runtime-integrated."
D-s15_bodykit-touge,D,s15_bodykit TOUGE identity,FROZEN — COMPLETE,VOL2 vehicle matrix + Ship 006,16x28 binary alpha,assets/before_the_fame/vehicles/touge/s15_bodykit_16x28.png,93e615e305c8ff8ae181185b0be6af3ac5d0ffb22883314f721c0a623bee623b,
D-s15_bodykit-world,D,s15_bodykit WORLD surface,NATIVE CANDIDATE — PRODUCED,VOL2 vehicle matrix,Supra reference: world 136x50/listing 68x25; other exact contracts need Engineering mapping,art_department/ships/art_ship_014/native_candidates/D-s15_bodykit-world.png,bad5b1fb8b3fb2aa915d84796488ffa28d6c66987767254341bcd805be51eab6,Existing Supra asset is REFERENCE/STATUS UNKNOWN and must be tested; other cars need derived surfaces. Native candidate only; not approved/frozen/runtime-integrated.
D-s15_bodykit-listing,D,s15_bodykit LISTING surface,NATIVE CANDIDATE — PRODUCED,VOL2 vehicle matrix,Supra reference: world 136x50/listing 68x25; other exact contracts need Engineering mapping,art_department/ships/art_ship_014/native_candidates/D-s15_bodykit-listing.png,cbb428bd0a79a505ff274d41b3f01a5272c88c0dec841cbf10ca1f0ed309d51e,"OPEN Vol. 2: listing art is a deterministic crop/derivative of the WORLD master, not a separately painted master. Native candidate only; not approved/frozen/runtime-integrated."
D-r34-touge,D,r34 TOUGE identity,FROZEN — COMPLETE,VOL2 vehicle matrix + Ship 006,16x28 binary alpha,assets/before_the_fame/vehicles/touge/r34_blue_16x28.png,024c136cf7d62c94e0772addf57588d5c58c41b2abd84339ba1963fc87b04660,
D-r34-world,D,r34 WORLD surface,NATIVE CANDIDATE — PRODUCED,VOL2 vehicle matrix,Supra reference: world 136x50/listing 68x25; other exact contracts need Engineering mapping,art_department/ships/art_ship_014/native_candidates/D-r34-world.png,d3c45fb101e460c927c651f54a9fd951579259132115773734379067613f6e0a,Existing Supra asset is REFERENCE/STATUS UNKNOWN and must be tested; other cars need derived surfaces. Native candidate only; not approved/frozen/runtime-integrated.
D-r34-listing,D,r34 LISTING surface,NATIVE CANDIDATE — PRODUCED,VOL2 vehicle matrix,Supra reference: world 136x50/listing 68x25; other exact contracts need Engineering mapping,art_department/ships/art_ship_014/native_candidates/D-r34-listing.png,cbb428bd0a79a505ff274d41b3f01a5272c88c0dec841cbf10ca1f0ed309d51e,"OPEN Vol. 2: listing art is a deterministic crop/derivative of the WORLD master, not a separately painted master. Native candidate only; not approved/frozen/runtime-integrated."
D-s2000_pink-touge,D,s2000_pink TOUGE identity,FROZEN — COMPLETE,VOL2 vehicle matrix + Ship 006,16x28 binary alpha,assets/before_the_fame/vehicles/touge/s2000_pink_16x28.png,e05a9872cece4d4b2293544d2c599c5ae5fbca542fc2d38afee6023e73b2943e,
D-s2000_pink-world,D,s2000_pink WORLD surface,NATIVE CANDIDATE — PRODUCED,VOL2 vehicle matrix,Supra reference: world 136x50/listing 68x25; other exact contracts need Engineering mapping,art_department/ships/art_ship_014/native_candidates/D-s2000_pink-world.png,e2d90f61ebd9c959e1c30df6680796dfdedf392c76338947e2419070e3f32bfa,Existing Supra asset is REFERENCE/STATUS UNKNOWN and must be tested; other cars need derived surfaces. Native candidate only; not approved/frozen/runtime-integrated.
D-s2000_pink-listing,D,s2000_pink LISTING surface,NATIVE CANDIDATE — PRODUCED,VOL2 vehicle matrix,Supra reference: world 136x50/listing 68x25; other exact contracts need Engineering mapping,art_department/ships/art_ship_014/native_candidates/D-s2000_pink-listing.png,cbb428bd0a79a505ff274d41b3f01a5272c88c0dec841cbf10ca1f0ed309d51e,"OPEN Vol. 2: listing art is a deterministic crop/derivative of the WORLD master, not a separately painted master. Native candidate only; not approved/frozen/runtime-integrated."
D-urus-touge,D,urus TOUGE identity,FROZEN — COMPLETE,VOL2 vehicle matrix + Ship 006,16x28 binary alpha,assets/before_the_fame/vehicles/touge/urus_oxblood_16x28.png,478d745544eb9f746f9b41d55dc16b1921fffccfa47f7ccfaaf8ebd568f99c92,
D-urus-world,D,urus WORLD surface,NATIVE CANDIDATE — PRODUCED,VOL2 vehicle matrix,Supra reference: world 136x50/listing 68x25; other exact contracts need Engineering mapping,art_department/ships/art_ship_014/native_candidates/D-urus-world.png,50a976fe35528c966dfb3bd00ed9c0bfb13ddcf224233699c7b752d0e3b8f238,Existing Supra asset is REFERENCE/STATUS UNKNOWN and must be tested; other cars need derived surfaces. Native candidate only; not approved/frozen/runtime-integrated.
D-urus-listing,D,urus LISTING surface,NATIVE CANDIDATE — PRODUCED,VOL2 vehicle matrix,Supra reference: world 136x50/listing 68x25; other exact contracts need Engineering mapping,art_department/ships/art_ship_014/native_candidates/D-urus-listing.png,cbb428bd0a79a505ff274d41b3f01a5272c88c0dec841cbf10ca1f0ed309d51e,"OPEN Vol. 2: listing art is a deterministic crop/derivative of the WORLD master, not a separately painted master. Native candidate only; not approved/frozen/runtime-integrated."
D-aventador-touge,D,aventador TOUGE identity,FROZEN — COMPLETE,VOL2 vehicle matrix + Ship 006,16x28 binary alpha,assets/before_the_fame/vehicles/touge/aventador_purple_16x28.png,e4cee12291aa9377934d6ac2b75edef87b32ee7ade4f68d4c2017162bd0292d5,
D-aventador-world,D,aventador WORLD surface,NATIVE CANDIDATE — PRODUCED,VOL2 vehicle matrix,Supra reference: world 136x50/listing 68x25; other exact contracts need Engineering mapping,art_department/ships/art_ship_014/native_candidates/D-aventador-world.png,35ec7fd27078680382001914b6ee33bd7fa7e3a058307aaaebefbe9f8934d6d1,Existing Supra asset is REFERENCE/STATUS UNKNOWN and must be tested; other cars need derived surfaces. Native candidate only; not approved/frozen/runtime-integrated.
D-aventador-listing,D,aventador LISTING surface,NATIVE CANDIDATE — PRODUCED,VOL2 vehicle matrix,Supra reference: world 136x50/listing 68x25; other exact contracts need Engineering mapping,art_department/ships/art_ship_014/native_candidates/D-aventador-listing.png,cbb428bd0a79a505ff274d41b3f01a5272c88c0dec841cbf10ca1f0ed309d51e,"OPEN Vol. 2: listing art is a deterministic crop/derivative of the WORLD master, not a separately painted master. Native candidate only; not approved/frozen/runtime-integrated."
D-ferrari_f40-touge,D,ferrari_f40 TOUGE identity,FROZEN — COMPLETE,VOL2 vehicle matrix + Ship 006,16x28 binary alpha,assets/before_the_fame/vehicles/touge/ferrari_f40_red_16x28.png,054d4f22f247c405bdae6fdfaad209337982d015a41c38af624df1927accd28c,
D-ferrari_f40-world,D,ferrari_f40 WORLD surface,NATIVE CANDIDATE — PRODUCED,VOL2 vehicle matrix,Supra reference: world 136x50/listing 68x25; other exact contracts need Engineering mapping,art_department/ships/art_ship_014/native_candidates/D-ferrari_f40-world.png,ceaf166a0d60cf6abae5c2151a1ca6c947cdb0fe39323120e863ac6e9a8907dd,Existing Supra asset is REFERENCE/STATUS UNKNOWN and must be tested; other cars need derived surfaces. Native candidate only; not approved/frozen/runtime-integrated.
D-ferrari_f40-listing,D,ferrari_f40 LISTING surface,NATIVE CANDIDATE — PRODUCED,VOL2 vehicle matrix,Supra reference: world 136x50/listing 68x25; other exact contracts need Engineering mapping,art_department/ships/art_ship_014/native_candidates/D-ferrari_f40-listing.png,cbb428bd0a79a505ff274d41b3f01a5272c88c0dec841cbf10ca1f0ed309d51e,"OPEN Vol. 2: listing art is a deterministic crop/derivative of the WORLD master, not a separately painted master. Native candidate only; not approved/frozen/runtime-integrated."
D-portobello-world,D,Portobello beige Mazda/crossover WORLD surface,NATIVE CANDIDATE — PRODUCED,VOL2 vehicle matrix,TOUGE 16x28; WORLD/LISTING contract pending Engineering,art_department/ships/art_ship_014/native_candidates/D-portobello-world.png,89b3ff3e769f813a9f1c9683cd31be01aa24e2b2638ee95e1c3ec92b323d4662,Native candidate only; not approved/frozen/runtime-integrated.
D-rival_a-touge,D,Midnight Mafia rival A TOUGE surface,NATIVE CANDIDATE — PRODUCED,VOL2 vehicle matrix,TOUGE 16x28; WORLD/LISTING contract pending Engineering,art_department/ships/art_ship_014/native_candidates/D-rival_a-touge.png,ab0d155592834fd2faf5a7a53e4d2a633de5933a14796c375927fd993b043a70,Native candidate only; not approved/frozen/runtime-integrated.
D-rival_b-touge,D,Midnight Mafia rival B TOUGE surface,NATIVE CANDIDATE — PRODUCED,VOL2 vehicle matrix,TOUGE 16x28; WORLD/LISTING contract pending Engineering,art_department/ships/art_ship_014/native_candidates/D-rival_b-touge.png,289de0f7c843ea7a24ee14b627868f0262d4436e105740c99fa342e9b002aa71,Native candidate only; not approved/frozen/runtime-integrated.
D-runtime-delivery,D,Sourced vehicle delivery states actually required by current content,MAPPING / ENGINEERING DECISION,Ship 014 brief,,,,No exact car/state list in committed OPEN authority; SOURCE REQUIRED — NOT RECONSTRUCTED.
D-runtime-damaged,D,Sourced vehicle damaged states actually required by current content,MAPPING / ENGINEERING DECISION,Ship 014 brief,,,,No exact car/state list in committed OPEN authority; SOURCE REQUIRED — NOT RECONSTRUCTED.
E-egg-held,E,Dragon egg HELD,NATIVE CANDIDATE — PRODUCED,VOL2 § Vehicles and props,transparent prop/actor composite mapping,art_department/ships/art_ship_014/native_candidates/E-egg-held.png,6432d03a943b8641ad47c2b2740b56ce13f9dea1d39b95c82ff79b93b9ed4902,Native candidate only; not approved/frozen/runtime-integrated.
E-egg-bed,E,Dragon egg ON BED,NATIVE CANDIDATE — PRODUCED,VOL2 § Vehicles and props,additive bedroom overlay,art_department/ships/art_ship_014/native_candidates/E-egg-bed.png,01395f3f77f9c659439d86401bcf7dbfb097936d7c0bb5ac8b7ef6c7e8b5d3bb,Native candidate only; not approved/frozen/runtime-integrated.
E-egg-cracking,E,Dragon egg CRACKING,NATIVE CANDIDATE — PRODUCED,VOL2 § Vehicles and props,32x32 binary alpha,art_department/ships/art_ship_014/native_candidates/E-egg-cracking.png,18361014476ed1250f5f10919f6e3b0ea9d756613425b94dde354c301cfc9eeb,Native candidate only; not approved/frozen/runtime-integrated.
E-bread-whole,E,Agege bread whole,FROZEN — COMPLETE,VOL2 § Vehicles and props,32x24 binary alpha,assets/before_the_fame/props/agege_bread/agege_bread_whole_32x24.png,144e7048cf423821c7de7afed3c7bd703500c107f48d77ca69b3ae0b4e89aeca,
E-bread-torn,E,Agege bread torn,NATIVE CANDIDATE — PRODUCED,VOL2 § Vehicles and props,32x24 binary alpha,art_department/ships/art_ship_014/native_candidates/E-bread-torn.png,c789d662d917f8afdd2639582dcddb86308745542d9198b0fbf5bfbc61c5e433,Native candidate only; not approved/frozen/runtime-integrated.
E-blood_bill,E,Blood Bank bill/receipt card,NATIVE CANDIDATE — PRODUCED,VOL2 § Vehicles and props + Ship 014 brief,Original design only; exact native/runtime mapping required,art_department/ships/art_ship_014/native_candidates/E-blood_bill.png,d98db883c811110702efcbbc6dc0f1d1caed6dff599e78b959701f9d3e648bab,Native candidate only; not approved/frozen/runtime-integrated.
E-blood_held,E,Nneka-held long receipt,NATIVE CANDIDATE — PRODUCED,VOL2 § Vehicles and props + Ship 014 brief,Original design only; exact native/runtime mapping required,art_department/ships/art_ship_014/native_candidates/E-blood_held.png,e4acc1982c057c31edd859976f5b8c62c88886e311430515e880b9c2aacec294,Native candidate only; not approved/frozen/runtime-integrated.
E-bonesworth_sword,E,Bonesworth sword trophy,NATIVE CANDIDATE — PRODUCED,VOL2 § Vehicles and props + Ship 014 brief,Original design only; exact native/runtime mapping required,art_department/ships/art_ship_014/native_candidates/E-bonesworth_sword.png,bd5837a039f2f4efae42a5d3e2bf434a05571375481669aae49e8d4a0603bf9d,Native candidate only; not approved/frozen/runtime-integrated.
E-radio-playmakers,E,Rich Radio cover tile: PLAYMAKERS,NATIVE CANDIDATE — PRODUCED,VOL2 § Vehicles and props,small square phone tile; exact native contract pending Engineering,art_department/ships/art_ship_014/native_candidates/E-radio-playmakers.png,785cf2d6e3091626c384487e2b31cde5091cc86577cc7c33c80208a57ee8e908,Native candidate only; not approved/frozen/runtime-integrated.
E-radio-bloodbath,E,Rich Radio cover tile: BLOODBATH,NATIVE CANDIDATE — PRODUCED,VOL2 § Vehicles and props,small square phone tile; exact native contract pending Engineering,art_department/ships/art_ship_014/native_candidates/E-radio-bloodbath.png,7202f43afd7b03d3531bec8e3e97fc824a482430c7529796fe385798358f227f,Native candidate only; not approved/frozen/runtime-integrated.
E-radio-octopus_brain,E,Rich Radio cover tile: OCTOPUS BRAIN,NATIVE CANDIDATE — PRODUCED,VOL2 § Vehicles and props,small square phone tile; exact native contract pending Engineering,art_department/ships/art_ship_014/native_candidates/E-radio-octopus_brain.png,66c9aca692039cc382d189a9edb5a7a2e14ec5e14845197a36279c33fad3bedd,Native candidate only; not approved/frozen/runtime-integrated.
E-radio-montana,E,Rich Radio cover tile: MONTANA,NATIVE CANDIDATE — PRODUCED,VOL2 § Vehicles and props,small square phone tile; exact native contract pending Engineering,art_department/ships/art_ship_014/native_candidates/E-radio-montana.png,7ec947548624716784c3baf6fbcfd113c66f91b23198e857282eb8d722b2dc65,Native candidate only; not approved/frozen/runtime-integrated.
E-radio-shopping_addict,E,Rich Radio cover tile: SHOPPING ADDICT,NATIVE CANDIDATE — PRODUCED,VOL2 § Vehicles and props,small square phone tile; exact native contract pending Engineering,art_department/ships/art_ship_014/native_candidates/E-radio-shopping_addict.png,c95b69489571d5e5b88b3162b1481c826e576bb6828a51b5086311b95d63f468,Native candidate only; not approved/frozen/runtime-integrated.
E-cube,E,Dragon Maggi/Magi Cube presentation,CONDITIONAL — EXISTING ART MUST BE TESTED FIRST,VOL5 § Dragon Maggi Cube,24x24 binary alpha,assets/before_the_fame/props/dragon_maggi_cube/dragon_maggi_cube_24x24.png,48c7b3f4a866ddf2c94fdecbb7117a146a736d87e8c688aab8302bf995de45be,Frozen icon exists; spelling remains swappable and runtime surface is mapping-ambiguous.
F-prop-plant,F,Bedroom unlockable prop: plant,NATIVE CANDIDATE — PRODUCED,VOL5 § Dragon Maggi Cube and prop treatment,additive overlay preserving frozen bedroom base,art_department/ships/art_ship_014/native_candidates/F-prop-plant.png,cfa886bb3bc33593d5c7afa4ba6dc0975841eb356ab627b17a0ce9f7e012300a,Native candidate only; not approved/frozen/runtime-integrated.
F-prop-trippin_red_poster,F,Bedroom unlockable prop: trippin red poster,NATIVE CANDIDATE — PRODUCED,VOL5 § Dragon Maggi Cube and prop treatment,additive overlay preserving frozen bedroom base,art_department/ships/art_ship_014/native_candidates/F-prop-trippin_red_poster.png,185a4f50e28241155558c51e48f22a8c42a611f83e69993cd2a8e9de1a22f9ae,Native candidate only; not approved/frozen/runtime-integrated.
F-prop-rookoko_painting,F,Bedroom unlockable prop: rookoko painting,NATIVE CANDIDATE — PRODUCED,VOL5 § Dragon Maggi Cube and prop treatment,additive overlay preserving frozen bedroom base,art_department/ships/art_ship_014/native_candidates/F-prop-rookoko_painting.png,d5391f14735ca813920f4a5b688cd4823698350c734a0c512ab08d72eaf4f404,Native candidate only; not approved/frozen/runtime-integrated.
F-prop-jollof_trophy,F,Bedroom unlockable prop: jollof trophy,NATIVE CANDIDATE — PRODUCED,VOL5 § Dragon Maggi Cube and prop treatment,additive overlay preserving frozen bedroom base,art_department/ships/art_ship_014/native_candidates/F-prop-jollof_trophy.png,71370cd703c295e39bc915022e3fddfa28fcd43141308db93af3eccbf3528ed6,Native candidate only; not approved/frozen/runtime-integrated.
F-prop-duoqlo_bag,F,Bedroom unlockable prop: duoqlo bag,NATIVE CANDIDATE — PRODUCED,VOL5 § Dragon Maggi Cube and prop treatment,additive overlay preserving frozen bedroom base,art_department/ships/art_ship_014/native_candidates/F-prop-duoqlo_bag.png,71370cd703c295e39bc915022e3fddfa28fcd43141308db93af3eccbf3528ed6,Native candidate only; not approved/frozen/runtime-integrated.
F-prop-unused_cat_bed,F,Bedroom unlockable prop: unused cat bed,NATIVE CANDIDATE — PRODUCED,VOL5 § Dragon Maggi Cube and prop treatment,additive overlay preserving frozen bedroom base,art_department/ships/art_ship_014/native_candidates/F-prop-unused_cat_bed.png,71370cd703c295e39bc915022e3fddfa28fcd43141308db93af3eccbf3528ed6,Native candidate only; not approved/frozen/runtime-integrated.
F-prop-michigan_pennant,F,Bedroom unlockable prop: michigan pennant,NATIVE CANDIDATE — PRODUCED,VOL5 § Dragon Maggi Cube and prop treatment,additive overlay preserving frozen bedroom base,art_department/ships/art_ship_014/native_candidates/F-prop-michigan_pennant.png,ec832136d53be0680842d5aad16bc20c820768425f8786cafe30a0e21217d7c7,Native candidate only; not approved/frozen/runtime-integrated.
F-prop-waffle_mix_bag,F,Bedroom unlockable prop: waffle mix bag,NATIVE CANDIDATE — PRODUCED,VOL5 § Dragon Maggi Cube and prop treatment,additive overlay preserving frozen bedroom base,art_department/ships/art_ship_014/native_candidates/F-prop-waffle_mix_bag.png,71370cd703c295e39bc915022e3fddfa28fcd43141308db93af3eccbf3528ed6,Native candidate only; not approved/frozen/runtime-integrated.
F-company_system,F,company system,NATIVE CANDIDATE — PRODUCED,VOL2 bedroom conditions + VOL5 weather,additive overlay/state; preserve frozen bedroom base,art_department/ships/art_ship_014/native_candidates/F-company_system.png,71370cd703c295e39bc915022e3fddfa28fcd43141308db93af3eccbf3528ed6,Native candidate only; not approved/frozen/runtime-integrated.
F-covered_companion,F,covered companion,NATIVE CANDIDATE — PRODUCED,VOL2 bedroom conditions + VOL5 weather,additive overlay/state; preserve frozen bedroom base,art_department/ships/art_ship_014/native_candidates/F-covered_companion.png,71370cd703c295e39bc915022e3fddfa28fcd43141308db93af3eccbf3528ed6,Native candidate only; not approved/frozen/runtime-integrated.
F-homie_floor,F,homie floor,NATIVE CANDIDATE — PRODUCED,VOL2 bedroom conditions + VOL5 weather,additive overlay/state; preserve frozen bedroom base,art_department/ships/art_ship_014/native_candidates/F-homie_floor.png,71370cd703c295e39bc915022e3fddfa28fcd43141308db93af3eccbf3528ed6,Native candidate only; not approved/frozen/runtime-integrated.
F-mazda_flyby,F,mazda flyby,NATIVE CANDIDATE — PRODUCED,VOL2 bedroom conditions + VOL5 weather,additive overlay/state; preserve frozen bedroom base,art_department/ships/art_ship_014/native_candidates/F-mazda_flyby.png,71370cd703c295e39bc915022e3fddfa28fcd43141308db93af3eccbf3528ed6,Native candidate only; not approved/frozen/runtime-integrated.
F-rain_night_window,F,rain night window,NATIVE CANDIDATE — PRODUCED,VOL2 bedroom conditions + VOL5 weather,additive overlay/state; preserve frozen bedroom base,art_department/ships/art_ship_014/native_candidates/F-rain_night_window.png,d89ba8a59786db5cabccbf9b984f38f170de2139a8008e99c8bfbf493c1934da,Native candidate only; not approved/frozen/runtime-integrated.
F-stars_night_sky,F,stars night sky,NATIVE CANDIDATE — PRODUCED,VOL2 bedroom conditions + VOL5 weather,additive overlay/state; preserve frozen bedroom base,art_department/ships/art_ship_014/native_candidates/F-stars_night_sky.png,fbc56aaf1168737ca35a134a61eeaadefcf63fcb5af63a5ed40aac1754159751,Native candidate only; not approved/frozen/runtime-integrated.
G-catacomb,G,Crowd condition: catacomb,FROZEN — COMPLETE,VOL2 § Crowds + Ship 011,exact-origin layer or mapped population placement,assets/before_the_fame/environments/catacomb/layers/catacomb_crowd_overlay_270x480.png,5468959ed5029d5202b09f2bc651f1b117d156a2fb1ea6b1acf6f72dda4bcd18,Ship 011 library has no runtime assignment; conditional entries require HQ/Engineering surface mapping.
G-hollow_bowl,G,Crowd condition: hollow bowl,FROZEN — COMPLETE,VOL2 § Crowds + Ship 011,exact-origin layer or mapped population placement,assets/before_the_fame/environments/hollow_bowl/layers/hollow_bowl_crowd_overlay_270x480.png,8821c902ca448f3222f3d28f5f32cddafbd95b607a08bf48e73254cc4d7665d1,Ship 011 library has no runtime assignment; conditional entries require HQ/Engineering surface mapping.
G-duchess_soiree,G,Crowd condition: duchess soiree,FROZEN — COMPLETE,VOL2 § Crowds + Ship 011,exact-origin layer or mapped population placement,assets/before_the_fame/environments/duchess_castle/layers/duchess_reception_crowd_overlay_270x480.png,e28c5c9882ac51ee3f7a5d12480c9f59e83b48552c8f6413606c35a6937b0d7e,Ship 011 library has no runtime assignment; conditional entries require HQ/Engineering surface mapping.
G-castle_party,G,Crowd condition: castle party,CONDITIONAL — EXISTING ART MUST BE TESTED FIRST,VOL2 § Crowds + Ship 011,exact-origin layer or mapped population placement,assets/before_the_fame/population/nightlife/nightlife_dense_cluster_144x96.png,ba12f4f3c2224f4cbb9a78ea42a85df113aaa351d07eda8279d4ced501cd6024,Ship 011 library has no runtime assignment; conditional entries require HQ/Engineering surface mapping.
G-grave,G,Crowd condition: grave,CONDITIONAL — EXISTING ART MUST BE TESTED FIRST,VOL2 § Crowds + Ship 011,exact-origin layer or mapped population placement,assets/before_the_fame/population/nightlife/nightlife_queue_pair_112x96.png,55b5eecb42fdfc6dca4493248cdf466a3b8f08c707165ed9243d73a03ca57190,Ship 011 library has no runtime assignment; conditional entries require HQ/Engineering surface mapping.
G-trippin-crowd,G,Trippin' Red large concert crowd requirement,FROZEN — REUSE SATISFIES REQUIREMENT,VOL2/VOL5; Hollow Bowl frozen crowd layers,270x480 exact origin,assets/before_the_fame/environments/hollow_bowl/layers/hollow_bowl_stage_band_crowd_overlay_270x480.png,fb0dd0b070818db692999ed285d761d985f3dad66bc1e3ae4442425f2e8b846a,
G-env-catacomb_dead,G,Historically listed environment id: catacomb_dead,MAPPING / ENGINEERING DECISION,CURRENT_OPEN_ART_GAPS + Ship 014 environment rule,,,,No current census surface; generate only after live-surface proof. LA sky night-flight frozen master may satisfy ocean-flight beat only after mapping decision.
G-env-ocean_night_flight,G,Historically listed environment id: ocean_night_flight,FROZEN — REUSE SATISFIES REQUIREMENT,CURRENT_OPEN_ART_GAPS + Ship 014 environment rule,,assets/before_the_fame/environments/la_sky/la_sky_night_flight_270x480.png,,VOL5 ocean-flight beat maps directly to the frozen LA night-flight master.
G-env-halloween,G,Historically listed environment id: halloween,MAPPING / ENGINEERING DECISION,CURRENT_OPEN_ART_GAPS + Ship 014 environment rule,,,,No current census surface; generate only after live-surface proof. LA sky night-flight frozen master may satisfy ocean-flight beat only after mapping decision.
H-hatch,H,Full UI treatment: HATCH,NATIVE CANDIDATE — PRODUCED,VOL2/VOL5 UI surfaces + Ship 014 brief,Art visual asset; Engineering owns behavior/layout. Native phone contract must be confirmed.,art_department/ships/art_ship_014/native_candidates/H-hatch.png,94253839eb58fb961227085f7dc31109b98d40f01599caaeae14be61e19378bf,Native candidate only; not approved/frozen/runtime-integrated.
H-touge,H,Full UI treatment: TOUGE,NATIVE CANDIDATE — PRODUCED,VOL2/VOL5 UI surfaces + Ship 014 brief,Art visual asset; Engineering owns behavior/layout. Native phone contract must be confirmed.,art_department/ships/art_ship_014/native_candidates/H-touge.png,d080772695d54cc5c2336fb304654d5cdeac6a3acc9c3c053887cd16daa8d82d,Native candidate only; not approved/frozen/runtime-integrated.
H-pier,H,Full UI treatment: PIER,NATIVE CANDIDATE — PRODUCED,VOL2/VOL5 UI surfaces + Ship 014 brief,Art visual asset; Engineering owns behavior/layout. Native phone contract must be confirmed.,art_department/ships/art_ship_014/native_candidates/H-pier.png,f5130ccea5666660415445b7501b0714d4714a3863813dcef763edc4d8d8e08f,Native candidate only; not approved/frozen/runtime-integrated.
H-bars,H,Full UI treatment: BARS,NATIVE CANDIDATE — PRODUCED,VOL2/VOL5 UI surfaces + Ship 014 brief,Art visual asset; Engineering owns behavior/layout. Native phone contract must be confirmed.,art_department/ships/art_ship_014/native_candidates/H-bars.png,791dc23f18ae8484ed48fb296849afc2f3a2436d18aaca8a6bf1ed898c870650,Native candidate only; not approved/frozen/runtime-integrated.
H-rich_radio,H,Full UI treatment: RICH RADIO,NATIVE CANDIDATE — PRODUCED,VOL2/VOL5 UI surfaces + Ship 014 brief,Art visual asset; Engineering owns behavior/layout. Native phone contract must be confirmed.,art_department/ships/art_ship_014/native_candidates/H-rich_radio.png,5f22bad37b47d3209752e8da5a9b9f68911f8fb9f6917148e716879fc019e92a,Native candidate only; not approved/frozen/runtime-integrated.
H-what_we_on,H,Full UI treatment: WHAT WE ON,NATIVE CANDIDATE — PRODUCED,VOL2/VOL5 UI surfaces + Ship 014 brief,Art visual asset; Engineering owns behavior/layout. Native phone contract must be confirmed.,art_department/ships/art_ship_014/native_candidates/H-what_we_on.png,4a95eae485e2d96cb2fdd2737747819c67fa703ed162c64c0d087ad030599799,Native candidate only; not approved/frozen/runtime-integrated.
H-blood_bank_bill,H,Full UI treatment: Blood Bank bill,NATIVE CANDIDATE — PRODUCED,VOL2/VOL5 UI surfaces + Ship 014 brief,Art visual asset; Engineering owns behavior/layout. Native phone contract must be confirmed.,art_department/ships/art_ship_014/native_candidates/H-blood_bank_bill.png,df2c4826c14afc711490b2801439ab274c90d554c6ac1f809eaf6b61b14216d0,Native candidate only; not approved/frozen/runtime-integrated.
H-vehicle_listing_cards,H,Full UI treatment: vehicle listing cards,NATIVE CANDIDATE — PRODUCED,VOL2/VOL5 UI surfaces + Ship 014 brief,Art visual asset; Engineering owns behavior/layout. Native phone contract must be confirmed.,art_department/ships/art_ship_014/native_candidates/H-vehicle_listing_cards.png,8e4cc7d9efaaeeb424224593459f5975e71597096fa239f62decdf618bc2d05c,Native candidate only; not approved/frozen/runtime-integrated.
H-receipts,H,Full UI treatment: RECEIPTS,NATIVE CANDIDATE — PRODUCED,VOL2/VOL5 UI surfaces + Ship 014 brief,Art visual asset; Engineering owns behavior/layout. Native phone contract must be confirmed.,art_department/ships/art_ship_014/native_candidates/H-receipts.png,e934f6b84b558e0117c8b4719e7ff6bca1c57171928665e3be5528962051e3aa,Native candidate only; not approved/frozen/runtime-integrated.
H-jollof_wars,H,Minigame visual treatment: JOLLOF WARS,NATIVE CANDIDATE — PRODUCED,VOL5 § UI and minigame surfaces,Current runtime canvas dimensions/layout must be used; no behavior changes,art_department/ships/art_ship_014/native_candidates/H-jollof_wars.png,8a5f4c276fdc1b77a85f5da356858c55d9a7a09788b6b00b6332b6203e2d0256,Native candidate only; not approved/frozen/runtime-integrated.
H-garage,H,Minigame visual treatment: GARAGE,NATIVE CANDIDATE — PRODUCED,VOL5 § UI and minigame surfaces,Current runtime canvas dimensions/layout must be used; no behavior changes,art_department/ships/art_ship_014/native_candidates/H-garage.png,959cecb22f02e16f51ae22cd77d7993fd59760e3dea94445cc3023b7f55d6a18,Native candidate only; not approved/frozen/runtime-integrated.
H-hookah_rings,H,Minigame visual treatment: HOOKAH RINGS,NATIVE CANDIDATE — PRODUCED,VOL5 § UI and minigame surfaces,Current runtime canvas dimensions/layout must be used; no behavior changes,art_department/ships/art_ship_014/native_candidates/H-hookah_rings.png,765895601826735479bfb794013d576141d9d24eb7d034eca6158fd3ab29bdda,Native candidate only; not approved/frozen/runtime-integrated.
H-pickup,H,Minigame visual treatment: PICKUP,NATIVE CANDIDATE — PRODUCED,VOL5 § UI and minigame surfaces,Current runtime canvas dimensions/layout must be used; no behavior changes,art_department/ships/art_ship_014/native_candidates/H-pickup.png,51322a3696b0b503479be6dcff69518763605d728619e6bb13a3402216e8b08d,Native candidate only; not approved/frozen/runtime-integrated.
SEALED,SOURCE,All SEALED/HQ-only visual requirements,SEALED / DO NOT TOUCH,HQ production boundary,,,,"Not inspected, enumerated, summarized, or exposed."
A-kiki-date,A,kiki: date,NATIVE CANDIDATE — PRODUCED,VOL2 OPEN exact state card,"80x96 binary-alpha sprite; contact (40,88)",art_department/ships/art_ship_014/native_candidates/A-kiki-date.png,89380655dc2ea2a69504df2e3040bfea8a6a89333f41400c733688f8cb98bb02,Native candidate only; not approved/frozen/runtime-integrated.
A-kiki-laughing,A,kiki: laughing,NATIVE CANDIDATE — PRODUCED,VOL2 OPEN exact state card,"80x96 binary-alpha sprite; contact (40,88)",art_department/ships/art_ship_014/native_candidates/A-kiki-laughing.png,c82b854c2ebb65d912e8b7d345ab583f2c880378df711263624cf6ad60c2387b,Native candidate only; not approved/frozen/runtime-integrated.
A-kiki-bedroom_company,A,kiki: bedroom company,NATIVE CANDIDATE — PRODUCED,VOL2 OPEN exact state card,"80x96 binary-alpha sprite; contact (40,88)",art_department/ships/art_ship_014/native_candidates/A-kiki-bedroom_company.png,350b72adff7135359a05ada692ba85f7183136995f270eea8d363c3bddd8865a,Native candidate only; not approved/frozen/runtime-integrated.
A-nneka-handing_bill,A,nneka: handing bill,NATIVE CANDIDATE — PRODUCED,VOL2 OPEN exact state card,"80x96 binary-alpha sprite; contact (40,88)",art_department/ships/art_ship_014/native_candidates/A-nneka-handing_bill.png,491ad1d0557986aa66fba19fb2cfae266c2dd4ba1b132ae5b6b25ee6697640f0,Native candidate only; not approved/frozen/runtime-integrated.
A-nneka-date,A,nneka: date,NATIVE CANDIDATE — PRODUCED,VOL2 OPEN exact state card,"80x96 binary-alpha sprite; contact (40,88)",art_department/ships/art_ship_014/native_candidates/A-nneka-date.png,1d3e5a3c2ce7012f10f64f0887628ac38d84d73f7b2c8cb45d56b0ec87623edf,Native candidate only; not approved/frozen/runtime-integrated.
A-nneka-bedroom_company,A,nneka: bedroom company,NATIVE CANDIDATE — PRODUCED,VOL2 OPEN exact state card,"80x96 binary-alpha sprite; contact (40,88)",art_department/ships/art_ship_014/native_candidates/A-nneka-bedroom_company.png,afcaf2016885341633e319522508e35a29d6b0b74ede1e44b3f2bbcb92f84aac,Native candidate only; not approved/frozen/runtime-integrated.
A-pinky-neutral,A,pinky: neutral,NATIVE CANDIDATE — PRODUCED,VOL2 OPEN exact state card,"80x96 binary-alpha sprite; contact (40,88)",art_department/ships/art_ship_014/native_candidates/A-pinky-neutral.png,ce8cb2b12f2f85730fb637f3bb751c3876fce8747a38a2ba28021e7bcea1925d,Native candidate only; not approved/frozen/runtime-integrated.
A-pinky-impressed,A,pinky: impressed,NATIVE CANDIDATE — PRODUCED,VOL2 OPEN exact state card,"80x96 binary-alpha sprite; contact (40,88)",art_department/ships/art_ship_014/native_candidates/A-pinky-impressed.png,0dd5b3be3c74951072c3615910bf4235bb5abb139c5d2067e65e8f4ed721992c,Native candidate only; not approved/frozen/runtime-integrated.
A-pinky-date,A,pinky: date,NATIVE CANDIDATE — PRODUCED,VOL2 OPEN exact state card,"80x96 binary-alpha sprite; contact (40,88)",art_department/ships/art_ship_014/native_candidates/A-pinky-date.png,5fb1fca87bb9133feda0f62857f081a694ee96620af6d6f0c251bdec2c9ac597,Native candidate only; not approved/frozen/runtime-integrated.
A-pinky-bedroom_company,A,pinky: bedroom company,NATIVE CANDIDATE — PRODUCED,VOL2 OPEN exact state card,"80x96 binary-alpha sprite; contact (40,88)",art_department/ships/art_ship_014/native_candidates/A-pinky-bedroom_company.png,6de7455f3ee20a6e2fb53f96d22054c8e9ad2b80d5a21e6e8a06337a2ea7eb6b,Native candidate only; not approved/frozen/runtime-integrated.
A-moonie-date,A,moonie: date,NATIVE CANDIDATE — PRODUCED,VOL2 OPEN exact state card,"80x96 binary-alpha sprite; contact (40,88)",art_department/ships/art_ship_014/native_candidates/A-moonie-date.png,ba4f74142550086ba0f068f89287d87db679ffa96c277e2ebc3b67bfec125d3f,Native candidate only; not approved/frozen/runtime-integrated.
A-moonie-bedroom_company,A,moonie: bedroom company,NATIVE CANDIDATE — PRODUCED,VOL2 OPEN exact state card,"80x96 binary-alpha sprite; contact (40,88)",art_department/ships/art_ship_014/native_candidates/A-moonie-bedroom_company.png,72252a78a61cb316b5aceeaf2f6b68fca533e14d6da5e07f2026000464268536,Native candidate only; not approved/frozen/runtime-integrated.
A-kaede-ceiling_drop,A,kaede: ceiling drop,NATIVE CANDIDATE — PRODUCED,VOL2 OPEN exact state card,"80x96 binary-alpha sprite; contact (40,88)",art_department/ships/art_ship_014/native_candidates/A-kaede-ceiling_drop.png,d7630acbab80959abcfc9eb67742ba842fab3749d831590e0fddcb9d2a335c8f,Native candidate only; not approved/frozen/runtime-integrated.
A-kaede-date,A,kaede: date,NATIVE CANDIDATE — PRODUCED,VOL2 OPEN exact state card,"80x96 binary-alpha sprite; contact (40,88)",art_department/ships/art_ship_014/native_candidates/A-kaede-date.png,e26696f76b3089ae795beff77c9d746674767a6fb332639371d19c493a09aaff,Native candidate only; not approved/frozen/runtime-integrated.
A-kaede-bedroom_company,A,kaede: bedroom company,NATIVE CANDIDATE — PRODUCED,VOL2 OPEN exact state card,"80x96 binary-alpha sprite; contact (40,88)",art_department/ships/art_ship_014/native_candidates/A-kaede-bedroom_company.png,0bdcc133b1aebba607446b6bc56d8c2a5314cab1d221bd26eeb7dd4177d14bd7,Native candidate only; not approved/frozen/runtime-integrated.
A-wispa-wave,A,wispa: wave,NATIVE CANDIDATE — PRODUCED,VOL2 OPEN exact state card,"80x96 binary-alpha sprite; contact (40,88)",art_department/ships/art_ship_014/native_candidates/A-wispa-wave.png,9d49ee61c537b1da8a3cfd23493d5f646c2b3fe058fc46a79fb650694116f694,Native candidate only; not approved/frozen/runtime-integrated.
A-wispa-date,A,wispa: date,NATIVE CANDIDATE — PRODUCED,VOL2 OPEN exact state card,"80x96 binary-alpha sprite; contact (40,88)",art_department/ships/art_ship_014/native_candidates/A-wispa-date.png,4268a0a09f81e17e268184bddbbfc334c9cf414239c8f18e116b656e2d1b323f,Native candidate only; not approved/frozen/runtime-integrated.
A-tasha-stage_rush,A,tasha: stage rush,NATIVE CANDIDATE — PRODUCED,VOL2 OPEN exact state card,"80x96 binary-alpha sprite; contact (40,88)",art_department/ships/art_ship_014/native_candidates/A-tasha-stage_rush.png,a92cae62cbba7204ad2d8bc3d51bf5efb41d8f6f11214f617400445091ae87cb,Native candidate only; not approved/frozen/runtime-integrated.
A-tasha-date,A,tasha: date,NATIVE CANDIDATE — PRODUCED,VOL2 OPEN exact state card,"80x96 binary-alpha sprite; contact (40,88)",art_department/ships/art_ship_014/native_candidates/A-tasha-date.png,7a9e7892fd54af55dca2d83db326f54d9120de82c0a73d1dadca14e240760b02,Native candidate only; not approved/frozen/runtime-integrated.
A-tasha-bedroom_company,A,tasha: bedroom company,NATIVE CANDIDATE — PRODUCED,VOL2 OPEN exact state card,"80x96 binary-alpha sprite; contact (40,88)",art_department/ships/art_ship_014/native_candidates/A-tasha-bedroom_company.png,56b12787f23f006e78a3fa9fddf996d9eedb998ffd23ebc1009d13c3dbf86ad9,Native candidate only; not approved/frozen/runtime-integrated.
A-marisol-disapproving,A,marisol: disapproving,NATIVE CANDIDATE — PRODUCED,VOL2 OPEN exact state card,"80x96 binary-alpha sprite; contact (40,88)",art_department/ships/art_ship_014/native_candidates/A-marisol-disapproving.png,32e1b7f7092bbfd3794c039d7a8792f976cf2eab18e07ceec9299f968fe84340,Native candidate only; not approved/frozen/runtime-integrated.
A-marisol-date,A,marisol: date,NATIVE CANDIDATE — PRODUCED,VOL2 OPEN exact state card,"80x96 binary-alpha sprite; contact (40,88)",art_department/ships/art_ship_014/native_candidates/A-marisol-date.png,44a6369cdde23d39991ce2389e45d589eb6100e6e8668bcace3dc597fa367c8a,Native candidate only; not approved/frozen/runtime-integrated.
A-duchess-unimpressed,A,duchess: unimpressed,NATIVE CANDIDATE — PRODUCED,VOL2 OPEN exact state card,"80x96 binary-alpha sprite; contact (40,88)",art_department/ships/art_ship_014/native_candidates/A-duchess-unimpressed.png,df11681d857f17f47c5ab13207fad962be06bfebfc2a7af4c1d43ddf43ddafdb,Native candidate only; not approved/frozen/runtime-integrated.
A-duchess-impressed,A,duchess: impressed,NATIVE CANDIDATE — PRODUCED,VOL2 OPEN exact state card,"80x96 binary-alpha sprite; contact (40,88)",art_department/ships/art_ship_014/native_candidates/A-duchess-impressed.png,ca39fbdb381b7fbabbd20776716138eb9945a5f00acd7f6c5591ff1eecd6e6d0,Native candidate only; not approved/frozen/runtime-integrated.
A-duchess-bedroom_company,A,duchess: bedroom company,NATIVE CANDIDATE — PRODUCED,VOL2 OPEN exact state card,"80x96 binary-alpha sprite; contact (40,88)",art_department/ships/art_ship_014/native_candidates/A-duchess-bedroom_company.png,ac0a5afc6f520b0c9d9aee2b1b8704769e0106687787487ed378775974d68912,Native candidate only; not approved/frozen/runtime-integrated.
A-nightshade-casting,A,nightshade: casting,NATIVE CANDIDATE — PRODUCED,VOL2 OPEN exact state card,"80x96 binary-alpha sprite; contact (40,88)",art_department/ships/art_ship_014/native_candidates/A-nightshade-casting.png,5535b95e458492534ba450834aa535eecd82556680820c91062d3cb19a0f9105,Native candidate only; not approved/frozen/runtime-integrated.
A-nightshade-date,A,nightshade: date,NATIVE CANDIDATE — PRODUCED,VOL2 OPEN exact state card,"80x96 binary-alpha sprite; contact (40,88)",art_department/ships/art_ship_014/native_candidates/A-nightshade-date.png,75f1d72649bf82f38a2541987b2e058135b42eec843d4a9b93120a81ec073e8b,Native candidate only; not approved/frozen/runtime-integrated.
A-emberly-date,A,emberly: date,NATIVE CANDIDATE — PRODUCED,VOL2 OPEN exact state card,"80x96 binary-alpha sprite; contact (40,88)",art_department/ships/art_ship_014/native_candidates/A-emberly-date.png,2c26617c7938c943f08114fdb7920bd4749d97322aaa2b66f53cf86e115cfcb7,Native candidate only; not approved/frozen/runtime-integrated.
A-emberly-bedroom_company,A,emberly: bedroom company,NATIVE CANDIDATE — PRODUCED,VOL2 OPEN exact state card,"80x96 binary-alpha sprite; contact (40,88)",art_department/ships/art_ship_014/native_candidates/A-emberly-bedroom_company.png,cdb56c015ce151ccc5efe674f443bf7eb0b3909ec7697a95d067665229a71d5c,Native candidate only; not approved/frozen/runtime-integrated.
A-jade-impressed,A,jade: impressed,NATIVE CANDIDATE — PRODUCED,VOL2 OPEN exact state card,"80x96 binary-alpha sprite; contact (40,88)",art_department/ships/art_ship_014/native_candidates/A-jade-impressed.png,7941c45ba2520e7fb6e786d0e98157a954755066b8fb644a8aeb1e0a9fab1020,Native candidate only; not approved/frozen/runtime-integrated.
A-lo-date,A,lo: date,NATIVE CANDIDATE — PRODUCED,VOL2 OPEN exact state card,"80x96 binary-alpha sprite; contact (40,88)",art_department/ships/art_ship_014/native_candidates/A-lo-date.png,09de2f2f7b1b7a9255d5eaf4b6cca95b957d0e48b6e97a888c9da625643d8ba0,Native candidate only; not approved/frozen/runtime-integrated.
A-brenda-gossiping,A,brenda: gossiping,NATIVE CANDIDATE — PRODUCED,VOL2 OPEN exact state card,"80x96 binary-alpha sprite; contact (40,88)",art_department/ships/art_ship_014/native_candidates/A-brenda-gossiping.png,85c57402b2d128fb11dcce5564ea1794a51f55f54e3d1c567d5136e758ae3b16,Native candidate only; not approved/frozen/runtime-integrated.
A-brenda-date,A,brenda: date,NATIVE CANDIDATE — PRODUCED,VOL2 OPEN exact state card,"80x96 binary-alpha sprite; contact (40,88)",art_department/ships/art_ship_014/native_candidates/A-brenda-date.png,e8e450d8c31c3fd98cacfbc9c0b31c8f1a3213d1f956f4e493f42b98ef1eea26,Native candidate only; not approved/frozen/runtime-integrated.
A-hina-smug,A,hina: smug,NATIVE CANDIDATE — PRODUCED,VOL2 OPEN exact state card,"80x96 binary-alpha sprite; contact (40,88)",art_department/ships/art_ship_014/native_candidates/A-hina-smug.png,fd02e077de4c5c20e6afdc26c53ade74ce5e69356b5c7f1a6547546c0e59b3a1,Native candidate only; not approved/frozen/runtime-integrated.
A-hina-date,A,hina: date,NATIVE CANDIDATE — PRODUCED,VOL2 OPEN exact state card,"80x96 binary-alpha sprite; contact (40,88)",art_department/ships/art_ship_014/native_candidates/A-hina-date.png,578253e854d7ec5519ef913aedc6d4751faa0896a04f410538c5af12213ddd70,Native candidate only; not approved/frozen/runtime-integrated.
A-bunmi-date,A,bunmi: date,NATIVE CANDIDATE — PRODUCED,VOL2 OPEN exact state card,"80x96 binary-alpha sprite; contact (40,88)",art_department/ships/art_ship_014/native_candidates/A-bunmi-date.png,ca34ff57b8b0479aa6d21a752e642cc3a3ca352e0b6b0cd76f30d6ee56fabcb8,Native candidate only; not approved/frozen/runtime-integrated.
A-bunmi-bedroom_company,A,bunmi: bedroom company,NATIVE CANDIDATE — PRODUCED,VOL2 OPEN exact state card,"80x96 binary-alpha sprite; contact (40,88)",art_department/ships/art_ship_014/native_candidates/A-bunmi-bedroom_company.png,2543d7e0c5d8bc73dc30acd906e6c44f8c6d8209f56f4c4960f8374891732521,Native candidate only; not approved/frozen/runtime-integrated.
A-velvet-date,A,velvet: date,NATIVE CANDIDATE — PRODUCED,VOL2 OPEN exact state card,"80x96 binary-alpha sprite; contact (40,88)",art_department/ships/art_ship_014/native_candidates/A-velvet-date.png,3684f2aa094e4ee9f08371cf069010fb6643ddd3d74b66359a193780dedefbfc,Native candidate only; not approved/frozen/runtime-integrated.
E-gun-lil_oga-case,E,LIL OGA: armory case icon,NATIVE CANDIDATE — PRODUCED,OPEN corpus,48x32 binary-alpha prop,art_department/ships/art_ship_014/native_candidates/E-gun-lil_oga-case.png,a72e2183a804615da49580894d160eb331b928ebeb9ecd128e516edc11339a65,Native candidate only; not approved/frozen/runtime-integrated.
E-gun-lil_oga-held,E,LIL OGA: combat-held art,NATIVE CANDIDATE — PRODUCED,OPEN corpus,64x32 binary-alpha prop,art_department/ships/art_ship_014/native_candidates/E-gun-lil_oga-held.png,ee687c9958c9bf0991fad6359c95938c57893ea4b982d72fdcb25c68394e9821,Native candidate only; not approved/frozen/runtime-integrated.
E-gun-sapporo_shotgun-case,E,SAPPORO SHOTGUN: armory case icon,NATIVE CANDIDATE — PRODUCED,OPEN corpus,48x32 binary-alpha prop,art_department/ships/art_ship_014/native_candidates/E-gun-sapporo_shotgun-case.png,0ec1b60293fe250d9f15ac47c17df231514aef82bf46d322aefa1421e93d225b,Native candidate only; not approved/frozen/runtime-integrated.
E-gun-sapporo_shotgun-held,E,SAPPORO SHOTGUN: combat-held art,NATIVE CANDIDATE — PRODUCED,OPEN corpus,64x32 binary-alpha prop,art_department/ships/art_ship_014/native_candidates/E-gun-sapporo_shotgun-held.png,8cf2f4d7a1d51633a1834a8b027c96e3692a1b13dcdcfdfe3052eed03fc80333,Native candidate only; not approved/frozen/runtime-integrated.
E-gun-chopstick_sniper-case,E,CHOPSTICK SNIPER: armory case icon,NATIVE CANDIDATE — PRODUCED,OPEN corpus,48x32 binary-alpha prop,art_department/ships/art_ship_014/native_candidates/E-gun-chopstick_sniper-case.png,3e7d9d5d847b20321ca518bbfaa4c95fcd1053e9757b1754bd091faa66c6a9d7,Native candidate only; not approved/frozen/runtime-integrated.
E-gun-chopstick_sniper-held,E,CHOPSTICK SNIPER: combat-held art,NATIVE CANDIDATE — PRODUCED,OPEN corpus,64x32 binary-alpha prop,art_department/ships/art_ship_014/native_candidates/E-gun-chopstick_sniper-held.png,7818f70ad0ac386b74a174633969ce653d4fd8f8509a87759d1f2dbd0af6f233,Native candidate only; not approved/frozen/runtime-integrated.
E-gun-holy_baby_drake-case,E,HOLY BABY DRAKE: armory case icon,NATIVE CANDIDATE — PRODUCED,OPEN corpus,48x32 binary-alpha prop,art_department/ships/art_ship_014/native_candidates/E-gun-holy_baby_drake-case.png,6d05bc3ffea6866a0b86c00502513d36bebc3dd5918a05d36b7f6eec94e1873a,Native candidate only; not approved/frozen/runtime-integrated.
E-gun-holy_baby_drake-held,E,HOLY BABY DRAKE: combat-held art,NATIVE CANDIDATE — PRODUCED,OPEN corpus,64x32 binary-alpha prop,art_department/ships/art_ship_014/native_candidates/E-gun-holy_baby_drake-held.png,23319843924f8ce397ee4198e9c24f51591de03b10cc54d8ad378dca83a82c2c,Native candidate only; not approved/frozen/runtime-integrated.
E-gun-the_rpg-case,E,THE RPG: armory case icon,NATIVE CANDIDATE — PRODUCED,OPEN corpus,48x32 binary-alpha prop,art_department/ships/art_ship_014/native_candidates/E-gun-the_rpg-case.png,74f03d646fc7e98c6f548131ef7902fef2ab3a7f3dea8a7dead1d073b34392d1,Native candidate only; not approved/frozen/runtime-integrated.
E-gun-the_rpg-held,E,THE RPG: combat-held art,NATIVE CANDIDATE — PRODUCED,OPEN corpus,64x32 binary-alpha prop,art_department/ships/art_ship_014/native_candidates/E-gun-the_rpg-held.png,637ac90204f7388b8f910711e907c8858ffb9c2f0a1f8a5e38a9912923b789bc,Native candidate only; not approved/frozen/runtime-integrated.
A-dragoon-silhouette,A,Dragoon silhouette,NATIVE CANDIDATE — PRODUCED,OPEN corpus,"80x96 binary-alpha silhouette; contact (40,88)",art_department/ships/art_ship_014/native_candidates/A-dragoon-silhouette.png,e402694e8bbddbd28c2f3c64781d363553d72a1c729b38f024bab6f8f2cd5d04,Native candidate only; not approved/frozen/runtime-integrated.
C-common-silver_grunt-held,C,Common fish: silver grunt — held version,NATIVE CANDIDATE — PRODUCED,OPEN corpus,48x24 binary-alpha held prop,art_department/ships/art_ship_014/native_candidates/C-common-silver_grunt-held.png,a729cf84b8472d5de7cc2977ec269f540f68445d26ce62565a6edab9068d1a6b,Native candidate only; not approved/frozen/runtime-integrated.
C-common-pier_perch-held,C,Common fish: pier perch — held version,NATIVE CANDIDATE — PRODUCED,OPEN corpus,48x24 binary-alpha held prop,art_department/ships/art_ship_014/native_candidates/C-common-pier_perch-held.png,739273a7b58800d6885543b40fa829678b3b766f0d6343a08c259e7bee844c8b,Native candidate only; not approved/frozen/runtime-integrated.
C-common-ugly_mackerel-held,C,Common fish: ugly mackerel — held version,NATIVE CANDIDATE — PRODUCED,OPEN corpus,48x24 binary-alpha held prop,art_department/ships/art_ship_014/native_candidates/C-common-ugly_mackerel-held.png,ad69854eb72c85efe193dfd0594c9d985adc68cb651beb9c4d9cc1a982dd2648,Native candidate only; not approved/frozen/runtime-integrated.
E-fit-boughi_v_blazer,E,Fit inventory visual: Boughi-V blazer,NATIVE CANDIDATE — PRODUCED,VOL3 OPEN fits,32x32 binary-alpha inventory icon,art_department/ships/art_ship_014/native_candidates/E-fit-boughi_v_blazer.png,65301ed03aa95fee6dee1f1798820307eee2b3b923112e3a2b8aff48a439985b,Native candidate only; not approved/frozen/runtime-integrated.
E-fit-krada_shades,E,Fit inventory visual: Krada shades,NATIVE CANDIDATE — PRODUCED,VOL3 OPEN fits,32x32 binary-alpha inventory icon,art_department/ships/art_ship_014/native_candidates/E-fit-krada_shades.png,b0eafd4148ae36653e80d8b3b57f36b6a53dbb63e56d25eb98d711d93c3df4e1,Native candidate only; not approved/frozen/runtime-integrated.
E-fit-tradeya_hoes_chain,E,Fit inventory visual: Tradeya-Hoes chain,NATIVE CANDIDATE — PRODUCED,VOL3 OPEN fits,32x32 binary-alpha inventory icon,art_department/ships/art_ship_014/native_candidates/E-fit-tradeya_hoes_chain.png,4aac3bef0806060e9a5322ed32a14b38eed2f7fd1a4e366318ff7d6d7181126f,Native candidate only; not approved/frozen/runtime-integrated.
E-fit-black_leather_trench,E,Fit inventory visual: black leather trench,NATIVE CANDIDATE — PRODUCED,VOL3 OPEN fits,32x32 binary-alpha inventory icon,art_department/ships/art_ship_014/native_candidates/E-fit-black_leather_trench.png,621577576475260ca8bdbea69906f738378c3a0865d613c979f881e851333cc5,Native candidate only; not approved/frozen/runtime-integrated.
E-fit-grave_hoodie,E,Fit inventory visual: Grave hoodie,NATIVE CANDIDATE — PRODUCED,VOL3 OPEN fits,32x32 binary-alpha inventory icon,art_department/ships/art_ship_014/native_candidates/E-fit-grave_hoodie.png,add7d01a3ebe8a0507f945cfd28017e047e36a0277ff4f8d78998daa1085192a,Native candidate only; not approved/frozen/runtime-integrated.
E-fit-drift_sneakers,E,Fit inventory visual: drift sneakers,NATIVE CANDIDATE — PRODUCED,VOL3 OPEN fits,32x32 binary-alpha inventory icon,art_department/ships/art_ship_014/native_candidates/E-fit-drift_sneakers.png,c91e89701e03b04c748e6a6f1d4d490c9d181ec3b99a5332b8aa13fe129fb198,Native candidate only; not approved/frozen/runtime-integrated.
E-fit-church_shoes,E,Fit inventory visual: church shoes,NATIVE CANDIDATE — PRODUCED,VOL3 OPEN fits,32x32 binary-alpha inventory icon,art_department/ships/art_ship_014/native_candidates/E-fit-church_shoes.png,ffdcf6686d7af869b9624442c6707ffd446a24242e59c7ea92aa5b0c5bd194b0,Native candidate only; not approved/frozen/runtime-integrated.
E-fit-slides,E,Fit inventory visual: slides,NATIVE CANDIDATE — PRODUCED,VOL3 OPEN fits,32x32 binary-alpha inventory icon,art_department/ships/art_ship_014/native_candidates/E-fit-slides.png,132b35f6c6758456f3a608c674e4a889119ea4c411a19168834537d5546afa3d,Native candidate only; not approved/frozen/runtime-integrated.
E-item-sapporo,E,Combat/item visual: Sapporo,NATIVE CANDIDATE — PRODUCED,VOL3 OPEN items,32x32 binary-alpha item icon,art_department/ships/art_ship_014/native_candidates/E-item-sapporo.png,b00134756a6b400e3797af13ed21698f0ed983e402f38b121faa70eeacb064b4,Native candidate only; not approved/frozen/runtime-integrated.
E-item-jollof_takeout,E,Combat/item visual: jollof takeout,NATIVE CANDIDATE — PRODUCED,VOL3 OPEN items,32x32 binary-alpha item icon,art_department/ships/art_ship_014/native_candidates/E-item-jollof_takeout.png,1e75cff42261a9db0b7ce3b2b6c0d160b840833dd49e01a4f08e46c79968de83,Native candidate only; not approved/frozen/runtime-integrated.
E-item-garlic_knots,E,Combat/item visual: garlic knots,NATIVE CANDIDATE — PRODUCED,VOL3 OPEN items,32x32 binary-alpha item icon,art_department/ships/art_ship_014/native_candidates/E-item-garlic_knots.png,711e8e3a272cf92812b83e29f0cd3c386bce010bc9cc25fea53829f9da492b70,Native candidate only; not approved/frozen/runtime-integrated.
E-item-boba,E,Combat/item visual: boba,NATIVE CANDIDATE — PRODUCED,VOL3 OPEN items,32x32 binary-alpha item icon,art_department/ships/art_ship_014/native_candidates/E-item-boba.png,3638f73ca990c7a9cda7d1bce908ecdb7b73faae81068d199b4d6d2d95eb4935,Native candidate only; not approved/frozen/runtime-integrated.
E-item-smelling_salts,E,Combat/item visual: smelling salts,NATIVE CANDIDATE — PRODUCED,VOL3 OPEN items,32x32 binary-alpha item icon,art_department/ships/art_ship_014/native_candidates/E-item-smelling_salts.png,863bf3ca075e746bc7daad99546a8d35522b52d0d03d5a087557cf975381c3cc,Native candidate only; not approved/frozen/runtime-integrated.
E-item-dragon_keef,E,Combat/item visual: dragon keef,NATIVE CANDIDATE — PRODUCED,VOL3 OPEN items,32x32 binary-alpha item icon,art_department/ships/art_ship_014/native_candidates/E-item-dragon_keef.png,ac09d96dc486bc87f04bab3660fa945857cb3c961feb50a7f703c33b7a7049d1,Native candidate only; not approved/frozen/runtime-integrated.
G-vol5-salon,G,Vol. 5 location master: salon,FROZEN — COMPLETE,VOL5 OPEN §11,270x480,assets/before_the_fame/environments/salon/twist_and_shout_salon_270x480.png,240e6a9244d27df5947624b47ee2e3a142bbca2405ea7be74cc5c7856be2e63a,
G-vol5-naija_mart,G,Vol. 5 location master: naija mart,FROZEN — COMPLETE,VOL5 OPEN §11,270x480,assets/before_the_fame/environments/naija_mart/naija_mart_interior_270x480.png,197b2a7e1793a7edec7d8d650ae09282a78c28f55d8c7c2eba3357693f748565,
G-vol5-naija_lot,G,Vol. 5 location master: naija lot,FROZEN — COMPLETE,VOL5 OPEN §11,270x480,assets/before_the_fame/environments/naija_lot/naija_mart_parking_lot_270x480.png,c8e46d74919eeb95e1edb89da3422cf1b17262b9fc273c5564d48d11270d05f4,
G-vol5-brunch,G,Vol. 5 location master: brunch,FROZEN — COMPLETE,VOL5 OPEN §11,270x480,assets/before_the_fame/environments/brunch/eggs_benedead_brunch_270x480.png,5bf2d7a132b820d62fe20cf3a603d32070a0f2f7ea2bdc62afb4a7ae92424396,
G-vol5-onsen,G,Vol. 5 location master: onsen,FROZEN — COMPLETE,VOL5 OPEN §11,270x480,assets/before_the_fame/environments/onsen/yu_and_me_onsen_270x480.png,78e02cbb6b58cc21c6499b36cb6cd94d3f34770b7a02364c011581c3482ed3c5,
G-vol5-little_tokyo,G,Vol. 5 location master: little tokyo,FROZEN — COMPLETE,VOL5 OPEN §11,270x480,assets/before_the_fame/environments/little_tokyo/little_tokyo_night_270x480.png,d15659b840e96e94d8478ec2d26efa85c0bf82f3e9cc2892c352e8ac3de33caa,
G-vol5-hollow_bowl,G,Vol. 5 location master: hollow bowl,FROZEN — COMPLETE,VOL5 OPEN §11,270x480,assets/before_the_fame/environments/hollow_bowl/hollow_bowl_night_270x480.png,19d098d6d70c7228db164a23c2551a301667055977010392d1ff1d9f8420aa30,
G-vol5-venice,G,Vol. 5 location master: venice,FROZEN — COMPLETE,VOL5 OPEN §11,270x480,assets/before_the_fame/environments/venice/venice_courts_night_270x480.png,6d8f23749069ce597b0dbbb91265c9e24da4566e21177665f2c520a245e0df35,
G-vol5-tristan_apt,G,Vol. 5 location master: tristan apt,FROZEN — COMPLETE,VOL5 OPEN §11,270x480,assets/before_the_fame/environments/tristan_apt/tristan_apartment_270x480.png,7ee376bbf15019ac0c1b86b99403cf16a154e37a50ecc373cf9cb2bbac735e9f,
G-vol5-gallery,G,Vol. 5 location master: gallery,FROZEN — COMPLETE,VOL5 OPEN §11,270x480,assets/before_the_fame/environments/gallery/rookoko_gallery_270x480.png,fdcfbfb68c83c0c9e7677bd95b4fed322d1f7af3023c857dae2b5de48b44f216,
G-vol5-waffle_haven,G,Vol. 5 location master: waffle haven,FROZEN — COMPLETE,VOL5 OPEN §11,270x480,assets/before_the_fame/environments/waffle_haven/waffle_haven_1am_270x480.png,572c9c1b3a45a639030140aa7daf2bfa8509d0c2acd05fd4eb815595ed2b85c9,
G-vol5-maul,G,Vol. 5 location master: maul,FROZEN — COMPLETE,VOL5 OPEN §11,270x480,assets/before_the_fame/environments/maul/maul_of_georgia_270x480.png,02dbe701b4bd5fad14d1127f9403e956c5ba89580dffaae47ddfceda6bc8d0bb,
G-vol5-lennox,G,Vol. 5 location master: lennox,FROZEN — COMPLETE,VOL5 OPEN §11,270x480,assets/before_the_fame/environments/lennox/lennox_scare_270x480.png,911128f91cc0a286b1cf0d2e79fd362117b9f2ff3a6bc4df66e49c6d53a0ab2a,
G-vol5-centennial,G,Vol. 5 location master: centennial,FROZEN — COMPLETE,VOL5 OPEN §11,270x480,assets/before_the_fame/environments/centennial/centennial_vampiric_park_270x480.png,6046b91576e548f878fe41372c7410913b5a006bbcd39377e044247cb58d16fd,
G-vol5-family_house,G,Vol. 5 location master: family house,FROZEN — COMPLETE,VOL5 OPEN §11,270x480,assets/before_the_fame/environments/family_house/family_house_atl_kitchen_270x480.png,1e5394f975438e52b8cacff3a37f5e1b3842f6a9788136f1da513c9787a37edf,
G-vol5-kitchen,G,Vol. 5 location master: kitchen,FROZEN — COMPLETE,VOL5 OPEN §11,270x480,assets/before_the_fame/environments/kitchen/castle_kitchen_270x480.png,5f30a6257b785e266901bcf206e1deb829caf64af8ce77b3805a976103cd83a8,
G-vol5-movie_room,G,Vol. 5 location master: movie room,FROZEN — COMPLETE,VOL5 OPEN §11,270x480,assets/before_the_fame/environments/movie_room/castle_movie_room_270x480.png,e3fd09b81a3bed3173b1435d1b1efc8bd467ed84982e192ea901358b3b7c9560,
G-vol5-don_chuy_truck,G,Vol. 5 location master: don chuy truck,FROZEN — COMPLETE,VOL5 OPEN §11,270x480,assets/before_the_fame/environments/taco_truck/don_chuy_taco_truck_270x480.png,a0b694d79170a8cfe27ccad7f4c3d454faf7de46dc3d51cc9fcdb755c465d15a,
G-vol5-airport,G,Vol. 5 location master: HEARTSFELT-JACKSUN international airport,NATIVE CANDIDATE — PRODUCED,VOL5 OPEN §6/§11,270x480 binary-alpha/opaque environment master,art_department/ships/art_ship_014/native_candidates/G-vol5-airport.png,492597bf3d77f33d4be724516b86a18714fc65b92b16b1c2c65f83f34f6e88bb,Native candidate only; not approved/frozen/runtime-integrated.
G-vol5-duoqlo,G,Vol. 5 DUOQLO store treatment within The Grave,FROZEN — REUSE SATISFIES REQUIREMENT,VOL5 OPEN §6,270x480,assets/before_the_fame/environments/grave/grave_hub_night_270x480.png,b2919f7181268d83160231a803307e3afd0c35a1485396d1677440da1262ffbd,Store treatment maps into frozen Grave hub; no standalone environment master required.
